Date,Hour,Timestamp,Time,Slot_ID,Slot_Type,Zone,Status,Status_Code,System_Status,PARKING OCCUPANCY,Total_Cars_Today,Total_Revenue,Avg_Parking_Duration_Hour,Peak_Hour_KPI,Potential_Lost_Revenue,Slot_Turnover_Rate,Smart_Alert
7/15/2026,1,2026-07-15 01:48:59,01:48:59,Slot_01,Standard,Zone D,Free,0,Online,12.5,0,0,1.5,1,105.0,0.85,Low Occupancy - Many Spots Free
7/15/2026,1,2026-07-15 01:48:59,01:48:59,Slot_02,Standard,Zone D,Busy,1,Online,12.5,0,0,1.5,1,105.0,2.24,Low Occupancy - Many Spots Free
7/15/2026,1,2026-07-15 01:48:59,01:48:59,Slot_03,Standard,Zone D,Free,0,Online,12.5,0,0,1.5,1,105.0,0.82,Low Occupancy - Many Spots Free
7/15/2026,1,2026-07-15 01:48:59,01:48:59,Slot_04,Standard,Zone D,Free,0,Online,12.5,0,0,1.5,1,105.0,1.92,Low Occupancy - Many Spots Free
7/15/2026,1,2026-07-15 01:48:59,01:48:59,Slot_05,Standard,Zone C,Free,0,Online,12.5,0,0,1.5,1,105.0,1.5,Low Occupancy - Many Spots Free
7/15/2026,1,2026-07-15 01:48:59,01:48:59,Slot_06,Standard,Zone D,Free,0,Online,12.5,0,0,1.5,1,105.0,1.1,Low Occupancy - Many Spots Free
7/15/2026,1,2026-07-15 01:48:59,01:48:59,Slot_07,Standard,Zone C,Free,0,Online,12.5,0,0,1.5,1,105.0,2.2,Low Occupancy - Many Spots Free
7/15/2026,1,2026-07-15 01:48:59,01:48:59,Slot_08,Standard,Zone C,Free,0,Online,12.5,0,0,1.5,1,105.0,2.85,Low Occupancy - Many Spots Free
7/15/2026,1,2026-07-15 01:53:59,01:53:59,Slot_01,Standard,Zone D,Free,0,Online,12.5,0,0,1.5,1,105.0,2.38,Low Occupancy - Many Spots Free
7/15/2026,1,2026-07-15 01:53:59,01:53:59,Slot_02,Standard,Zone D,Busy,1,Online,12.5,0,0,1.5,1,105.0,2.81,Low Occupancy - Many Spots Free
7/15/2026,1,2026-07-15 01:53:59,01:53:59,Slot_03,Standard,Zone D,Free,0,Online,12.5,0,0,1.5,1,105.0,0.52,Low Occupancy - Many Spots Free
7/15/2026,1,2026-07-15 01:53:59,01:53:59,Slot_05,Standard,Zone C,Free,0,Online,12.5,0,0,1.5,1,105.0,1.67,Low Occupancy - Many Spots Free
7/15/2026,1,2026-07-15 01:53:59,01:53:59,Slot_04,Standard,Zone D,Free,0,Online,12.5,0,0,1.5,1,105.0,2.77,Low Occupancy - Many Spots Free
7/15/2026,1,2026-07-15 01:53:59,01:53:59,Slot_06,Standard,Zone D,Free,0,Online,12.5,0,0,1.5,1,105.0,0.52,Low Occupancy - Many Spots Free
7/15/2026,1,2026-07-15 01:53:59,01:53:59,Slot_07,Standard,Zone C,Free,0,Online,12.5,0,0,1.5,1,105.0,1.3,Low Occupancy - Many Spots Free
7/15/2026,1,2026-07-15 01:53:59,01:53:59,Slot_08,Standard,Zone C,Free,0,Online,12.5,0,0,1.5,1,105.0,2.93,Low Occupancy - Many Spots Free
7/15/2026,1,2026-07-15 01:58:59,01:58:59,Slot_01,Standard,Zone D,Free,0,Online,12.5,0,0,1.5,1,105.0,0.8,Low Occupancy - Many Spots Free
7/15/2026,1,2026-07-15 01:58:59,01:58:59,Slot_02,Standard,Zone D,Busy,1,Online,12.5,0,0,1.5,1,105.0,1.47,Low Occupancy - Many Spots Free
7/15/2026,1,2026-07-15 01:58:59,01:58:59,Slot_03,Standard,Zone D,Free,0,Online,12.5,0,0,1.5,1,105.0,2.06,Low Occupancy - Many Spots Free
7/15/2026,1,2026-07-15 01:58:59,01:58:59,Slot_04,Standard,Zone D,Free,0,Online,12.5,0,0,1.5,1,105.0,0.92,Low Occupancy - Many Spots Free
7/15/2026,1,2026-07-15 01:58:59,01:58:59,Slot_05,Standard,Zone C,Free,0,Online,12.5,0,0,1.5,1,105.0,1.3,Low Occupancy - Many Spots Free
7/15/2026,1,2026-07-15 01:58:59,01:58:59,Slot_06,Standard,Zone D,Free,0,Online,12.5,0,0,1.5,1,105.0,1.79,Low Occupancy - Many Spots Free
7/15/2026,1,2026-07-15 01:58:59,01:58:59,Slot_07,Standard,Zone C,Free,0,Online,12.5,0,0,1.5,1,105.0,0.52,Low Occupancy - Many Spots Free
7/15/2026,1,2026-07-15 01:58:59,01:58:59,Slot_08,Standard,Zone C,Free,0,Online,12.5,0,0,1.5,1,105.0,1.02,Low Occupancy - Many Spots Free
7/15/2026,2,2026-07-15 02:03:59,02:03:59,Slot_01,Standard,Zone D,Free,0,Online,12.5,0,0,1.5,2,105.0,1.5,Low Occupancy - Many Spots Free
7/15/2026,2,2026-07-15 02:03:59,02:03:59,Slot_02,Standard,Zone D,Busy,1,Online,12.5,0,0,1.5,2,105.0,0.8,Low Occupancy - Many Spots Free
7/15/2026,2,2026-07-15 02:03:59,02:03:59,Slot_03,Standard,Zone D,Free,0,Online,12.5,0,0,1.5,2,105.0,2.95,Low Occupancy - Many Spots Free
7/15/2026,2,2026-07-15 02:03:59,02:03:59,Slot_04,Standard,Zone D,Free,0,Online,12.5,0,0,1.5,2,105.0,1.74,Low Occupancy - Many Spots Free
7/15/2026,2,2026-07-15 02:03:59,02:03:59,Slot_05,Standard,Zone C,Free,0,Online,12.5,0,0,1.5,2,105.0,1.62,Low Occupancy - Many Spots Free
7/15/2026,2,2026-07-15 02:03:59,02:03:59,Slot_06,Standard,Zone D,Free,0,Online,12.5,0,0,1.5,2,105.0,2.74,Low Occupancy - Many Spots Free
7/15/2026,2,2026-07-15 02:03:59,02:03:59,Slot_07,Standard,Zone C,Free,0,Online,12.5,0,0,1.5,2,105.0,1.28,Low Occupancy - Many Spots Free
7/15/2026,2,2026-07-15 02:03:59,02:03:59,Slot_08,Standard,Zone C,Free,0,Online,12.5,0,0,1.5,2,105.0,1.94,Low Occupancy - Many Spots Free
7/15/2026,2,2026-07-15 02:08:59,02:08:59,Slot_01,Standard,Zone D,Free,0,Online,12.5,1,0,1.5,2,105.0,2.22,Low Occupancy - Many Spots Free
7/15/2026,2,2026-07-15 02:08:59,02:08:59,Slot_02,Standard,Zone D,Busy,1,Online,12.5,1,0,1.5,2,105.0,1.55,Low Occupancy - Many Spots Free
7/15/2026,2,2026-07-15 02:08:59,02:08:59,Slot_03,Standard,Zone D,Free,0,Online,12.5,1,0,1.5,2,105.0,2.6,Low Occupancy - Many Spots Free
7/15/2026,2,2026-07-15 02:08:59,02:08:59,Slot_04,Standard,Zone D,Free,0,Online,12.5,1,0,1.5,2,105.0,0.55,Low Occupancy - Many Spots Free
7/15/2026,2,2026-07-15 02:08:59,02:08:59,Slot_05,Standard,Zone C,Free,0,Online,12.5,1,0,1.5,2,105.0,2.79,Low Occupancy - Many Spots Free
7/15/2026,2,2026-07-15 02:08:59,02:08:59,Slot_06,Standard,Zone D,Free,0,Online,12.5,1,0,1.5,2,105.0,2.46,Low Occupancy - Many Spots Free
7/15/2026,2,2026-07-15 02:08:59,02:08:59,Slot_07,Standard,Zone C,Free,0,Online,12.5,1,0,1.5,2,105.0,1.83,Low Occupancy - Many Spots Free
7/15/2026,2,2026-07-15 02:08:59,02:08:59,Slot_08,Standard,Zone C,Free,0,Online,12.5,1,0,1.5,2,105.0,1.5,Low Occupancy - Many Spots Free
7/15/2026,2,2026-07-15 02:13:59,02:13:59,Slot_01,Standard,Zone D,Free,0,Online,12.5,1,0,1.5,2,105.0,1.69,Low Occupancy - Many Spots Free
7/15/2026,2,2026-07-15 02:13:59,02:13:59,Slot_02,Standard,Zone D,Busy,1,Online,12.5,1,0,1.5,2,105.0,0.6,Low Occupancy - Many Spots Free
7/15/2026,2,2026-07-15 02:13:59,02:13:59,Slot_03,Standard,Zone D,Free,0,Online,12.5,1,0,1.5,2,105.0,2.89,Low Occupancy - Many Spots Free
7/15/2026,2,2026-07-15 02:13:59,02:13:59,Slot_04,Standard,Zone D,Free,0,Online,12.5,1,0,1.5,2,105.0,2.72,Low Occupancy - Many Spots Free
7/15/2026,2,2026-07-15 02:13:59,02:13:59,Slot_05,Standard,Zone C,Free,0,Online,12.5,1,0,1.5,2,105.0,1.27,Low Occupancy - Many Spots Free
7/15/2026,2,2026-07-15 02:13:59,02:13:59,Slot_06,Standard,Zone D,Free,0,Online,12.5,1,0,1.5,2,105.0,2.82,Low Occupancy - Many Spots Free
7/15/2026,2,2026-07-15 02:13:59,02:13:59,Slot_07,Standard,Zone C,Free,0,Online,12.5,1,0,1.5,2,105.0,1.12,Low Occupancy - Many Spots Free
7/15/2026,2,2026-07-15 02:13:59,02:13:59,Slot_08,Standard,Zone C,Free,0,Online,12.5,1,0,1.5,2,105.0,1.62,Low Occupancy - Many Spots Free
7/15/2026,2,2026-07-15 02:18:59,02:18:59,Slot_01,Standard,Zone D,Free,0,Online,12.5,1,0,1.5,2,105.0,1.46,Low Occupancy - Many Spots Free
7/15/2026,2,2026-07-15 02:18:59,02:18:59,Slot_02,Standard,Zone D,Busy,1,Online,12.5,1,0,1.5,2,105.0,1.39,Low Occupancy - Many Spots Free
7/15/2026,2,2026-07-15 02:18:59,02:18:59,Slot_03,Standard,Zone D,Free,0,Online,12.5,1,0,1.5,2,105.0,2.87,Low Occupancy - Many Spots Free
7/15/2026,2,2026-07-15 02:18:59,02:18:59,Slot_04,Standard,Zone D,Free,0,Online,12.5,1,0,1.5,2,105.0,2.91,Low Occupancy - Many Spots Free
7/15/2026,2,2026-07-15 02:18:59,02:18:59,Slot_05,Standard,Zone C,Free,0,Online,12.5,1,0,1.5,2,105.0,2.91,Low Occupancy - Many Spots Free
7/15/2026,2,2026-07-15 02:18:59,02:18:59,Slot_06,Standard,Zone D,Free,0,Online,12.5,1,0,1.5,2,105.0,1.43,Low Occupancy - Many Spots Free
7/15/2026,2,2026-07-15 02:18:59,02:18:59,Slot_07,Standard,Zone C,Free,0,Online,12.5,1,0,1.5,2,105.0,2.15,Low Occupancy - Many Spots Free
7/15/2026,2,2026-07-15 02:18:59,02:18:59,Slot_08,Standard,Zone C,Free,0,Online,12.5,1,0,1.5,2,105.0,2.65,Low Occupancy - Many Spots Free
7/15/2026,2,2026-07-15 02:23:59,02:23:59,Slot_01,Standard,Zone D,Free,0,Online,12.5,1,0,1.5,2,105.0,1.87,Low Occupancy - Many Spots Free
7/15/2026,2,2026-07-15 02:23:59,02:23:59,Slot_02,Standard,Zone D,Busy,1,Online,12.5,1,0,1.5,2,105.0,2.91,Low Occupancy - Many Spots Free
7/15/2026,2,2026-07-15 02:23:59,02:23:59,Slot_03,Standard,Zone D,Free,0,Online,12.5,1,0,1.5,2,105.0,1.85,Low Occupancy - Many Spots Free
7/15/2026,2,2026-07-15 02:23:59,02:23:59,Slot_04,Standard,Zone D,Free,0,Online,12.5,1,0,1.5,2,105.0,2.27,Low Occupancy - Many Spots Free
7/15/2026,2,2026-07-15 02:23:59,02:23:59,Slot_05,Standard,Zone C,Free,0,Online,12.5,1,0,1.5,2,105.0,1.56,Low Occupancy - Many Spots Free
7/15/2026,2,2026-07-15 02:23:59,02:23:59,Slot_06,Standard,Zone D,Free,0,Online,12.5,1,0,1.5,2,105.0,1.45,Low Occupancy - Many Spots Free
7/15/2026,2,2026-07-15 02:23:59,02:23:59,Slot_07,Standard,Zone C,Free,0,Online,12.5,1,0,1.5,2,105.0,2.64,Low Occupancy - Many Spots Free
7/15/2026,2,2026-07-15 02:23:59,02:23:59,Slot_08,Standard,Zone C,Free,0,Online,12.5,1,0,1.5,2,105.0,2.88,Low Occupancy - Many Spots Free
7/15/2026,2,2026-07-15 02:28:59,02:28:59,Slot_01,Standard,Zone D,Free,0,Online,12.5,1,0,1.5,2,105.0,2.72,Low Occupancy - Many Spots Free
7/15/2026,2,2026-07-15 02:28:59,02:28:59,Slot_02,Standard,Zone D,Busy,1,Online,12.5,1,0,1.5,2,105.0,2.81,Low Occupancy - Many Spots Free
7/15/2026,2,2026-07-15 02:28:59,02:28:59,Slot_03,Standard,Zone D,Free,0,Online,12.5,1,0,1.5,2,105.0,0.69,Low Occupancy - Many Spots Free
7/15/2026,2,2026-07-15 02:28:59,02:28:59,Slot_04,Standard,Zone D,Free,0,Online,12.5,1,0,1.5,2,105.0,2.18,Low Occupancy - Many Spots Free
7/15/2026,2,2026-07-15 02:28:59,02:28:59,Slot_05,Standard,Zone C,Free,0,Online,12.5,1,0,1.5,2,105.0,1.6,Low Occupancy - Many Spots Free
7/15/2026,2,2026-07-15 02:28:59,02:28:59,Slot_06,Standard,Zone D,Free,0,Online,12.5,1,0,1.5,2,105.0,0.66,Low Occupancy - Many Spots Free
7/15/2026,2,2026-07-15 02:28:59,02:28:59,Slot_07,Standard,Zone C,Free,0,Online,12.5,1,0,1.5,2,105.0,1.76,Low Occupancy - Many Spots Free
7/15/2026,2,2026-07-15 02:28:59,02:28:59,Slot_08,Standard,Zone C,Free,0,Online,12.5,1,0,1.5,2,105.0,1.83,Low Occupancy - Many Spots Free
7/15/2026,2,2026-07-15 02:33:59,02:33:59,Slot_01,Standard,Zone D,Free,0,Online,12.5,1,0,1.5,2,105.0,1.15,Low Occupancy - Many Spots Free
7/15/2026,2,2026-07-15 02:33:59,02:33:59,Slot_02,Standard,Zone D,Busy,1,Online,12.5,1,0,1.5,2,105.0,2.2,Low Occupancy - Many Spots Free
7/15/2026,2,2026-07-15 02:33:59,02:33:59,Slot_03,Standard,Zone D,Free,0,Online,12.5,1,0,1.5,2,105.0,1.46,Low Occupancy - Many Spots Free
7/15/2026,2,2026-07-15 02:33:59,02:33:59,Slot_04,Standard,Zone D,Free,0,Online,12.5,1,0,1.5,2,105.0,1.57,Low Occupancy - Many Spots Free
7/15/2026,2,2026-07-15 02:33:59,02:33:59,Slot_05,Standard,Zone C,Free,0,Online,12.5,1,0,1.5,2,105.0,1.76,Low Occupancy - Many Spots Free
7/15/2026,2,2026-07-15 02:33:59,02:33:59,Slot_06,Standard,Zone D,Free,0,Online,12.5,1,0,1.5,2,105.0,2.67,Low Occupancy - Many Spots Free
7/15/2026,2,2026-07-15 02:33:59,02:33:59,Slot_07,Standard,Zone C,Free,0,Online,12.5,1,0,1.5,2,105.0,2.97,Low Occupancy - Many Spots Free
7/15/2026,2,2026-07-15 02:33:59,02:33:59,Slot_08,Standard,Zone C,Free,0,Online,12.5,1,0,1.5,2,105.0,0.93,Low Occupancy - Many Spots Free
7/15/2026,2,2026-07-15 02:38:59,02:38:59,Slot_01,Standard,Zone D,Free,0,Online,12.5,1,0,1.5,2,105.0,1.14,Low Occupancy - Many Spots Free
7/15/2026,2,2026-07-15 02:38:59,02:38:59,Slot_02,Standard,Zone D,Busy,1,Online,12.5,1,0,1.5,2,105.0,1.87,Low Occupancy - Many Spots Free
7/15/2026,2,2026-07-15 02:38:59,02:38:59,Slot_03,Standard,Zone D,Free,0,Online,12.5,1,0,1.5,2,105.0,1.86,Low Occupancy - Many Spots Free
7/15/2026,2,2026-07-15 02:38:59,02:38:59,Slot_05,Standard,Zone C,Free,0,Online,12.5,1,0,1.5,2,105.0,2.75,Low Occupancy - Many Spots Free
7/15/2026,2,2026-07-15 02:38:59,02:38:59,Slot_04,Standard,Zone D,Free,0,Online,12.5,1,0,1.5,2,105.0,2.87,Low Occupancy - Many Spots Free
7/15/2026,2,2026-07-15 02:38:59,02:38:59,Slot_06,Standard,Zone D,Free,0,Online,12.5,1,0,1.5,2,105.0,1.67,Low Occupancy - Many Spots Free
7/15/2026,2,2026-07-15 02:38:59,02:38:59,Slot_07,Standard,Zone C,Free,0,Online,12.5,1,0,1.5,2,105.0,2.5,Low Occupancy - Many Spots Free
7/15/2026,2,2026-07-15 02:38:59,02:38:59,Slot_08,Standard,Zone C,Free,0,Online,12.5,1,0,1.5,2,105.0,1.12,Low Occupancy - Many Spots Free
7/15/2026,2,2026-07-15 02:43:59,02:43:59,Slot_01,Standard,Zone D,Free,0,Online,12.5,1,0,1.5,2,105.0,0.79,Low Occupancy - Many Spots Free
7/15/2026,2,2026-07-15 02:43:59,02:43:59,Slot_02,Standard,Zone D,Busy,1,Online,12.5,1,0,1.5,2,105.0,1.88,Low Occupancy - Many Spots Free
7/15/2026,2,2026-07-15 02:43:59,02:43:59,Slot_03,Standard,Zone D,Free,0,Online,12.5,1,0,1.5,2,105.0,2.1,Low Occupancy - Many Spots Free
7/15/2026,2,2026-07-15 02:43:59,02:43:59,Slot_05,Standard,Zone C,Free,0,Online,12.5,1,0,1.5,2,105.0,1.11,Low Occupancy - Many Spots Free
7/15/2026,2,2026-07-15 02:43:59,02:43:59,Slot_04,Standard,Zone D,Free,0,Online,12.5,1,0,1.5,2,105.0,2.13,Low Occupancy - Many Spots Free
7/15/2026,2,2026-07-15 02:43:59,02:43:59,Slot_06,Standard,Zone D,Free,0,Online,12.5,1,0,1.5,2,105.0,1.47,Low Occupancy - Many Spots Free
7/15/2026,2,2026-07-15 02:43:59,02:43:59,Slot_07,Standard,Zone C,Free,0,Online,12.5,1,0,1.5,2,105.0,0.55,Low Occupancy - Many Spots Free
7/15/2026,2,2026-07-15 02:43:59,02:43:59,Slot_08,Standard,Zone C,Free,0,Online,12.5,1,0,1.5,2,105.0,2.02,Low Occupancy - Many Spots Free
7/15/2026,2,2026-07-15 02:48:59,02:48:59,Slot_01,Standard,Zone D,Free,0,Online,12.5,1,0,1.5,2,105.0,2.6,Low Occupancy - Many Spots Free
7/15/2026,2,2026-07-15 02:48:59,02:48:59,Slot_02,Standard,Zone D,Busy,1,Online,12.5,1,0,1.5,2,105.0,1.65,Low Occupancy - Many Spots Free
7/15/2026,2,2026-07-15 02:48:59,02:48:59,Slot_03,Standard,Zone D,Free,0,Online,12.5,1,0,1.5,2,105.0,1.9,Low Occupancy - Many Spots Free
7/15/2026,2,2026-07-15 02:48:59,02:48:59,Slot_05,Standard,Zone C,Free,0,Online,12.5,1,0,1.5,2,105.0,2.64,Low Occupancy - Many Spots Free
7/15/2026,2,2026-07-15 02:48:59,02:48:59,Slot_04,Standard,Zone D,Free,0,Online,12.5,1,0,1.5,2,105.0,0.95,Low Occupancy - Many Spots Free
7/15/2026,2,2026-07-15 02:48:59,02:48:59,Slot_06,Standard,Zone D,Free,0,Online,12.5,1,0,1.5,2,105.0,2.49,Low Occupancy - Many Spots Free
7/15/2026,2,2026-07-15 02:48:59,02:48:59,Slot_07,Standard,Zone C,Free,0,Online,12.5,1,0,1.5,2,105.0,1.57,Low Occupancy - Many Spots Free
7/15/2026,2,2026-07-15 02:48:59,02:48:59,Slot_08,Standard,Zone C,Free,0,Online,12.5,1,0,1.5,2,105.0,1.19,Low Occupancy - Many Spots Free
7/15/2026,2,2026-07-15 02:53:59,02:53:59,Slot_01,Standard,Zone D,Free,0,Online,12.5,1,0,1.5,2,105.0,0.67,Low Occupancy - Many Spots Free
7/15/2026,2,2026-07-15 02:53:59,02:53:59,Slot_02,Standard,Zone D,Busy,1,Online,12.5,1,0,1.5,2,105.0,2.83,Low Occupancy - Many Spots Free
7/15/2026,2,2026-07-15 02:53:59,02:53:59,Slot_03,Standard,Zone D,Free,0,Online,12.5,1,0,1.5,2,105.0,0.63,Low Occupancy - Many Spots Free
7/15/2026,2,2026-07-15 02:53:59,02:53:59,Slot_05,Standard,Zone C,Free,0,Online,12.5,1,0,1.5,2,105.0,2.09,Low Occupancy - Many Spots Free
7/15/2026,2,2026-07-15 02:53:59,02:53:59,Slot_04,Standard,Zone D,Free,0,Online,12.5,1,0,1.5,2,105.0,2.72,Low Occupancy - Many Spots Free
7/15/2026,2,2026-07-15 02:53:59,02:53:59,Slot_06,Standard,Zone D,Free,0,Online,12.5,1,0,1.5,2,105.0,1.44,Low Occupancy - Many Spots Free
7/15/2026,2,2026-07-15 02:53:59,02:53:59,Slot_07,Standard,Zone C,Free,0,Online,12.5,1,0,1.5,2,105.0,0.83,Low Occupancy - Many Spots Free
7/15/2026,2,2026-07-15 02:53:59,02:53:59,Slot_08,Standard,Zone C,Free,0,Online,12.5,1,0,1.5,2,105.0,2.67,Low Occupancy - Many Spots Free
7/15/2026,2,2026-07-15 02:58:59,02:58:59,Slot_01,Standard,Zone D,Free,0,Online,12.5,1,0,1.5,2,105.0,2.36,Low Occupancy - Many Spots Free
7/15/2026,2,2026-07-15 02:58:59,02:58:59,Slot_02,Standard,Zone D,Busy,1,Online,12.5,1,0,1.5,2,105.0,1.64,Low Occupancy - Many Spots Free
7/15/2026,2,2026-07-15 02:58:59,02:58:59,Slot_03,Standard,Zone D,Free,0,Online,12.5,1,0,1.5,2,105.0,2.66,Low Occupancy - Many Spots Free
7/15/2026,2,2026-07-15 02:58:59,02:58:59,Slot_05,Standard,Zone C,Free,0,Online,12.5,1,0,1.5,2,105.0,2.82,Low Occupancy - Many Spots Free
7/15/2026,2,2026-07-15 02:58:59,02:58:59,Slot_04,Standard,Zone D,Free,0,Online,12.5,1,0,1.5,2,105.0,1.4,Low Occupancy - Many Spots Free
7/15/2026,2,2026-07-15 02:58:59,02:58:59,Slot_07,Standard,Zone C,Free,0,Online,12.5,1,0,1.5,2,105.0,2.35,Low Occupancy - Many Spots Free
7/15/2026,2,2026-07-15 02:58:59,02:58:59,Slot_06,Standard,Zone D,Free,0,Online,12.5,1,0,1.5,2,105.0,0.86,Low Occupancy - Many Spots Free
7/15/2026,2,2026-07-15 02:58:59,02:58:59,Slot_08,Standard,Zone C,Free,0,Online,12.5,1,0,1.5,2,105.0,1.35,Low Occupancy - Many Spots Free
7/15/2026,3,2026-07-15 03:03:59,03:03:59,Slot_01,Standard,Zone D,Free,0,Online,12.5,1,0,1.5,3,105.0,0.78,Low Occupancy - Many Spots Free
7/15/2026,3,2026-07-15 03:03:59,03:03:59,Slot_02,Standard,Zone D,Busy,1,Online,12.5,1,0,1.5,3,105.0,1.93,Low Occupancy - Many Spots Free
7/15/2026,3,2026-07-15 03:03:59,03:03:59,Slot_03,Standard,Zone D,Free,0,Online,12.5,1,0,1.5,3,105.0,2.84,Low Occupancy - Many Spots Free
7/15/2026,3,2026-07-15 03:03:59,03:03:59,Slot_05,Standard,Zone C,Free,0,Online,12.5,1,0,1.5,3,105.0,1.06,Low Occupancy - Many Spots Free
7/15/2026,3,2026-07-15 03:03:59,03:03:59,Slot_04,Standard,Zone D,Free,0,Online,12.5,1,0,1.5,3,105.0,1.35,Low Occupancy - Many Spots Free
7/15/2026,3,2026-07-15 03:03:59,03:03:59,Slot_07,Standard,Zone C,Free,0,Online,12.5,1,0,1.5,3,105.0,2.72,Low Occupancy - Many Spots Free
7/15/2026,3,2026-07-15 03:03:59,03:03:59,Slot_06,Standard,Zone D,Free,0,Online,12.5,1,0,1.5,3,105.0,1.09,Low Occupancy - Many Spots Free
7/15/2026,3,2026-07-15 03:03:59,03:03:59,Slot_08,Standard,Zone C,Free,0,Online,12.5,1,0,1.5,3,105.0,1.03,Low Occupancy - Many Spots Free
7/15/2026,3,2026-07-15 03:08:59,03:08:59,Slot_01,Standard,Zone D,Free,0,Online,12.5,1,0,1.5,3,105.0,0.96,Low Occupancy - Many Spots Free
7/15/2026,3,2026-07-15 03:08:59,03:08:59,Slot_02,Standard,Zone D,Busy,1,Online,12.5,1,0,1.5,3,105.0,1.28,Low Occupancy - Many Spots Free
7/15/2026,3,2026-07-15 03:08:59,03:08:59,Slot_03,Standard,Zone D,Free,0,Online,12.5,1,0,1.5,3,105.0,0.5,Low Occupancy - Many Spots Free
7/15/2026,3,2026-07-15 03:08:59,03:08:59,Slot_05,Standard,Zone C,Free,0,Online,12.5,1,0,1.5,3,105.0,1.03,Low Occupancy - Many Spots Free
7/15/2026,3,2026-07-15 03:08:59,03:08:59,Slot_04,Standard,Zone D,Free,0,Online,12.5,1,0,1.5,3,105.0,1.92,Low Occupancy - Many Spots Free
7/15/2026,3,2026-07-15 03:08:59,03:08:59,Slot_06,Standard,Zone D,Free,0,Online,12.5,1,0,1.5,3,105.0,1.91,Low Occupancy - Many Spots Free
7/15/2026,3,2026-07-15 03:08:59,03:08:59,Slot_07,Standard,Zone C,Free,0,Online,12.5,1,0,1.5,3,105.0,0.77,Low Occupancy - Many Spots Free
7/15/2026,3,2026-07-15 03:08:59,03:08:59,Slot_08,Standard,Zone C,Free,0,Online,12.5,1,0,1.5,3,105.0,1.63,Low Occupancy - Many Spots Free
7/15/2026,3,2026-07-15 03:13:59,03:13:59,Slot_01,Standard,Zone D,Free,0,Online,12.5,1,0,1.5,3,105.0,1.18,Low Occupancy - Many Spots Free
7/15/2026,3,2026-07-15 03:13:59,03:13:59,Slot_02,Standard,Zone D,Busy,1,Online,12.5,1,0,1.5,3,105.0,1.46,Low Occupancy - Many Spots Free
7/15/2026,3,2026-07-15 03:13:59,03:13:59,Slot_03,Standard,Zone D,Free,0,Online,12.5,1,0,1.5,3,105.0,0.72,Low Occupancy - Many Spots Free
7/15/2026,3,2026-07-15 03:13:59,03:13:59,Slot_05,Standard,Zone C,Free,0,Online,12.5,1,0,1.5,3,105.0,2.85,Low Occupancy - Many Spots Free
7/15/2026,3,2026-07-15 03:13:59,03:13:59,Slot_04,Standard,Zone D,Free,0,Online,12.5,1,0,1.5,3,105.0,2.37,Low Occupancy - Many Spots Free
7/15/2026,3,2026-07-15 03:13:59,03:13:59,Slot_06,Standard,Zone D,Free,0,Online,12.5,1,0,1.5,3,105.0,2.67,Low Occupancy - Many Spots Free
7/15/2026,3,2026-07-15 03:13:59,03:13:59,Slot_07,Standard,Zone C,Free,0,Online,12.5,1,0,1.5,3,105.0,2.68,Low Occupancy - Many Spots Free
7/15/2026,3,2026-07-15 03:13:59,03:13:59,Slot_08,Standard,Zone C,Free,0,Online,12.5,1,0,1.5,3,105.0,2.01,Low Occupancy - Many Spots Free
7/15/2026,3,2026-07-15 03:18:59,03:18:59,Slot_01,Standard,Zone D,Free,0,Online,12.5,1,0,1.5,3,105.0,1.82,Low Occupancy - Many Spots Free
7/15/2026,3,2026-07-15 03:18:59,03:18:59,Slot_02,Standard,Zone D,Busy,1,Online,12.5,1,0,1.5,3,105.0,2.76,Low Occupancy - Many Spots Free
7/15/2026,3,2026-07-15 03:18:59,03:18:59,Slot_03,Standard,Zone D,Free,0,Online,12.5,1,0,1.5,3,105.0,1.62,Low Occupancy - Many Spots Free
7/15/2026,3,2026-07-15 03:18:59,03:18:59,Slot_05,Standard,Zone C,Free,0,Online,12.5,1,0,1.5,3,105.0,2.06,Low Occupancy - Many Spots Free
7/15/2026,3,2026-07-15 03:18:59,03:18:59,Slot_04,Standard,Zone D,Free,0,Online,12.5,1,0,1.5,3,105.0,1.28,Low Occupancy - Many Spots Free
7/15/2026,3,2026-07-15 03:18:59,03:18:59,Slot_06,Standard,Zone D,Free,0,Online,12.5,1,0,1.5,3,105.0,2.21,Low Occupancy - Many Spots Free
7/15/2026,3,2026-07-15 03:18:59,03:18:59,Slot_07,Standard,Zone C,Free,0,Online,12.5,1,0,1.5,3,105.0,0.94,Low Occupancy - Many Spots Free
7/15/2026,3,2026-07-15 03:18:59,03:18:59,Slot_08,Standard,Zone C,Free,0,Online,12.5,1,0,1.5,3,105.0,1.09,Low Occupancy - Many Spots Free
7/15/2026,3,2026-07-15 03:23:59,03:23:59,Slot_01,Standard,Zone D,Free,0,Online,12.5,1,0,1.5,3,105.0,2.92,Low Occupancy - Many Spots Free
7/15/2026,3,2026-07-15 03:23:59,03:23:59,Slot_02,Standard,Zone D,Busy,1,Online,12.5,1,0,1.5,3,105.0,0.84,Low Occupancy - Many Spots Free
7/15/2026,3,2026-07-15 03:23:59,03:23:59,Slot_03,Standard,Zone D,Free,0,Online,12.5,1,0,1.5,3,105.0,1.82,Low Occupancy - Many Spots Free
7/15/2026,3,2026-07-15 03:23:59,03:23:59,Slot_05,Standard,Zone C,Free,0,Online,12.5,1,0,1.5,3,105.0,2.14,Low Occupancy - Many Spots Free
7/15/2026,3,2026-07-15 03:23:59,03:23:59,Slot_04,Standard,Zone D,Free,0,Online,12.5,1,0,1.5,3,105.0,2.21,Low Occupancy - Many Spots Free
7/15/2026,3,2026-07-15 03:23:59,03:23:59,Slot_06,Standard,Zone D,Free,0,Online,12.5,1,0,1.5,3,105.0,2.1,Low Occupancy - Many Spots Free
7/15/2026,3,2026-07-15 03:23:59,03:23:59,Slot_07,Standard,Zone C,Free,0,Online,12.5,1,0,1.5,3,105.0,0.71,Low Occupancy - Many Spots Free
7/15/2026,3,2026-07-15 03:23:59,03:23:59,Slot_08,Standard,Zone C,Free,0,Online,12.5,1,0,1.5,3,105.0,2.87,Low Occupancy - Many Spots Free
7/15/2026,3,2026-07-15 03:28:59,03:28:59,Slot_01,Standard,Zone D,Free,0,Online,12.5,1,0,1.5,3,105.0,2.36,Low Occupancy - Many Spots Free
7/15/2026,3,2026-07-15 03:28:59,03:28:59,Slot_02,Standard,Zone D,Busy,1,Online,12.5,1,0,1.5,3,105.0,1.95,Low Occupancy - Many Spots Free
7/15/2026,3,2026-07-15 03:28:59,03:28:59,Slot_03,Standard,Zone D,Free,0,Online,12.5,1,0,1.5,3,105.0,1.33,Low Occupancy - Many Spots Free
7/15/2026,3,2026-07-15 03:28:59,03:28:59,Slot_05,Standard,Zone C,Free,0,Online,12.5,1,0,1.5,3,105.0,1.98,Low Occupancy - Many Spots Free
7/15/2026,3,2026-07-15 03:28:59,03:28:59,Slot_04,Standard,Zone D,Free,0,Online,12.5,1,0,1.5,3,105.0,1.03,Low Occupancy - Many Spots Free
7/15/2026,3,2026-07-15 03:28:59,03:28:59,Slot_06,Standard,Zone D,Free,0,Online,12.5,1,0,1.5,3,105.0,2.12,Low Occupancy - Many Spots Free
7/15/2026,3,2026-07-15 03:28:59,03:28:59,Slot_07,Standard,Zone C,Free,0,Online,12.5,1,0,1.5,3,105.0,2.63,Low Occupancy - Many Spots Free
7/15/2026,3,2026-07-15 03:28:59,03:28:59,Slot_08,Standard,Zone C,Free,0,Online,12.5,1,0,1.5,3,105.0,0.78,Low Occupancy - Many Spots Free
7/15/2026,3,2026-07-15 03:33:59,03:33:59,Slot_01,Standard,Zone D,Free,0,Online,12.5,1,0,1.5,3,105.0,2.18,Low Occupancy - Many Spots Free
7/15/2026,3,2026-07-15 03:33:59,03:33:59,Slot_02,Standard,Zone D,Busy,1,Online,12.5,1,0,1.5,3,105.0,0.79,Low Occupancy - Many Spots Free
7/15/2026,3,2026-07-15 03:33:59,03:33:59,Slot_03,Standard,Zone D,Free,0,Online,12.5,1,0,1.5,3,105.0,2.57,Low Occupancy - Many Spots Free
7/15/2026,3,2026-07-15 03:33:59,03:33:59,Slot_05,Standard,Zone C,Free,0,Online,12.5,1,0,1.5,3,105.0,1.68,Low Occupancy - Many Spots Free
7/15/2026,3,2026-07-15 03:33:59,03:33:59,Slot_04,Standard,Zone D,Free,0,Online,12.5,1,0,1.5,3,105.0,1.68,Low Occupancy - Many Spots Free
7/15/2026,3,2026-07-15 03:33:59,03:33:59,Slot_06,Standard,Zone D,Free,0,Online,12.5,1,0,1.5,3,105.0,2.22,Low Occupancy - Many Spots Free
7/15/2026,3,2026-07-15 03:33:59,03:33:59,Slot_08,Standard,Zone C,Free,0,Online,12.5,1,0,1.5,3,105.0,2.85,Low Occupancy - Many Spots Free
7/15/2026,3,2026-07-15 03:33:59,03:33:59,Slot_07,Standard,Zone C,Free,0,Online,12.5,1,0,1.5,3,105.0,1.39,Low Occupancy - Many Spots Free
7/15/2026,3,2026-07-15 03:38:59,03:38:59,Slot_01,Standard,Zone D,Free,0,Online,12.5,1,0,1.5,3,105.0,0.85,Low Occupancy - Many Spots Free
7/15/2026,3,2026-07-15 03:38:59,03:38:59,Slot_02,Standard,Zone D,Busy,1,Online,12.5,1,0,1.5,3,105.0,0.63,Low Occupancy - Many Spots Free
7/15/2026,3,2026-07-15 03:38:59,03:38:59,Slot_03,Standard,Zone D,Free,0,Online,12.5,1,0,1.5,3,105.0,1.71,Low Occupancy - Many Spots Free
7/15/2026,3,2026-07-15 03:38:59,03:38:59,Slot_05,Standard,Zone C,Free,0,Online,12.5,1,0,1.5,3,105.0,1.65,Low Occupancy - Many Spots Free
7/15/2026,3,2026-07-15 03:38:59,03:38:59,Slot_04,Standard,Zone D,Free,0,Online,12.5,1,0,1.5,3,105.0,2.02,Low Occupancy - Many Spots Free
7/15/2026,3,2026-07-15 03:38:59,03:38:59,Slot_06,Standard,Zone D,Free,0,Online,12.5,1,0,1.5,3,105.0,1.88,Low Occupancy - Many Spots Free
7/15/2026,3,2026-07-15 03:38:59,03:38:59,Slot_07,Standard,Zone C,Free,0,Online,12.5,1,0,1.5,3,105.0,0.58,Low Occupancy - Many Spots Free
7/15/2026,3,2026-07-15 03:38:59,03:38:59,Slot_08,Standard,Zone C,Free,0,Online,12.5,1,0,1.5,3,105.0,1.89,Low Occupancy - Many Spots Free
7/15/2026,3,2026-07-15 03:43:59,03:43:59,Slot_01,Standard,Zone D,Free,0,Online,12.5,1,0,1.5,3,105.0,0.52,Low Occupancy - Many Spots Free
7/15/2026,3,2026-07-15 03:43:59,03:43:59,Slot_02,Standard,Zone D,Busy,1,Online,12.5,1,0,1.5,3,105.0,2.6,Low Occupancy - Many Spots Free
7/15/2026,3,2026-07-15 03:43:59,03:43:59,Slot_03,Standard,Zone D,Free,0,Online,12.5,1,0,1.5,3,105.0,2.94,Low Occupancy - Many Spots Free
7/15/2026,3,2026-07-15 03:43:59,03:43:59,Slot_05,Standard,Zone C,Free,0,Online,12.5,1,0,1.5,3,105.0,1.39,Low Occupancy - Many Spots Free
7/15/2026,3,2026-07-15 03:43:59,03:43:59,Slot_04,Standard,Zone D,Free,0,Online,12.5,1,0,1.5,3,105.0,2.43,Low Occupancy - Many Spots Free
7/15/2026,3,2026-07-15 03:43:59,03:43:59,Slot_06,Standard,Zone D,Free,0,Online,12.5,1,0,1.5,3,105.0,0.56,Low Occupancy - Many Spots Free
7/15/2026,3,2026-07-15 03:43:59,03:43:59,Slot_07,Standard,Zone C,Free,0,Online,12.5,1,0,1.5,3,105.0,1.6,Low Occupancy - Many Spots Free
7/15/2026,3,2026-07-15 03:43:59,03:43:59,Slot_08,Standard,Zone C,Free,0,Online,12.5,1,0,1.5,3,105.0,2.85,Low Occupancy - Many Spots Free
7/15/2026,3,2026-07-15 03:48:59,03:48:59,Slot_01,Standard,Zone D,Free,0,Online,12.5,1,0,1.5,3,105.0,1.51,Low Occupancy - Many Spots Free
7/15/2026,3,2026-07-15 03:48:59,03:48:59,Slot_02,Standard,Zone D,Busy,1,Online,12.5,1,0,1.5,3,105.0,2.74,Low Occupancy - Many Spots Free
7/15/2026,3,2026-07-15 03:48:59,03:48:59,Slot_03,Standard,Zone D,Free,0,Online,12.5,1,0,1.5,3,105.0,2.48,Low Occupancy - Many Spots Free
7/15/2026,3,2026-07-15 03:48:59,03:48:59,Slot_05,Standard,Zone C,Free,0,Online,12.5,1,0,1.5,3,105.0,2.99,Low Occupancy - Many Spots Free
7/15/2026,3,2026-07-15 03:48:59,03:48:59,Slot_04,Standard,Zone D,Free,0,Online,12.5,1,0,1.5,3,105.0,1.48,Low Occupancy - Many Spots Free
7/15/2026,3,2026-07-15 03:48:59,03:48:59,Slot_07,Standard,Zone C,Free,0,Online,12.5,1,0,1.5,3,105.0,1.76,Low Occupancy - Many Spots Free
7/15/2026,3,2026-07-15 03:48:59,03:48:59,Slot_08,Standard,Zone C,Free,0,Online,12.5,1,0,1.5,3,105.0,2.29,Low Occupancy - Many Spots Free
7/15/2026,3,2026-07-15 03:48:59,03:48:59,Slot_06,Standard,Zone D,Free,0,Online,12.5,1,0,1.5,3,105.0,2.94,Low Occupancy - Many Spots Free
7/15/2026,3,2026-07-15 03:53:59,03:53:59,Slot_01,Standard,Zone D,Free,0,Online,12.5,1,0,1.5,3,105.0,0.76,Low Occupancy - Many Spots Free
7/15/2026,3,2026-07-15 03:53:59,03:53:59,Slot_02,Standard,Zone D,Busy,1,Online,12.5,1,0,1.5,3,105.0,1.37,Low Occupancy - Many Spots Free
7/15/2026,3,2026-07-15 03:53:59,03:53:59,Slot_03,Standard,Zone D,Free,0,Online,12.5,1,0,1.5,3,105.0,2.6,Low Occupancy - Many Spots Free
7/15/2026,3,2026-07-15 03:53:59,03:53:59,Slot_05,Standard,Zone C,Free,0,Online,12.5,1,0,1.5,3,105.0,0.9,Low Occupancy - Many Spots Free
7/15/2026,3,2026-07-15 03:53:59,03:53:59,Slot_04,Standard,Zone D,Free,0,Online,12.5,1,0,1.5,3,105.0,2.04,Low Occupancy - Many Spots Free
7/15/2026,3,2026-07-15 03:53:59,03:53:59,Slot_07,Standard,Zone C,Free,0,Online,12.5,1,0,1.5,3,105.0,2.84,Low Occupancy - Many Spots Free
7/15/2026,3,2026-07-15 03:53:59,03:53:59,Slot_08,Standard,Zone C,Free,0,Online,12.5,1,0,1.5,3,105.0,1.14,Low Occupancy - Many Spots Free
7/15/2026,3,2026-07-15 03:53:59,03:53:59,Slot_06,Standard,Zone D,Free,0,Online,12.5,1,0,1.5,3,105.0,2.63,Low Occupancy - Many Spots Free
7/15/2026,3,2026-07-15 03:58:59,03:58:59,Slot_01,Standard,Zone D,Free,0,Online,12.5,1,0,1.5,3,105.0,1.73,Low Occupancy - Many Spots Free
7/15/2026,3,2026-07-15 03:58:59,03:58:59,Slot_02,Standard,Zone D,Busy,1,Online,12.5,1,0,1.5,3,105.0,2.42,Low Occupancy - Many Spots Free
7/15/2026,3,2026-07-15 03:58:59,03:58:59,Slot_03,Standard,Zone D,Free,0,Online,12.5,1,0,1.5,3,105.0,2.73,Low Occupancy - Many Spots Free
7/15/2026,3,2026-07-15 03:58:59,03:58:59,Slot_05,Standard,Zone C,Free,0,Online,12.5,1,0,1.5,3,105.0,1.2,Low Occupancy - Many Spots Free
7/15/2026,3,2026-07-15 03:58:59,03:58:59,Slot_04,Standard,Zone D,Free,0,Online,12.5,1,0,1.5,3,105.0,1.42,Low Occupancy - Many Spots Free
7/15/2026,3,2026-07-15 03:58:59,03:58:59,Slot_07,Standard,Zone C,Free,0,Online,12.5,1,0,1.5,3,105.0,1.57,Low Occupancy - Many Spots Free
7/15/2026,3,2026-07-15 03:58:59,03:58:59,Slot_08,Standard,Zone C,Free,0,Online,12.5,1,0,1.5,3,105.0,1.06,Low Occupancy - Many Spots Free
7/15/2026,3,2026-07-15 03:58:59,03:58:59,Slot_06,Standard,Zone D,Free,0,Online,12.5,1,0,1.5,3,105.0,2.01,Low Occupancy - Many Spots Free
7/15/2026,4,2026-07-15 04:03:59,04:03:59,Slot_01,Standard,Zone D,Free,0,Online,12.5,1,0,1.5,4,105.0,2.02,Low Occupancy - Many Spots Free
7/15/2026,4,2026-07-15 04:03:59,04:03:59,Slot_02,Standard,Zone D,Busy,1,Online,12.5,1,0,1.5,4,105.0,1.01,Low Occupancy - Many Spots Free
7/15/2026,4,2026-07-15 04:03:59,04:03:59,Slot_03,Standard,Zone D,Free,0,Online,12.5,1,0,1.5,4,105.0,1.59,Low Occupancy - Many Spots Free
7/15/2026,4,2026-07-15 04:03:59,04:03:59,Slot_05,Standard,Zone C,Free,0,Online,12.5,1,0,1.5,4,105.0,2.35,Low Occupancy - Many Spots Free
7/15/2026,4,2026-07-15 04:03:59,04:03:59,Slot_04,Standard,Zone D,Free,0,Online,12.5,1,0,1.5,4,105.0,1.11,Low Occupancy - Many Spots Free
7/15/2026,4,2026-07-15 04:03:59,04:03:59,Slot_07,Standard,Zone C,Free,0,Online,12.5,1,0,1.5,4,105.0,1.32,Low Occupancy - Many Spots Free
7/15/2026,4,2026-07-15 04:03:59,04:03:59,Slot_08,Standard,Zone C,Free,0,Online,12.5,1,0,1.5,4,105.0,1.81,Low Occupancy - Many Spots Free
7/15/2026,4,2026-07-15 04:03:59,04:03:59,Slot_06,Standard,Zone D,Free,0,Online,12.5,1,0,1.5,4,105.0,2.81,Low Occupancy - Many Spots Free
7/15/2026,4,2026-07-15 04:08:59,04:08:59,Slot_01,Standard,Zone D,Free,0,Online,12.5,1,0,1.5,4,105.0,2.5,Low Occupancy - Many Spots Free
7/15/2026,4,2026-07-15 04:08:59,04:08:59,Slot_02,Standard,Zone D,Busy,1,Online,12.5,1,0,1.5,4,105.0,2.9,Low Occupancy - Many Spots Free
7/15/2026,4,2026-07-15 04:08:59,04:08:59,Slot_03,Standard,Zone D,Free,0,Online,12.5,1,0,1.5,4,105.0,0.7,Low Occupancy - Many Spots Free
7/15/2026,4,2026-07-15 04:08:59,04:08:59,Slot_05,Standard,Zone C,Free,0,Online,12.5,1,0,1.5,4,105.0,2.98,Low Occupancy - Many Spots Free
7/15/2026,4,2026-07-15 04:08:59,04:08:59,Slot_04,Standard,Zone D,Free,0,Online,12.5,1,0,1.5,4,105.0,2.8,Low Occupancy - Many Spots Free
7/15/2026,4,2026-07-15 04:08:59,04:08:59,Slot_07,Standard,Zone C,Free,0,Online,12.5,1,0,1.5,4,105.0,2.15,Low Occupancy - Many Spots Free
7/15/2026,4,2026-07-15 04:08:59,04:08:59,Slot_08,Standard,Zone C,Free,0,Online,12.5,1,0,1.5,4,105.0,2.86,Low Occupancy - Many Spots Free
7/15/2026,4,2026-07-15 04:08:59,04:08:59,Slot_06,Standard,Zone D,Free,0,Online,12.5,1,0,1.5,4,105.0,1.62,Low Occupancy - Many Spots Free
7/15/2026,4,2026-07-15 04:13:59,04:13:59,Slot_01,Standard,Zone D,Free,0,Online,12.5,1,0,1.5,4,105.0,2.25,Low Occupancy - Many Spots Free
7/15/2026,4,2026-07-15 04:13:59,04:13:59,Slot_02,Standard,Zone D,Busy,1,Online,12.5,1,0,1.5,4,105.0,1.2,Low Occupancy - Many Spots Free
7/15/2026,4,2026-07-15 04:13:59,04:13:59,Slot_03,Standard,Zone D,Free,0,Online,12.5,1,0,1.5,4,105.0,1.89,Low Occupancy - Many Spots Free
7/15/2026,4,2026-07-15 04:13:59,04:13:59,Slot_05,Standard,Zone C,Free,0,Online,12.5,1,0,1.5,4,105.0,0.71,Low Occupancy - Many Spots Free
7/15/2026,4,2026-07-15 04:13:59,04:13:59,Slot_04,Standard,Zone D,Free,0,Online,12.5,1,0,1.5,4,105.0,1.42,Low Occupancy - Many Spots Free
7/15/2026,4,2026-07-15 04:13:59,04:13:59,Slot_07,Standard,Zone C,Free,0,Online,12.5,1,0,1.5,4,105.0,2.31,Low Occupancy - Many Spots Free
7/15/2026,4,2026-07-15 04:13:59,04:13:59,Slot_08,Standard,Zone C,Free,0,Online,12.5,1,0,1.5,4,105.0,2.36,Low Occupancy - Many Spots Free
7/15/2026,4,2026-07-15 04:13:59,04:13:59,Slot_06,Standard,Zone D,Free,0,Online,12.5,1,0,1.5,4,105.0,2.23,Low Occupancy - Many Spots Free
7/15/2026,4,2026-07-15 04:18:59,04:18:59,Slot_01,Standard,Zone D,Free,0,Online,12.5,1,0,1.5,4,105.0,0.6,Low Occupancy - Many Spots Free
7/15/2026,4,2026-07-15 04:18:59,04:18:59,Slot_02,Standard,Zone D,Busy,1,Online,12.5,1,0,1.5,4,105.0,1.53,Low Occupancy - Many Spots Free
7/15/2026,4,2026-07-15 04:18:59,04:18:59,Slot_03,Standard,Zone D,Free,0,Online,12.5,1,0,1.5,4,105.0,1.84,Low Occupancy - Many Spots Free
7/15/2026,4,2026-07-15 04:18:59,04:18:59,Slot_05,Standard,Zone C,Free,0,Online,12.5,1,0,1.5,4,105.0,1.09,Low Occupancy - Many Spots Free
7/15/2026,4,2026-07-15 04:18:59,04:18:59,Slot_04,Standard,Zone D,Free,0,Online,12.5,1,0,1.5,4,105.0,1.87,Low Occupancy - Many Spots Free
7/15/2026,4,2026-07-15 04:18:59,04:18:59,Slot_06,Standard,Zone D,Free,0,Online,12.5,1,0,1.5,4,105.0,2.95,Low Occupancy - Many Spots Free
7/15/2026,4,2026-07-15 04:18:59,04:18:59,Slot_08,Standard,Zone C,Free,0,Online,12.5,1,0,1.5,4,105.0,2.91,Low Occupancy - Many Spots Free
7/15/2026,4,2026-07-15 04:18:59,04:18:59,Slot_07,Standard,Zone C,Free,0,Online,12.5,1,0,1.5,4,105.0,1.84,Low Occupancy - Many Spots Free
7/15/2026,4,2026-07-15 04:23:59,04:23:59,Slot_01,Standard,Zone D,Free,0,Online,12.5,1,0,1.5,4,105.0,1.88,Low Occupancy - Many Spots Free
7/15/2026,4,2026-07-15 04:23:59,04:23:59,Slot_02,Standard,Zone D,Busy,1,Online,12.5,1,0,1.5,4,105.0,2.29,Low Occupancy - Many Spots Free
7/15/2026,4,2026-07-15 04:23:59,04:23:59,Slot_03,Standard,Zone D,Free,0,Online,12.5,1,0,1.5,4,105.0,2.1,Low Occupancy - Many Spots Free
7/15/2026,4,2026-07-15 04:23:59,04:23:59,Slot_05,Standard,Zone C,Free,0,Online,12.5,1,0,1.5,4,105.0,1.92,Low Occupancy - Many Spots Free
7/15/2026,4,2026-07-15 04:23:59,04:23:59,Slot_04,Standard,Zone D,Free,0,Online,12.5,1,0,1.5,4,105.0,1.3,Low Occupancy - Many Spots Free
7/15/2026,4,2026-07-15 04:23:59,04:23:59,Slot_08,Standard,Zone C,Free,0,Online,12.5,1,0,1.5,4,105.0,1.75,Low Occupancy - Many Spots Free
7/15/2026,4,2026-07-15 04:23:59,04:23:59,Slot_07,Standard,Zone C,Free,0,Online,12.5,1,0,1.5,4,105.0,2.67,Low Occupancy - Many Spots Free
7/15/2026,4,2026-07-15 04:23:59,04:23:59,Slot_06,Standard,Zone D,Free,0,Online,12.5,1,0,1.5,4,105.0,2.12,Low Occupancy - Many Spots Free
7/15/2026,4,2026-07-15 04:28:59,04:28:59,Slot_01,Standard,Zone D,Free,0,Online,14.3,1,0,1.5,4,90.0,2.03,Low Occupancy - Many Spots Free
7/15/2026,4,2026-07-15 04:28:59,04:28:59,Slot_02,Standard,Zone D,Busy,1,Online,14.3,1,0,1.5,4,90.0,0.92,Low Occupancy - Many Spots Free
7/15/2026,4,2026-07-15 04:28:59,04:28:59,Slot_03,Standard,Zone D,Free,0,Online,14.3,1,0,1.5,4,90.0,1.41,Low Occupancy - Many Spots Free
7/15/2026,4,2026-07-15 04:28:59,04:28:59,Slot_05,Standard,Zone C,Free,0,Online,14.3,1,0,1.5,4,90.0,1.28,Low Occupancy - Many Spots Free
7/15/2026,4,2026-07-15 04:28:59,04:28:59,Slot_04,Standard,Zone D,Free,0,Online,14.3,1,0,1.5,4,90.0,2.33,Low Occupancy - Many Spots Free
7/15/2026,4,2026-07-15 04:28:59,04:28:59,Slot_08,Standard,Zone C,Free,0,Online,14.3,1,0,1.5,4,90.0,2.68,Low Occupancy - Many Spots Free
7/15/2026,4,2026-07-15 04:28:59,04:28:59,Slot_07,Standard,Zone C,Free,0,Online,14.3,1,0,1.5,4,90.0,0.55,Low Occupancy - Many Spots Free
7/15/2026,4,2026-07-15 04:33:59,04:33:59,Slot_01,Standard,Zone D,Free,0,Online,12.5,1,0,1.5,4,105.0,0.71,Low Occupancy - Many Spots Free
7/15/2026,4,2026-07-15 04:33:59,04:33:59,Slot_02,Standard,Zone D,Busy,1,Online,12.5,1,0,1.5,4,105.0,1.35,Low Occupancy - Many Spots Free
7/15/2026,4,2026-07-15 04:33:59,04:33:59,Slot_03,Standard,Zone D,Free,0,Online,12.5,1,0,1.5,4,105.0,2.85,Low Occupancy - Many Spots Free
7/15/2026,4,2026-07-15 04:33:59,04:33:59,Slot_05,Standard,Zone C,Free,0,Online,12.5,1,0,1.5,4,105.0,0.52,Low Occupancy - Many Spots Free
7/15/2026,4,2026-07-15 04:33:59,04:33:59,Slot_04,Standard,Zone D,Free,0,Online,12.5,1,0,1.5,4,105.0,1.79,Low Occupancy - Many Spots Free
7/15/2026,4,2026-07-15 04:33:59,04:33:59,Slot_08,Standard,Zone C,Free,0,Online,12.5,1,0,1.5,4,105.0,2.12,Low Occupancy - Many Spots Free
7/15/2026,4,2026-07-15 04:33:59,04:33:59,Slot_06,Standard,Zone D,Free,0,Online,12.5,1,0,1.5,4,105.0,0.95,Low Occupancy - Many Spots Free
7/15/2026,4,2026-07-15 04:33:59,04:33:59,Slot_07,Standard,Zone C,Free,0,Online,12.5,1,0,1.5,4,105.0,2.45,Low Occupancy - Many Spots Free
7/15/2026,4,2026-07-15 04:38:59,04:38:59,Slot_01,Standard,Zone D,Free,0,Online,12.5,1,0,1.5,4,105.0,0.53,Low Occupancy - Many Spots Free
7/15/2026,4,2026-07-15 04:38:59,04:38:59,Slot_02,Standard,Zone D,Busy,1,Online,12.5,1,0,1.5,4,105.0,2.49,Low Occupancy - Many Spots Free
7/15/2026,4,2026-07-15 04:38:59,04:38:59,Slot_03,Standard,Zone D,Free,0,Online,12.5,1,0,1.5,4,105.0,2.1,Low Occupancy - Many Spots Free
7/15/2026,4,2026-07-15 04:38:59,04:38:59,Slot_05,Standard,Zone C,Free,0,Online,12.5,1,0,1.5,4,105.0,1.99,Low Occupancy - Many Spots Free
7/15/2026,4,2026-07-15 04:38:59,04:38:59,Slot_04,Standard,Zone D,Free,0,Online,12.5,1,0,1.5,4,105.0,2.97,Low Occupancy - Many Spots Free
7/15/2026,4,2026-07-15 04:38:59,04:38:59,Slot_08,Standard,Zone C,Free,0,Online,12.5,1,0,1.5,4,105.0,1.58,Low Occupancy - Many Spots Free
7/15/2026,4,2026-07-15 04:38:59,04:38:59,Slot_06,Standard,Zone D,Free,0,Online,12.5,1,0,1.5,4,105.0,2.88,Low Occupancy - Many Spots Free
7/15/2026,4,2026-07-15 04:38:59,04:38:59,Slot_07,Standard,Zone C,Free,0,Online,12.5,1,0,1.5,4,105.0,2.37,Low Occupancy - Many Spots Free
7/15/2026,4,2026-07-15 04:43:59,04:43:59,Slot_01,Standard,Zone D,Free,0,Online,12.5,1,0,1.5,4,105.0,2.55,Low Occupancy - Many Spots Free
7/15/2026,4,2026-07-15 04:43:59,04:43:59,Slot_02,Standard,Zone D,Busy,1,Online,12.5,1,0,1.5,4,105.0,2.58,Low Occupancy - Many Spots Free
7/15/2026,4,2026-07-15 04:43:59,04:43:59,Slot_03,Standard,Zone D,Free,0,Online,12.5,1,0,1.5,4,105.0,1.47,Low Occupancy - Many Spots Free
7/15/2026,4,2026-07-15 04:43:59,04:43:59,Slot_05,Standard,Zone C,Free,0,Online,12.5,1,0,1.5,4,105.0,0.6,Low Occupancy - Many Spots Free
7/15/2026,4,2026-07-15 04:43:59,04:43:59,Slot_04,Standard,Zone D,Free,0,Online,12.5,1,0,1.5,4,105.0,1.89,Low Occupancy - Many Spots Free
7/15/2026,4,2026-07-15 04:43:59,04:43:59,Slot_08,Standard,Zone C,Free,0,Online,12.5,1,0,1.5,4,105.0,2.03,Low Occupancy - Many Spots Free
7/15/2026,4,2026-07-15 04:43:59,04:43:59,Slot_06,Standard,Zone D,Free,0,Online,12.5,1,0,1.5,4,105.0,0.86,Low Occupancy - Many Spots Free
7/15/2026,4,2026-07-15 04:43:59,04:43:59,Slot_07,Standard,Zone C,Free,0,Online,12.5,1,0,1.5,4,105.0,2.64,Low Occupancy - Many Spots Free
7/15/2026,4,2026-07-15 04:48:59,04:48:59,Slot_01,Standard,Zone D,Free,0,Online,12.5,1,0,1.5,4,105.0,2.98,Low Occupancy - Many Spots Free
7/15/2026,4,2026-07-15 04:48:59,04:48:59,Slot_02,Standard,Zone D,Busy,1,Online,12.5,1,0,1.5,4,105.0,1.16,Low Occupancy - Many Spots Free
7/15/2026,4,2026-07-15 04:48:59,04:48:59,Slot_03,Standard,Zone D,Free,0,Online,12.5,1,0,1.5,4,105.0,1.85,Low Occupancy - Many Spots Free
7/15/2026,4,2026-07-15 04:48:59,04:48:59,Slot_05,Standard,Zone C,Free,0,Online,12.5,1,0,1.5,4,105.0,2.42,Low Occupancy - Many Spots Free
7/15/2026,4,2026-07-15 04:48:59,04:48:59,Slot_04,Standard,Zone D,Free,0,Online,12.5,1,0,1.5,4,105.0,2.64,Low Occupancy - Many Spots Free
7/15/2026,4,2026-07-15 04:48:59,04:48:59,Slot_06,Standard,Zone D,Free,0,Online,12.5,1,0,1.5,4,105.0,1.5,Low Occupancy - Many Spots Free
7/15/2026,4,2026-07-15 04:48:59,04:48:59,Slot_08,Standard,Zone C,Free,0,Online,12.5,1,0,1.5,4,105.0,2.52,Low Occupancy - Many Spots Free
7/15/2026,4,2026-07-15 04:48:59,04:48:59,Slot_07,Standard,Zone C,Free,0,Online,12.5,1,0,1.5,4,105.0,1.6,Low Occupancy - Many Spots Free
7/15/2026,4,2026-07-15 04:53:59,04:53:59,Slot_01,Standard,Zone D,Free,0,Online,12.5,1,0,1.5,4,105.0,2.55,Low Occupancy - Many Spots Free
7/15/2026,4,2026-07-15 04:53:59,04:53:59,Slot_02,Standard,Zone D,Busy,1,Online,12.5,1,0,1.5,4,105.0,1.63,Low Occupancy - Many Spots Free
7/15/2026,4,2026-07-15 04:53:59,04:53:59,Slot_03,Standard,Zone D,Free,0,Online,12.5,1,0,1.5,4,105.0,2.45,Low Occupancy - Many Spots Free
7/15/2026,4,2026-07-15 04:53:59,04:53:59,Slot_05,Standard,Zone C,Free,0,Online,12.5,1,0,1.5,4,105.0,0.86,Low Occupancy - Many Spots Free
7/15/2026,4,2026-07-15 04:53:59,04:53:59,Slot_04,Standard,Zone D,Free,0,Online,12.5,1,0,1.5,4,105.0,2.22,Low Occupancy - Many Spots Free
7/15/2026,4,2026-07-15 04:53:59,04:53:59,Slot_06,Standard,Zone D,Free,0,Online,12.5,1,0,1.5,4,105.0,0.82,Low Occupancy - Many Spots Free
7/15/2026,4,2026-07-15 04:53:59,04:53:59,Slot_08,Standard,Zone C,Free,0,Online,12.5,1,0,1.5,4,105.0,0.66,Low Occupancy - Many Spots Free
7/15/2026,4,2026-07-15 04:53:59,04:53:59,Slot_07,Standard,Zone C,Free,0,Online,12.5,1,0,1.5,4,105.0,2.47,Low Occupancy - Many Spots Free
7/15/2026,4,2026-07-15 04:58:59,04:58:59,Slot_01,Standard,Zone D,Free,0,Online,12.5,1,0,1.5,4,105.0,1.81,Low Occupancy - Many Spots Free
7/15/2026,4,2026-07-15 04:58:59,04:58:59,Slot_02,Standard,Zone D,Busy,1,Online,12.5,1,0,1.5,4,105.0,1.6,Low Occupancy - Many Spots Free
7/15/2026,4,2026-07-15 04:58:59,04:58:59,Slot_03,Standard,Zone D,Free,0,Online,12.5,1,0,1.5,4,105.0,2.03,Low Occupancy - Many Spots Free
7/15/2026,4,2026-07-15 04:58:59,04:58:59,Slot_05,Standard,Zone C,Free,0,Online,12.5,1,0,1.5,4,105.0,0.87,Low Occupancy - Many Spots Free
7/15/2026,4,2026-07-15 04:58:59,04:58:59,Slot_04,Standard,Zone D,Free,0,Online,12.5,1,0,1.5,4,105.0,1.9,Low Occupancy - Many Spots Free
7/15/2026,4,2026-07-15 04:58:59,04:58:59,Slot_06,Standard,Zone D,Free,0,Online,12.5,1,0,1.5,4,105.0,0.66,Low Occupancy - Many Spots Free
7/15/2026,4,2026-07-15 04:58:59,04:58:59,Slot_08,Standard,Zone C,Free,0,Online,12.5,1,0,1.5,4,105.0,0.55,Low Occupancy - Many Spots Free
7/15/2026,4,2026-07-15 04:58:59,04:58:59,Slot_07,Standard,Zone C,Free,0,Online,12.5,1,0,1.5,4,105.0,2.86,Low Occupancy - Many Spots Free
7/15/2026,5,2026-07-15 05:03:59,05:03:59,Slot_01,Standard,Zone D,Free,0,Online,12.5,1,0,1.5,5,105.0,1.68,Low Occupancy - Many Spots Free
7/15/2026,5,2026-07-15 05:03:59,05:03:59,Slot_02,Standard,Zone D,Busy,1,Online,12.5,1,0,1.5,5,105.0,1.35,Low Occupancy - Many Spots Free
7/15/2026,5,2026-07-15 05:03:59,05:03:59,Slot_03,Standard,Zone D,Free,0,Online,12.5,1,0,1.5,5,105.0,1.42,Low Occupancy - Many Spots Free
7/15/2026,5,2026-07-15 05:03:59,05:03:59,Slot_05,Standard,Zone C,Free,0,Online,12.5,1,0,1.5,5,105.0,2.75,Low Occupancy - Many Spots Free
7/15/2026,5,2026-07-15 05:03:59,05:03:59,Slot_04,Standard,Zone D,Free,0,Online,12.5,1,0,1.5,5,105.0,2.24,Low Occupancy - Many Spots Free
7/15/2026,5,2026-07-15 05:03:59,05:03:59,Slot_06,Standard,Zone D,Free,0,Online,12.5,1,0,1.5,5,105.0,0.75,Low Occupancy - Many Spots Free
7/15/2026,5,2026-07-15 05:03:59,05:03:59,Slot_07,Standard,Zone C,Free,0,Online,12.5,1,0,1.5,5,105.0,1.36,Low Occupancy - Many Spots Free
7/15/2026,5,2026-07-15 05:03:59,05:03:59,Slot_08,Standard,Zone C,Free,0,Online,12.5,1,0,1.5,5,105.0,2.31,Low Occupancy - Many Spots Free
7/15/2026,5,2026-07-15 05:08:59,05:08:59,Slot_01,Standard,Zone D,Free,0,Online,12.5,1,0,1.5,5,105.0,2.01,Low Occupancy - Many Spots Free
7/15/2026,5,2026-07-15 05:08:59,05:08:59,Slot_02,Standard,Zone D,Busy,1,Online,12.5,1,0,1.5,5,105.0,1.8,Low Occupancy - Many Spots Free
7/15/2026,5,2026-07-15 05:08:59,05:08:59,Slot_03,Standard,Zone D,Free,0,Online,12.5,1,0,1.5,5,105.0,1.43,Low Occupancy - Many Spots Free
7/15/2026,5,2026-07-15 05:08:59,05:08:59,Slot_05,Standard,Zone C,Free,0,Online,12.5,1,0,1.5,5,105.0,1.67,Low Occupancy - Many Spots Free
7/15/2026,5,2026-07-15 05:08:59,05:08:59,Slot_04,Standard,Zone D,Free,0,Online,12.5,1,0,1.5,5,105.0,0.91,Low Occupancy - Many Spots Free
7/15/2026,5,2026-07-15 05:08:59,05:08:59,Slot_07,Standard,Zone C,Free,0,Online,12.5,1,0,1.5,5,105.0,2.4,Low Occupancy - Many Spots Free
7/15/2026,5,2026-07-15 05:08:59,05:08:59,Slot_08,Standard,Zone C,Free,0,Online,12.5,1,0,1.5,5,105.0,2.93,Low Occupancy - Many Spots Free
7/15/2026,5,2026-07-15 05:08:59,05:08:59,Slot_06,Standard,Zone D,Free,0,Online,12.5,1,0,1.5,5,105.0,1.51,Low Occupancy - Many Spots Free
7/15/2026,5,2026-07-15 05:13:59,05:13:59,Slot_01,Standard,Zone D,Free,0,Online,12.5,1,0,1.5,5,105.0,2.58,Low Occupancy - Many Spots Free
7/15/2026,5,2026-07-15 05:13:59,05:13:59,Slot_02,Standard,Zone D,Busy,1,Online,12.5,1,0,1.5,5,105.0,0.94,Low Occupancy - Many Spots Free
7/15/2026,5,2026-07-15 05:13:59,05:13:59,Slot_03,Standard,Zone D,Free,0,Online,12.5,1,0,1.5,5,105.0,2.71,Low Occupancy - Many Spots Free
7/15/2026,5,2026-07-15 05:13:59,05:13:59,Slot_05,Standard,Zone C,Free,0,Online,12.5,1,0,1.5,5,105.0,1.48,Low Occupancy - Many Spots Free
7/15/2026,5,2026-07-15 05:13:59,05:13:59,Slot_04,Standard,Zone D,Free,0,Online,12.5,1,0,1.5,5,105.0,1.26,Low Occupancy - Many Spots Free
7/15/2026,5,2026-07-15 05:13:59,05:13:59,Slot_06,Standard,Zone D,Free,0,Online,12.5,1,0,1.5,5,105.0,2.08,Low Occupancy - Many Spots Free
7/15/2026,5,2026-07-15 05:13:59,05:13:59,Slot_07,Standard,Zone C,Free,0,Online,12.5,1,0,1.5,5,105.0,2.47,Low Occupancy - Many Spots Free
7/15/2026,5,2026-07-15 05:13:59,05:13:59,Slot_08,Standard,Zone C,Free,0,Online,12.5,1,0,1.5,5,105.0,0.78,Low Occupancy - Many Spots Free
7/15/2026,5,2026-07-15 05:18:59,05:18:59,Slot_01,Standard,Zone D,Free,0,Online,12.5,1,0,1.5,5,105.0,2.76,Low Occupancy - Many Spots Free
7/15/2026,5,2026-07-15 05:18:59,05:18:59,Slot_02,Standard,Zone D,Busy,1,Online,12.5,1,0,1.5,5,105.0,1.03,Low Occupancy - Many Spots Free
7/15/2026,5,2026-07-15 05:18:59,05:18:59,Slot_03,Standard,Zone D,Free,0,Online,12.5,1,0,1.5,5,105.0,1.15,Low Occupancy - Many Spots Free
7/15/2026,5,2026-07-15 05:18:59,05:18:59,Slot_05,Standard,Zone C,Free,0,Online,12.5,1,0,1.5,5,105.0,1.99,Low Occupancy - Many Spots Free
7/15/2026,5,2026-07-15 05:18:59,05:18:59,Slot_04,Standard,Zone D,Free,0,Online,12.5,1,0,1.5,5,105.0,1.48,Low Occupancy - Many Spots Free
7/15/2026,5,2026-07-15 05:18:59,05:18:59,Slot_06,Standard,Zone D,Free,0,Online,12.5,1,0,1.5,5,105.0,2.75,Low Occupancy - Many Spots Free
7/15/2026,5,2026-07-15 05:18:59,05:18:59,Slot_07,Standard,Zone C,Free,0,Online,12.5,1,0,1.5,5,105.0,2.62,Low Occupancy - Many Spots Free
7/15/2026,5,2026-07-15 05:18:59,05:18:59,Slot_08,Standard,Zone C,Free,0,Online,12.5,1,0,1.5,5,105.0,2.94,Low Occupancy - Many Spots Free
7/15/2026,5,2026-07-15 05:23:59,05:23:59,Slot_01,Standard,Zone D,Free,0,Online,12.5,1,0,1.5,5,105.0,0.78,Low Occupancy - Many Spots Free
7/15/2026,5,2026-07-15 05:23:59,05:23:59,Slot_02,Standard,Zone D,Busy,1,Online,12.5,1,0,1.5,5,105.0,1.02,Low Occupancy - Many Spots Free
7/15/2026,5,2026-07-15 05:23:59,05:23:59,Slot_03,Standard,Zone D,Free,0,Online,12.5,1,0,1.5,5,105.0,2.82,Low Occupancy - Many Spots Free
7/15/2026,5,2026-07-15 05:23:59,05:23:59,Slot_05,Standard,Zone C,Free,0,Online,12.5,1,0,1.5,5,105.0,0.84,Low Occupancy - Many Spots Free
7/15/2026,5,2026-07-15 05:23:59,05:23:59,Slot_04,Standard,Zone D,Free,0,Online,12.5,1,0,1.5,5,105.0,1.61,Low Occupancy - Many Spots Free
7/15/2026,5,2026-07-15 05:23:59,05:23:59,Slot_06,Standard,Zone D,Free,0,Online,12.5,1,0,1.5,5,105.0,1.72,Low Occupancy - Many Spots Free
7/15/2026,5,2026-07-15 05:23:59,05:23:59,Slot_08,Standard,Zone C,Free,0,Online,12.5,1,0,1.5,5,105.0,2.28,Low Occupancy - Many Spots Free
7/15/2026,5,2026-07-15 05:23:59,05:23:59,Slot_07,Standard,Zone C,Free,0,Online,12.5,1,0,1.5,5,105.0,2.81,Low Occupancy - Many Spots Free
7/15/2026,5,2026-07-15 05:28:59,05:28:59,Slot_01,Standard,Zone D,Free,0,Online,14.3,1,0,1.5,5,90.0,2.79,Low Occupancy - Many Spots Free
7/15/2026,5,2026-07-15 05:28:59,05:28:59,Slot_02,Standard,Zone D,Busy,1,Online,14.3,1,0,1.5,5,90.0,1.6,Low Occupancy - Many Spots Free
7/15/2026,5,2026-07-15 05:28:59,05:28:59,Slot_03,Standard,Zone D,Free,0,Online,14.3,1,0,1.5,5,90.0,0.85,Low Occupancy - Many Spots Free
7/15/2026,5,2026-07-15 05:28:59,05:28:59,Slot_05,Standard,Zone C,Free,0,Online,14.3,1,0,1.5,5,90.0,1.49,Low Occupancy - Many Spots Free
7/15/2026,5,2026-07-15 05:28:59,05:28:59,Slot_04,Standard,Zone D,Free,0,Online,14.3,1,0,1.5,5,90.0,2.93,Low Occupancy - Many Spots Free
7/15/2026,5,2026-07-15 05:28:59,05:28:59,Slot_08,Standard,Zone C,Free,0,Online,14.3,1,0,1.5,5,90.0,2.55,Low Occupancy - Many Spots Free
7/15/2026,5,2026-07-15 05:28:59,05:28:59,Slot_06,Standard,Zone D,Free,0,Online,14.3,1,0,1.5,5,90.0,0.94,Low Occupancy - Many Spots Free
7/15/2026,5,2026-07-15 05:33:59,05:33:59,Slot_01,Standard,Zone D,Free,0,Online,12.5,1,0,1.5,5,105.0,2.16,Low Occupancy - Many Spots Free
7/15/2026,5,2026-07-15 05:33:59,05:33:59,Slot_02,Standard,Zone D,Busy,1,Online,12.5,1,0,1.5,5,105.0,1.62,Low Occupancy - Many Spots Free
7/15/2026,5,2026-07-15 05:33:59,05:33:59,Slot_03,Standard,Zone D,Free,0,Online,12.5,1,0,1.5,5,105.0,0.52,Low Occupancy - Many Spots Free
7/15/2026,5,2026-07-15 05:33:59,05:33:59,Slot_05,Standard,Zone C,Free,0,Online,12.5,1,0,1.5,5,105.0,0.72,Low Occupancy - Many Spots Free
7/15/2026,5,2026-07-15 05:33:59,05:33:59,Slot_04,Standard,Zone D,Free,0,Online,12.5,1,0,1.5,5,105.0,1.83,Low Occupancy - Many Spots Free
7/15/2026,5,2026-07-15 05:33:59,05:33:59,Slot_08,Standard,Zone C,Free,0,Online,12.5,1,0,1.5,5,105.0,1.97,Low Occupancy - Many Spots Free
7/15/2026,5,2026-07-15 05:33:59,05:33:59,Slot_07,Standard,Zone C,Free,0,Online,12.5,1,0,1.5,5,105.0,0.79,Low Occupancy - Many Spots Free
7/15/2026,5,2026-07-15 05:33:59,05:33:59,Slot_06,Standard,Zone D,Free,0,Online,12.5,1,0,1.5,5,105.0,2.22,Low Occupancy - Many Spots Free
7/15/2026,5,2026-07-15 05:38:59,05:38:59,Slot_01,Standard,Zone D,Free,0,Online,12.5,1,0,1.5,5,105.0,1.51,Low Occupancy - Many Spots Free
7/15/2026,5,2026-07-15 05:38:59,05:38:59,Slot_02,Standard,Zone D,Busy,1,Online,12.5,1,0,1.5,5,105.0,1.0,Low Occupancy - Many Spots Free
7/15/2026,5,2026-07-15 05:38:59,05:38:59,Slot_03,Standard,Zone D,Free,0,Online,12.5,1,0,1.5,5,105.0,2.77,Low Occupancy - Many Spots Free
7/15/2026,5,2026-07-15 05:38:59,05:38:59,Slot_05,Standard,Zone C,Free,0,Online,12.5,1,0,1.5,5,105.0,1.14,Low Occupancy - Many Spots Free
7/15/2026,5,2026-07-15 05:38:59,05:38:59,Slot_04,Standard,Zone D,Free,0,Online,12.5,1,0,1.5,5,105.0,2.62,Low Occupancy - Many Spots Free
7/15/2026,5,2026-07-15 05:38:59,05:38:59,Slot_08,Standard,Zone C,Free,0,Online,12.5,1,0,1.5,5,105.0,1.28,Low Occupancy - Many Spots Free
7/15/2026,5,2026-07-15 05:38:59,05:38:59,Slot_07,Standard,Zone C,Free,0,Online,12.5,1,0,1.5,5,105.0,1.32,Low Occupancy - Many Spots Free
7/15/2026,5,2026-07-15 05:38:59,05:38:59,Slot_06,Standard,Zone D,Free,0,Online,12.5,1,0,1.5,5,105.0,0.67,Low Occupancy - Many Spots Free
7/15/2026,5,2026-07-15 05:43:59,05:43:59,Slot_01,Standard,Zone D,Free,0,Online,12.5,1,0,1.5,5,105.0,2.7,Low Occupancy - Many Spots Free
7/15/2026,5,2026-07-15 05:43:59,05:43:59,Slot_02,Standard,Zone D,Busy,1,Online,12.5,1,0,1.5,5,105.0,1.74,Low Occupancy - Many Spots Free
7/15/2026,5,2026-07-15 05:43:59,05:43:59,Slot_03,Standard,Zone D,Free,0,Online,12.5,1,0,1.5,5,105.0,2.61,Low Occupancy - Many Spots Free
7/15/2026,5,2026-07-15 05:43:59,05:43:59,Slot_04,Standard,Zone D,Free,0,Online,12.5,1,0,1.5,5,105.0,2.74,Low Occupancy - Many Spots Free
7/15/2026,5,2026-07-15 05:43:59,05:43:59,Slot_05,Standard,Zone C,Free,0,Online,12.5,1,0,1.5,5,105.0,2.86,Low Occupancy - Many Spots Free
7/15/2026,5,2026-07-15 05:43:59,05:43:59,Slot_08,Standard,Zone C,Free,0,Online,12.5,1,0,1.5,5,105.0,1.83,Low Occupancy - Many Spots Free
7/15/2026,5,2026-07-15 05:43:59,05:43:59,Slot_06,Standard,Zone D,Free,0,Online,12.5,1,0,1.5,5,105.0,1.89,Low Occupancy - Many Spots Free
7/15/2026,5,2026-07-15 05:43:59,05:43:59,Slot_07,Standard,Zone C,Free,0,Online,12.5,1,0,1.5,5,105.0,0.62,Low Occupancy - Many Spots Free
7/15/2026,5,2026-07-15 05:48:59,05:48:59,Slot_02,Standard,Zone D,Busy,1,Online,12.5,1,0,1.5,5,105.0,1.94,Low Occupancy - Many Spots Free
7/15/2026,5,2026-07-15 05:48:59,05:48:59,Slot_01,Standard,Zone D,Free,0,Online,12.5,1,0,1.5,5,105.0,2.77,Low Occupancy - Many Spots Free
7/15/2026,5,2026-07-15 05:48:59,05:48:59,Slot_03,Standard,Zone D,Free,0,Online,12.5,1,0,1.5,5,105.0,1.62,Low Occupancy - Many Spots Free
7/15/2026,5,2026-07-15 05:48:59,05:48:59,Slot_05,Standard,Zone C,Free,0,Online,12.5,1,0,1.5,5,105.0,1.59,Low Occupancy - Many Spots Free
7/15/2026,5,2026-07-15 05:48:59,05:48:59,Slot_04,Standard,Zone D,Free,0,Online,12.5,1,0,1.5,5,105.0,1.55,Low Occupancy - Many Spots Free
7/15/2026,5,2026-07-15 05:48:59,05:48:59,Slot_08,Standard,Zone C,Free,0,Online,12.5,1,0,1.5,5,105.0,2.66,Low Occupancy - Many Spots Free
7/15/2026,5,2026-07-15 05:48:59,05:48:59,Slot_07,Standard,Zone C,Free,0,Online,12.5,1,0,1.5,5,105.0,2.67,Low Occupancy - Many Spots Free
7/15/2026,5,2026-07-15 05:48:59,05:48:59,Slot_06,Standard,Zone D,Free,0,Online,12.5,1,0,1.5,5,105.0,0.93,Low Occupancy - Many Spots Free
7/15/2026,5,2026-07-15 05:53:59,05:53:59,Slot_01,Standard,Zone D,Free,0,Online,14.3,1,0,1.5,5,90.0,0.54,Low Occupancy - Many Spots Free
7/15/2026,5,2026-07-15 05:53:59,05:53:59,Slot_02,Standard,Zone D,Busy,1,Online,14.3,1,0,1.5,5,90.0,1.83,Low Occupancy - Many Spots Free
7/15/2026,5,2026-07-15 05:53:59,05:53:59,Slot_03,Standard,Zone D,Free,0,Online,14.3,1,0,1.5,5,90.0,1.28,Low Occupancy - Many Spots Free
7/15/2026,5,2026-07-15 05:53:59,05:53:59,Slot_05,Standard,Zone C,Free,0,Online,14.3,1,0,1.5,5,90.0,2.65,Low Occupancy - Many Spots Free
7/15/2026,5,2026-07-15 05:53:59,05:53:59,Slot_04,Standard,Zone D,Free,0,Online,14.3,1,0,1.5,5,90.0,2.32,Low Occupancy - Many Spots Free
7/15/2026,5,2026-07-15 05:53:59,05:53:59,Slot_08,Standard,Zone C,Free,0,Online,14.3,1,0,1.5,5,90.0,2.74,Low Occupancy - Many Spots Free
7/15/2026,5,2026-07-15 05:53:59,05:53:59,Slot_06,Standard,Zone D,Free,0,Online,14.3,1,0,1.5,5,90.0,1.52,Low Occupancy - Many Spots Free
7/15/2026,5,2026-07-15 05:58:59,05:58:59,Slot_01,Standard,Zone D,Free,0,Online,14.3,1,0,1.5,5,90.0,2.02,Low Occupancy - Many Spots Free
7/15/2026,5,2026-07-15 05:58:59,05:58:59,Slot_02,Standard,Zone D,Busy,1,Online,14.3,1,0,1.5,5,90.0,1.19,Low Occupancy - Many Spots Free
7/15/2026,5,2026-07-15 05:58:59,05:58:59,Slot_03,Standard,Zone D,Free,0,Online,14.3,1,0,1.5,5,90.0,0.65,Low Occupancy - Many Spots Free
7/15/2026,5,2026-07-15 05:58:59,05:58:59,Slot_05,Standard,Zone C,Free,0,Online,14.3,1,0,1.5,5,90.0,1.09,Low Occupancy - Many Spots Free
7/15/2026,5,2026-07-15 05:58:59,05:58:59,Slot_04,Standard,Zone D,Free,0,Online,14.3,1,0,1.5,5,90.0,0.86,Low Occupancy - Many Spots Free
7/15/2026,5,2026-07-15 05:58:59,05:58:59,Slot_08,Standard,Zone C,Free,0,Online,14.3,1,0,1.5,5,90.0,1.28,Low Occupancy - Many Spots Free
7/15/2026,5,2026-07-15 05:58:59,05:58:59,Slot_06,Standard,Zone D,Free,0,Online,14.3,1,0,1.5,5,90.0,1.72,Low Occupancy - Many Spots Free
7/15/2026,6,2026-07-15 06:03:59,06:03:59,Slot_01,Standard,Zone D,Free,0,Online,12.5,1,0,1.5,6,105.0,2.2,Low Occupancy - Many Spots Free
7/15/2026,6,2026-07-15 06:03:59,06:03:59,Slot_02,Standard,Zone D,Busy,1,Online,12.5,1,0,1.5,6,105.0,1.78,Low Occupancy - Many Spots Free
7/15/2026,6,2026-07-15 06:03:59,06:03:59,Slot_03,Standard,Zone D,Free,0,Online,12.5,1,0,1.5,6,105.0,2.64,Low Occupancy - Many Spots Free
7/15/2026,6,2026-07-15 06:03:59,06:03:59,Slot_05,Standard,Zone C,Free,0,Online,12.5,1,0,1.5,6,105.0,2.9,Low Occupancy - Many Spots Free
7/15/2026,6,2026-07-15 06:03:59,06:03:59,Slot_04,Standard,Zone D,Free,0,Online,12.5,1,0,1.5,6,105.0,1.09,Low Occupancy - Many Spots Free
7/15/2026,6,2026-07-15 06:03:59,06:03:59,Slot_08,Standard,Zone C,Free,0,Online,12.5,1,0,1.5,6,105.0,2.64,Low Occupancy - Many Spots Free
7/15/2026,6,2026-07-15 06:03:59,06:03:59,Slot_07,Standard,Zone C,Free,0,Online,12.5,1,0,1.5,6,105.0,0.73,Low Occupancy - Many Spots Free
7/15/2026,6,2026-07-15 06:03:59,06:03:59,Slot_06,Standard,Zone D,Free,0,Online,12.5,1,0,1.5,6,105.0,1.07,Low Occupancy - Many Spots Free
7/15/2026,6,2026-07-15 06:08:59,06:08:59,Slot_01,Standard,Zone D,Free,0,Online,14.3,1,0,1.5,6,90.0,1.94,Low Occupancy - Many Spots Free
7/15/2026,6,2026-07-15 06:08:59,06:08:59,Slot_02,Standard,Zone D,Busy,1,Online,14.3,1,0,1.5,6,90.0,1.19,Low Occupancy - Many Spots Free
7/15/2026,6,2026-07-15 06:08:59,06:08:59,Slot_03,Standard,Zone D,Free,0,Online,14.3,1,0,1.5,6,90.0,2.85,Low Occupancy - Many Spots Free
7/15/2026,6,2026-07-15 06:08:59,06:08:59,Slot_05,Standard,Zone C,Free,0,Online,14.3,1,0,1.5,6,90.0,1.85,Low Occupancy - Many Spots Free
7/15/2026,6,2026-07-15 06:08:59,06:08:59,Slot_04,Standard,Zone D,Free,0,Online,14.3,1,0,1.5,6,90.0,2.97,Low Occupancy - Many Spots Free
7/15/2026,6,2026-07-15 06:08:59,06:08:59,Slot_08,Standard,Zone C,Free,0,Online,14.3,1,0,1.5,6,90.0,1.65,Low Occupancy - Many Spots Free
7/15/2026,6,2026-07-15 06:08:59,06:08:59,Slot_06,Standard,Zone D,Free,0,Online,14.3,1,0,1.5,6,90.0,2.9,Low Occupancy - Many Spots Free
7/15/2026,6,2026-07-15 06:13:59,06:13:59,Slot_01,Standard,Zone D,Free,0,Online,12.5,1,0,1.5,6,105.0,1.89,Low Occupancy - Many Spots Free
7/15/2026,6,2026-07-15 06:13:59,06:13:59,Slot_02,Standard,Zone D,Busy,1,Online,12.5,1,0,1.5,6,105.0,1.55,Low Occupancy - Many Spots Free
7/15/2026,6,2026-07-15 06:13:59,06:13:59,Slot_03,Standard,Zone D,Free,0,Online,12.5,1,0,1.5,6,105.0,1.92,Low Occupancy - Many Spots Free
7/15/2026,6,2026-07-15 06:13:59,06:13:59,Slot_05,Standard,Zone C,Free,0,Online,12.5,1,0,1.5,6,105.0,1.1,Low Occupancy - Many Spots Free
7/15/2026,6,2026-07-15 06:13:59,06:13:59,Slot_04,Standard,Zone D,Free,0,Online,12.5,1,0,1.5,6,105.0,2.37,Low Occupancy - Many Spots Free
7/15/2026,6,2026-07-15 06:13:59,06:13:59,Slot_06,Standard,Zone D,Free,0,Online,12.5,1,0,1.5,6,105.0,2.63,Low Occupancy - Many Spots Free
7/15/2026,6,2026-07-15 06:13:59,06:13:59,Slot_08,Standard,Zone C,Free,0,Online,12.5,1,0,1.5,6,105.0,1.75,Low Occupancy - Many Spots Free
7/15/2026,6,2026-07-15 06:13:59,06:13:59,Slot_07,Standard,Zone C,Free,0,Online,12.5,1,0,1.5,6,105.0,2.8,Low Occupancy - Many Spots Free
7/15/2026,6,2026-07-15 06:18:59,06:18:59,Slot_01,Standard,Zone D,Free,0,Online,12.5,1,0,1.5,6,105.0,0.76,Low Occupancy - Many Spots Free
7/15/2026,6,2026-07-15 06:18:59,06:18:59,Slot_02,Standard,Zone D,Busy,1,Online,12.5,1,0,1.5,6,105.0,1.45,Low Occupancy - Many Spots Free
7/15/2026,6,2026-07-15 06:18:59,06:18:59,Slot_03,Standard,Zone D,Free,0,Online,12.5,1,0,1.5,6,105.0,1.67,Low Occupancy - Many Spots Free
7/15/2026,6,2026-07-15 06:18:59,06:18:59,Slot_04,Standard,Zone D,Free,0,Online,12.5,1,0,1.5,6,105.0,2.93,Low Occupancy - Many Spots Free
7/15/2026,6,2026-07-15 06:18:59,06:18:59,Slot_05,Standard,Zone C,Free,0,Online,12.5,1,0,1.5,6,105.0,1.52,Low Occupancy - Many Spots Free
7/15/2026,6,2026-07-15 06:18:59,06:18:59,Slot_06,Standard,Zone D,Free,0,Online,12.5,1,0,1.5,6,105.0,0.87,Low Occupancy - Many Spots Free
7/15/2026,6,2026-07-15 06:18:59,06:18:59,Slot_08,Standard,Zone C,Free,0,Online,12.5,1,0,1.5,6,105.0,0.98,Low Occupancy - Many Spots Free
7/15/2026,6,2026-07-15 06:18:59,06:18:59,Slot_07,Standard,Zone C,Free,0,Online,12.5,1,0,1.5,6,105.0,2.21,Low Occupancy - Many Spots Free
7/15/2026,6,2026-07-15 06:23:59,06:23:59,Slot_01,Standard,Zone D,Free,0,Online,12.5,1,0,1.5,6,105.0,0.93,Low Occupancy - Many Spots Free
7/15/2026,6,2026-07-15 06:23:59,06:23:59,Slot_02,Standard,Zone D,Busy,1,Online,12.5,1,0,1.5,6,105.0,0.79,Low Occupancy - Many Spots Free
7/15/2026,6,2026-07-15 06:23:59,06:23:59,Slot_03,Standard,Zone D,Free,0,Online,12.5,1,0,1.5,6,105.0,1.48,Low Occupancy - Many Spots Free
7/15/2026,6,2026-07-15 06:23:59,06:23:59,Slot_04,Standard,Zone D,Free,0,Online,12.5,1,0,1.5,6,105.0,1.14,Low Occupancy - Many Spots Free
7/15/2026,6,2026-07-15 06:23:59,06:23:59,Slot_05,Standard,Zone C,Free,0,Online,12.5,1,0,1.5,6,105.0,2.36,Low Occupancy - Many Spots Free
7/15/2026,6,2026-07-15 06:23:59,06:23:59,Slot_06,Standard,Zone D,Free,0,Online,12.5,1,0,1.5,6,105.0,2.06,Low Occupancy - Many Spots Free
7/15/2026,6,2026-07-15 06:23:59,06:23:59,Slot_08,Standard,Zone C,Free,0,Online,12.5,1,0,1.5,6,105.0,2.91,Low Occupancy - Many Spots Free
7/15/2026,6,2026-07-15 06:23:59,06:23:59,Slot_07,Standard,Zone C,Free,0,Online,12.5,1,0,1.5,6,105.0,2.76,Low Occupancy - Many Spots Free
7/15/2026,6,2026-07-15 06:28:59,06:28:59,Slot_01,Standard,Zone D,Free,0,Online,14.3,1,0,1.5,6,90.0,2.0,Low Occupancy - Many Spots Free
7/15/2026,6,2026-07-15 06:28:59,06:28:59,Slot_03,Standard,Zone D,Free,0,Online,14.3,1,0,1.5,6,90.0,2.65,Low Occupancy - Many Spots Free
7/15/2026,6,2026-07-15 06:28:59,06:28:59,Slot_02,Standard,Zone D,Busy,1,Online,14.3,1,0,1.5,6,90.0,2.69,Low Occupancy - Many Spots Free
7/15/2026,6,2026-07-15 06:28:59,06:28:59,Slot_04,Standard,Zone D,Free,0,Online,14.3,1,0,1.5,6,90.0,1.83,Low Occupancy - Many Spots Free
7/15/2026,6,2026-07-15 06:28:59,06:28:59,Slot_05,Standard,Zone C,Free,0,Online,14.3,1,0,1.5,6,90.0,0.72,Low Occupancy - Many Spots Free
7/15/2026,6,2026-07-15 06:28:59,06:28:59,Slot_06,Standard,Zone D,Free,0,Online,14.3,1,0,1.5,6,90.0,1.59,Low Occupancy - Many Spots Free
7/15/2026,6,2026-07-15 06:28:59,06:28:59,Slot_08,Standard,Zone C,Free,0,Online,14.3,1,0,1.5,6,90.0,1.21,Low Occupancy - Many Spots Free
7/15/2026,6,2026-07-15 06:33:59,06:33:59,Slot_01,Standard,Zone D,Free,0,Online,14.3,1,0,1.5,6,90.0,2.02,Low Occupancy - Many Spots Free
7/15/2026,6,2026-07-15 06:33:59,06:33:59,Slot_03,Standard,Zone D,Free,0,Online,14.3,1,0,1.5,6,90.0,1.93,Low Occupancy - Many Spots Free
7/15/2026,6,2026-07-15 06:33:59,06:33:59,Slot_02,Standard,Zone D,Busy,1,Online,14.3,1,0,1.5,6,90.0,1.14,Low Occupancy - Many Spots Free
7/15/2026,6,2026-07-15 06:33:59,06:33:59,Slot_05,Standard,Zone C,Free,0,Online,14.3,1,0,1.5,6,90.0,1.73,Low Occupancy - Many Spots Free
7/15/2026,6,2026-07-15 06:33:59,06:33:59,Slot_04,Standard,Zone D,Free,0,Online,14.3,1,0,1.5,6,90.0,2.78,Low Occupancy - Many Spots Free
7/15/2026,6,2026-07-15 06:33:59,06:33:59,Slot_06,Standard,Zone D,Free,0,Online,14.3,1,0,1.5,6,90.0,2.71,Low Occupancy - Many Spots Free
7/15/2026,6,2026-07-15 06:33:59,06:33:59,Slot_08,Standard,Zone C,Free,0,Online,14.3,1,0,1.5,6,90.0,0.76,Low Occupancy - Many Spots Free
7/15/2026,6,2026-07-15 06:38:59,06:38:59,Slot_01,Standard,Zone D,Free,0,Online,14.3,1,0,1.5,6,90.0,2.59,Low Occupancy - Many Spots Free
7/15/2026,6,2026-07-15 06:38:59,06:38:59,Slot_03,Standard,Zone D,Free,0,Online,14.3,1,0,1.5,6,90.0,2.99,Low Occupancy - Many Spots Free
7/15/2026,6,2026-07-15 06:38:59,06:38:59,Slot_05,Standard,Zone C,Free,0,Online,14.3,1,0,1.5,6,90.0,1.42,Low Occupancy - Many Spots Free
7/15/2026,6,2026-07-15 06:38:59,06:38:59,Slot_04,Standard,Zone D,Free,0,Online,14.3,1,0,1.5,6,90.0,2.02,Low Occupancy - Many Spots Free
7/15/2026,6,2026-07-15 06:38:59,06:38:59,Slot_06,Standard,Zone D,Free,0,Online,14.3,1,0,1.5,6,90.0,2.27,Low Occupancy - Many Spots Free
7/15/2026,6,2026-07-15 06:38:59,06:38:59,Slot_02,Standard,Zone D,Busy,1,Online,14.3,1,0,1.5,6,90.0,1.88,Low Occupancy - Many Spots Free
7/15/2026,6,2026-07-15 06:38:59,06:38:59,Slot_08,Standard,Zone C,Free,0,Online,14.3,1,0,1.5,6,90.0,2.73,Low Occupancy - Many Spots Free
7/15/2026,6,2026-07-15 06:43:59,06:43:59,Slot_01,Standard,Zone D,Free,0,Online,14.3,1,0,1.5,6,90.0,2.82,Low Occupancy - Many Spots Free
7/15/2026,6,2026-07-15 06:43:59,06:43:59,Slot_03,Standard,Zone D,Free,0,Online,14.3,1,0,1.5,6,90.0,0.69,Low Occupancy - Many Spots Free
7/15/2026,6,2026-07-15 06:43:59,06:43:59,Slot_05,Standard,Zone C,Free,0,Online,14.3,1,0,1.5,6,90.0,0.83,Low Occupancy - Many Spots Free
7/15/2026,6,2026-07-15 06:43:59,06:43:59,Slot_04,Standard,Zone D,Free,0,Online,14.3,1,0,1.5,6,90.0,1.94,Low Occupancy - Many Spots Free
7/15/2026,6,2026-07-15 06:43:59,06:43:59,Slot_06,Standard,Zone D,Free,0,Online,14.3,1,0,1.5,6,90.0,2.73,Low Occupancy - Many Spots Free
7/15/2026,6,2026-07-15 06:43:59,06:43:59,Slot_02,Standard,Zone D,Busy,1,Online,14.3,1,0,1.5,6,90.0,0.78,Low Occupancy - Many Spots Free
7/15/2026,6,2026-07-15 06:43:59,06:43:59,Slot_08,Standard,Zone C,Free,0,Online,14.3,1,0,1.5,6,90.0,0.89,Low Occupancy - Many Spots Free
7/15/2026,6,2026-07-15 06:48:59,06:48:59,Slot_01,Standard,Zone D,Free,0,Online,12.5,1,0,1.5,6,105.0,2.5,Low Occupancy - Many Spots Free
7/15/2026,6,2026-07-15 06:48:59,06:48:59,Slot_03,Standard,Zone D,Free,0,Online,12.5,1,0,1.5,6,105.0,1.63,Low Occupancy - Many Spots Free
7/15/2026,6,2026-07-15 06:48:59,06:48:59,Slot_05,Standard,Zone C,Free,0,Online,12.5,1,0,1.5,6,105.0,1.15,Low Occupancy - Many Spots Free
7/15/2026,6,2026-07-15 06:48:59,06:48:59,Slot_02,Standard,Zone D,Busy,1,Online,12.5,1,0,1.5,6,105.0,2.96,Low Occupancy - Many Spots Free
7/15/2026,6,2026-07-15 06:48:59,06:48:59,Slot_04,Standard,Zone D,Free,0,Online,12.5,1,0,1.5,6,105.0,0.73,Low Occupancy - Many Spots Free
7/15/2026,6,2026-07-15 06:48:59,06:48:59,Slot_06,Standard,Zone D,Free,0,Online,12.5,1,0,1.5,6,105.0,2.52,Low Occupancy - Many Spots Free
7/15/2026,6,2026-07-15 06:48:59,06:48:59,Slot_08,Standard,Zone C,Free,0,Online,12.5,1,0,1.5,6,105.0,1.07,Low Occupancy - Many Spots Free
7/15/2026,6,2026-07-15 06:48:59,06:48:59,Slot_07,Standard,Zone C,Free,0,Online,12.5,1,0,1.5,6,105.0,2.39,Low Occupancy - Many Spots Free
7/15/2026,6,2026-07-15 06:53:59,06:53:59,Slot_01,Standard,Zone D,Free,0,Online,14.3,1,0,1.5,6,90.0,2.82,Low Occupancy - Many Spots Free
7/15/2026,6,2026-07-15 06:53:59,06:53:59,Slot_03,Standard,Zone D,Free,0,Online,14.3,1,0,1.5,6,90.0,1.43,Low Occupancy - Many Spots Free
7/15/2026,6,2026-07-15 06:53:59,06:53:59,Slot_05,Standard,Zone C,Free,0,Online,14.3,1,0,1.5,6,90.0,2.17,Low Occupancy - Many Spots Free
7/15/2026,6,2026-07-15 06:53:59,06:53:59,Slot_02,Standard,Zone D,Busy,1,Online,14.3,1,0,1.5,6,90.0,0.77,Low Occupancy - Many Spots Free
7/15/2026,6,2026-07-15 06:53:59,06:53:59,Slot_04,Standard,Zone D,Free,0,Online,14.3,1,0,1.5,6,90.0,2.92,Low Occupancy - Many Spots Free
7/15/2026,6,2026-07-15 06:53:59,06:53:59,Slot_06,Standard,Zone D,Free,0,Online,14.3,1,0,1.5,6,90.0,1.6,Low Occupancy - Many Spots Free
7/15/2026,6,2026-07-15 06:53:59,06:53:59,Slot_08,Standard,Zone C,Free,0,Online,14.3,1,0,1.5,6,90.0,0.55,Low Occupancy - Many Spots Free
7/15/2026,6,2026-07-15 06:58:59,06:58:59,Slot_01,Standard,Zone D,Free,0,Online,12.5,1,0,1.5,6,105.0,1.88,Low Occupancy - Many Spots Free
7/15/2026,6,2026-07-15 06:58:59,06:58:59,Slot_03,Standard,Zone D,Free,0,Online,12.5,1,0,1.5,6,105.0,2.71,Low Occupancy - Many Spots Free
7/15/2026,6,2026-07-15 06:58:59,06:58:59,Slot_05,Standard,Zone C,Free,0,Online,12.5,1,0,1.5,6,105.0,0.88,Low Occupancy - Many Spots Free
7/15/2026,6,2026-07-15 06:58:59,06:58:59,Slot_04,Standard,Zone D,Free,0,Online,12.5,1,0,1.5,6,105.0,2.48,Low Occupancy - Many Spots Free
7/15/2026,6,2026-07-15 06:58:59,06:58:59,Slot_02,Standard,Zone D,Busy,1,Online,12.5,1,0,1.5,6,105.0,2.09,Low Occupancy - Many Spots Free
7/15/2026,6,2026-07-15 06:58:59,06:58:59,Slot_06,Standard,Zone D,Free,0,Online,12.5,1,0,1.5,6,105.0,0.99,Low Occupancy - Many Spots Free
7/15/2026,6,2026-07-15 06:58:59,06:58:59,Slot_08,Standard,Zone C,Free,0,Online,12.5,1,0,1.5,6,105.0,2.94,Low Occupancy - Many Spots Free
7/15/2026,6,2026-07-15 06:58:59,06:58:59,Slot_07,Standard,Zone C,Free,0,Online,12.5,1,0,1.5,6,105.0,2.04,Low Occupancy - Many Spots Free
7/15/2026,7,2026-07-15 07:03:59,07:03:59,Slot_01,Standard,Zone D,Free,0,Online,12.5,1,0,1.5,7,105.0,0.96,Low Occupancy - Many Spots Free
7/15/2026,7,2026-07-15 07:03:59,07:03:59,Slot_03,Standard,Zone D,Free,0,Online,12.5,1,0,1.5,7,105.0,1.19,Low Occupancy - Many Spots Free
7/15/2026,7,2026-07-15 07:03:59,07:03:59,Slot_05,Standard,Zone C,Free,0,Online,12.5,1,0,1.5,7,105.0,1.95,Low Occupancy - Many Spots Free
7/15/2026,7,2026-07-15 07:03:59,07:03:59,Slot_04,Standard,Zone D,Free,0,Online,12.5,1,0,1.5,7,105.0,1.66,Low Occupancy - Many Spots Free
7/15/2026,7,2026-07-15 07:03:59,07:03:59,Slot_02,Standard,Zone D,Busy,1,Online,12.5,1,0,1.5,7,105.0,1.54,Low Occupancy - Many Spots Free
7/15/2026,7,2026-07-15 07:03:59,07:03:59,Slot_07,Standard,Zone C,Free,0,Online,12.5,1,0,1.5,7,105.0,1.41,Low Occupancy - Many Spots Free
7/15/2026,7,2026-07-15 07:03:59,07:03:59,Slot_06,Standard,Zone D,Free,0,Online,12.5,1,0,1.5,7,105.0,0.87,Low Occupancy - Many Spots Free
7/15/2026,7,2026-07-15 07:03:59,07:03:59,Slot_08,Standard,Zone C,Free,0,Online,12.5,1,0,1.5,7,105.0,2.24,Low Occupancy - Many Spots Free
7/15/2026,7,2026-07-15 07:08:59,07:08:59,Slot_01,Standard,Zone D,Free,0,Online,12.5,1,0,1.5,7,105.0,1.4,Low Occupancy - Many Spots Free
7/15/2026,7,2026-07-15 07:08:59,07:08:59,Slot_03,Standard,Zone D,Free,0,Online,12.5,1,0,1.5,7,105.0,1.23,Low Occupancy - Many Spots Free
7/15/2026,7,2026-07-15 07:08:59,07:08:59,Slot_05,Standard,Zone C,Free,0,Online,12.5,1,0,1.5,7,105.0,1.38,Low Occupancy - Many Spots Free
7/15/2026,7,2026-07-15 07:08:59,07:08:59,Slot_04,Standard,Zone D,Free,0,Online,12.5,1,0,1.5,7,105.0,2.12,Low Occupancy - Many Spots Free
7/15/2026,7,2026-07-15 07:08:59,07:08:59,Slot_02,Standard,Zone D,Busy,1,Online,12.5,1,0,1.5,7,105.0,2.34,Low Occupancy - Many Spots Free
7/15/2026,7,2026-07-15 07:08:59,07:08:59,Slot_06,Standard,Zone D,Free,0,Online,12.5,1,0,1.5,7,105.0,2.84,Low Occupancy - Many Spots Free
7/15/2026,7,2026-07-15 07:08:59,07:08:59,Slot_07,Standard,Zone C,Free,0,Online,12.5,1,0,1.5,7,105.0,1.1,Low Occupancy - Many Spots Free
7/15/2026,7,2026-07-15 07:08:59,07:08:59,Slot_08,Standard,Zone C,Free,0,Online,12.5,1,0,1.5,7,105.0,1.85,Low Occupancy - Many Spots Free
7/15/2026,7,2026-07-15 07:13:59,07:13:59,Slot_01,Standard,Zone D,Free,0,Online,12.5,1,0,1.5,7,105.0,2.84,Low Occupancy - Many Spots Free
7/15/2026,7,2026-07-15 07:13:59,07:13:59,Slot_03,Standard,Zone D,Free,0,Online,12.5,1,0,1.5,7,105.0,2.86,Low Occupancy - Many Spots Free
7/15/2026,7,2026-07-15 07:13:59,07:13:59,Slot_05,Standard,Zone C,Free,0,Online,12.5,1,0,1.5,7,105.0,1.9,Low Occupancy - Many Spots Free
7/15/2026,7,2026-07-15 07:13:59,07:13:59,Slot_04,Standard,Zone D,Free,0,Online,12.5,1,0,1.5,7,105.0,1.67,Low Occupancy - Many Spots Free
7/15/2026,7,2026-07-15 07:13:59,07:13:59,Slot_02,Standard,Zone D,Busy,1,Online,12.5,1,0,1.5,7,105.0,2.26,Low Occupancy - Many Spots Free
7/15/2026,7,2026-07-15 07:13:59,07:13:59,Slot_06,Standard,Zone D,Free,0,Online,12.5,1,0,1.5,7,105.0,1.11,Low Occupancy - Many Spots Free
7/15/2026,7,2026-07-15 07:13:59,07:13:59,Slot_08,Standard,Zone C,Free,0,Online,12.5,1,0,1.5,7,105.0,0.85,Low Occupancy - Many Spots Free
7/15/2026,7,2026-07-15 07:13:59,07:13:59,Slot_07,Standard,Zone C,Free,0,Online,12.5,1,0,1.5,7,105.0,0.58,Low Occupancy - Many Spots Free
7/15/2026,7,2026-07-15 07:18:59,07:18:59,Slot_01,Standard,Zone D,Free,0,Online,12.5,1,0,1.5,7,105.0,2.69,Low Occupancy - Many Spots Free
7/15/2026,7,2026-07-15 07:18:59,07:18:59,Slot_03,Standard,Zone D,Free,0,Online,12.5,1,0,1.5,7,105.0,1.88,Low Occupancy - Many Spots Free
7/15/2026,7,2026-07-15 07:18:59,07:18:59,Slot_05,Standard,Zone C,Free,0,Online,12.5,1,0,1.5,7,105.0,1.77,Low Occupancy - Many Spots Free
7/15/2026,7,2026-07-15 07:18:59,07:18:59,Slot_04,Standard,Zone D,Free,0,Online,12.5,1,0,1.5,7,105.0,2.86,Low Occupancy - Many Spots Free
7/15/2026,7,2026-07-15 07:18:59,07:18:59,Slot_02,Standard,Zone D,Busy,1,Online,12.5,1,0,1.5,7,105.0,0.97,Low Occupancy - Many Spots Free
7/15/2026,7,2026-07-15 07:18:59,07:18:59,Slot_06,Standard,Zone D,Free,0,Online,12.5,1,0,1.5,7,105.0,0.89,Low Occupancy - Many Spots Free
7/15/2026,7,2026-07-15 07:18:59,07:18:59,Slot_08,Standard,Zone C,Free,0,Online,12.5,1,0,1.5,7,105.0,0.97,Low Occupancy - Many Spots Free
7/15/2026,7,2026-07-15 07:18:59,07:18:59,Slot_07,Standard,Zone C,Free,0,Online,12.5,1,0,1.5,7,105.0,1.07,Low Occupancy - Many Spots Free
7/15/2026,7,2026-07-15 07:23:59,07:23:59,Slot_01,Standard,Zone D,Free,0,Online,14.3,1,0,1.5,7,90.0,1.11,Low Occupancy - Many Spots Free
7/15/2026,7,2026-07-15 07:23:59,07:23:59,Slot_03,Standard,Zone D,Free,0,Online,14.3,1,0,1.5,7,90.0,2.67,Low Occupancy - Many Spots Free
7/15/2026,7,2026-07-15 07:23:59,07:23:59,Slot_05,Standard,Zone C,Free,0,Online,14.3,1,0,1.5,7,90.0,0.76,Low Occupancy - Many Spots Free
7/15/2026,7,2026-07-15 07:23:59,07:23:59,Slot_04,Standard,Zone D,Free,0,Online,14.3,1,0,1.5,7,90.0,0.51,Low Occupancy - Many Spots Free
7/15/2026,7,2026-07-15 07:23:59,07:23:59,Slot_02,Standard,Zone D,Busy,1,Online,14.3,1,0,1.5,7,90.0,1.94,Low Occupancy - Many Spots Free
7/15/2026,7,2026-07-15 07:23:59,07:23:59,Slot_06,Standard,Zone D,Free,0,Online,14.3,1,0,1.5,7,90.0,2.21,Low Occupancy - Many Spots Free
7/15/2026,7,2026-07-15 07:23:59,07:23:59,Slot_08,Standard,Zone C,Free,0,Online,14.3,1,0,1.5,7,90.0,1.07,Low Occupancy - Many Spots Free
7/15/2026,7,2026-07-15 07:28:59,07:28:59,Slot_01,Standard,Zone D,Free,0,Online,14.3,1,0,1.5,7,90.0,1.01,Low Occupancy - Many Spots Free
7/15/2026,7,2026-07-15 07:28:59,07:28:59,Slot_03,Standard,Zone D,Free,0,Online,14.3,1,0,1.5,7,90.0,1.84,Low Occupancy - Many Spots Free
7/15/2026,7,2026-07-15 07:28:59,07:28:59,Slot_05,Standard,Zone C,Free,0,Online,14.3,1,0,1.5,7,90.0,0.87,Low Occupancy - Many Spots Free
7/15/2026,7,2026-07-15 07:28:59,07:28:59,Slot_04,Standard,Zone D,Free,0,Online,14.3,1,0,1.5,7,90.0,2.43,Low Occupancy - Many Spots Free
7/15/2026,7,2026-07-15 07:28:59,07:28:59,Slot_06,Standard,Zone D,Free,0,Online,14.3,1,0,1.5,7,90.0,2.88,Low Occupancy - Many Spots Free
7/15/2026,7,2026-07-15 07:28:59,07:28:59,Slot_08,Standard,Zone C,Free,0,Online,14.3,1,0,1.5,7,90.0,1.17,Low Occupancy - Many Spots Free
7/15/2026,7,2026-07-15 07:28:59,07:28:59,Slot_02,Standard,Zone D,Busy,1,Online,14.3,1,0,1.5,7,90.0,1.31,Low Occupancy - Many Spots Free
7/15/2026,7,2026-07-15 07:33:59,07:33:59,Slot_01,Standard,Zone D,Free,0,Online,12.5,1,0,1.5,7,105.0,1.11,Low Occupancy - Many Spots Free
7/15/2026,7,2026-07-15 07:33:59,07:33:59,Slot_03,Standard,Zone D,Free,0,Online,12.5,1,0,1.5,7,105.0,2.41,Low Occupancy - Many Spots Free
7/15/2026,7,2026-07-15 07:33:59,07:33:59,Slot_05,Standard,Zone C,Free,0,Online,12.5,1,0,1.5,7,105.0,0.53,Low Occupancy - Many Spots Free
7/15/2026,7,2026-07-15 07:33:59,07:33:59,Slot_04,Standard,Zone D,Free,0,Online,12.5,1,0,1.5,7,105.0,2.09,Low Occupancy - Many Spots Free
7/15/2026,7,2026-07-15 07:33:59,07:33:59,Slot_02,Standard,Zone D,Busy,1,Online,12.5,1,0,1.5,7,105.0,1.53,Low Occupancy - Many Spots Free
7/15/2026,7,2026-07-15 07:33:59,07:33:59,Slot_06,Standard,Zone D,Free,0,Online,12.5,1,0,1.5,7,105.0,2.99,Low Occupancy - Many Spots Free
7/15/2026,7,2026-07-15 07:33:59,07:33:59,Slot_07,Standard,Zone C,Free,0,Online,12.5,1,0,1.5,7,105.0,1.73,Low Occupancy - Many Spots Free
7/15/2026,7,2026-07-15 07:33:59,07:33:59,Slot_08,Standard,Zone C,Free,0,Online,12.5,1,0,1.5,7,105.0,1.09,Low Occupancy - Many Spots Free
7/15/2026,7,2026-07-15 07:38:59,07:38:59,Slot_01,Standard,Zone D,Free,0,Online,0.0,1,0,1.5,7,105.0,1.99,Low Occupancy - Many Spots Free
7/15/2026,7,2026-07-15 07:38:59,07:38:59,Slot_03,Standard,Zone D,Free,0,Online,0.0,1,0,1.5,7,105.0,1.13,Low Occupancy - Many Spots Free
7/15/2026,7,2026-07-15 07:38:59,07:38:59,Slot_05,Standard,Zone C,Free,0,Online,0.0,1,0,1.5,7,105.0,2.25,Low Occupancy - Many Spots Free
7/15/2026,7,2026-07-15 07:38:59,07:38:59,Slot_04,Standard,Zone D,Free,0,Online,0.0,1,0,1.5,7,105.0,1.29,Low Occupancy - Many Spots Free
7/15/2026,7,2026-07-15 07:38:59,07:38:59,Slot_07,Standard,Zone C,Free,0,Online,0.0,1,0,1.5,7,105.0,2.89,Low Occupancy - Many Spots Free
7/15/2026,7,2026-07-15 07:38:59,07:38:59,Slot_06,Standard,Zone D,Free,0,Online,0.0,1,0,1.5,7,105.0,2.21,Low Occupancy - Many Spots Free
7/15/2026,7,2026-07-15 07:38:59,07:38:59,Slot_08,Standard,Zone C,Free,0,Online,0.0,1,0,1.5,7,105.0,1.91,Low Occupancy - Many Spots Free
7/15/2026,7,2026-07-15 07:43:59,07:43:59,Slot_01,Standard,Zone D,Free,0,Online,12.5,1,0,1.5,7,105.0,2.91,Low Occupancy - Many Spots Free
7/15/2026,7,2026-07-15 07:43:59,07:43:59,Slot_03,Standard,Zone D,Free,0,Online,12.5,1,0,1.5,7,105.0,1.09,Low Occupancy - Many Spots Free
7/15/2026,7,2026-07-15 07:43:59,07:43:59,Slot_05,Standard,Zone C,Free,0,Online,12.5,1,0,1.5,7,105.0,2.53,Low Occupancy - Many Spots Free
7/15/2026,7,2026-07-15 07:43:59,07:43:59,Slot_04,Standard,Zone D,Free,0,Online,12.5,1,0,1.5,7,105.0,0.59,Low Occupancy - Many Spots Free
7/15/2026,7,2026-07-15 07:43:59,07:43:59,Slot_02,Standard,Zone D,Busy,1,Online,12.5,1,0,1.5,7,105.0,1.5,Low Occupancy - Many Spots Free
7/15/2026,7,2026-07-15 07:43:59,07:43:59,Slot_07,Standard,Zone C,Free,0,Online,12.5,1,0,1.5,7,105.0,1.03,Low Occupancy - Many Spots Free
7/15/2026,7,2026-07-15 07:43:59,07:43:59,Slot_06,Standard,Zone D,Free,0,Online,12.5,1,0,1.5,7,105.0,2.47,Low Occupancy - Many Spots Free
7/15/2026,7,2026-07-15 07:43:59,07:43:59,Slot_08,Standard,Zone C,Free,0,Online,12.5,1,0,1.5,7,105.0,2.62,Low Occupancy - Many Spots Free
7/15/2026,7,2026-07-15 07:48:59,07:48:59,Slot_01,Standard,Zone D,Free,0,Online,22.2,1,0,1.5,7,105.0,2.19,Low Occupancy - Many Spots Free
7/15/2026,7,2026-07-15 07:48:59,07:48:59,Slot_03,Standard,Zone D,Free,0,Online,22.2,1,0,1.5,7,105.0,0.7,Low Occupancy - Many Spots Free
7/15/2026,7,2026-07-15 07:48:59,07:48:59,Slot_05,Standard,Zone C,Free,0,Online,22.2,1,0,1.5,7,105.0,2.82,Low Occupancy - Many Spots Free
7/15/2026,7,2026-07-15 07:48:59,07:48:59,Slot_04,Standard,Zone D,Free,0,Online,22.2,1,0,1.5,7,105.0,1.85,Low Occupancy - Many Spots Free
7/15/2026,7,2026-07-15 07:48:59,07:48:59,Slot_02,Standard,Zone D,Busy,1,Online,22.2,1,0,1.5,7,105.0,2.01,Low Occupancy - Many Spots Free
7/15/2026,7,2026-07-15 07:48:59,07:48:59,Slot_07,Standard,Zone C,Free,0,Online,22.2,1,0,1.5,7,105.0,2.9,Low Occupancy - Many Spots Free
7/15/2026,7,2026-07-15 07:48:59,07:48:59,Slot_06,Standard,Zone D,Free,0,Online,22.2,1,0,1.5,7,105.0,2.25,Low Occupancy - Many Spots Free
7/15/2026,7,2026-07-15 07:48:59,07:48:59,Slot_08,Standard,Zone C,Free,0,Online,22.2,1,0,1.5,7,105.0,1.5,Low Occupancy - Many Spots Free
7/15/2026,7,2026-07-15 07:48:59,07:48:59,Slot_02,Standard,Zone D,Busy,1,Online,22.2,1,0,1.5,7,105.0,0.65,Low Occupancy - Many Spots Free
7/15/2026,7,2026-07-15 07:53:59,07:53:59,Slot_01,Standard,Zone D,Free,0,Online,12.5,1,0,1.5,7,105.0,2.25,Low Occupancy - Many Spots Free
7/15/2026,7,2026-07-15 07:53:59,07:53:59,Slot_03,Standard,Zone D,Free,0,Online,12.5,1,0,1.5,7,105.0,2.72,Low Occupancy - Many Spots Free
7/15/2026,7,2026-07-15 07:53:59,07:53:59,Slot_05,Standard,Zone C,Free,0,Online,12.5,1,0,1.5,7,105.0,0.73,Low Occupancy - Many Spots Free
7/15/2026,7,2026-07-15 07:53:59,07:53:59,Slot_04,Standard,Zone D,Free,0,Online,12.5,1,0,1.5,7,105.0,0.99,Low Occupancy - Many Spots Free
7/15/2026,7,2026-07-15 07:53:59,07:53:59,Slot_06,Standard,Zone D,Free,0,Online,12.5,1,0,1.5,7,105.0,2.97,Low Occupancy - Many Spots Free
7/15/2026,7,2026-07-15 07:53:59,07:53:59,Slot_02,Standard,Zone D,Busy,1,Online,12.5,1,0,1.5,7,105.0,0.93,Low Occupancy - Many Spots Free
7/15/2026,7,2026-07-15 07:53:59,07:53:59,Slot_07,Standard,Zone C,Free,0,Online,12.5,1,0,1.5,7,105.0,2.41,Low Occupancy - Many Spots Free
7/15/2026,7,2026-07-15 07:53:59,07:53:59,Slot_08,Standard,Zone C,Free,0,Online,12.5,1,0,1.5,7,105.0,1.92,Low Occupancy - Many Spots Free
7/15/2026,7,2026-07-15 07:58:59,07:58:59,Slot_01,Standard,Zone D,Free,0,Online,14.3,1,0,1.5,7,90.0,1.44,Low Occupancy - Many Spots Free
7/15/2026,7,2026-07-15 07:58:59,07:58:59,Slot_03,Standard,Zone D,Free,0,Online,14.3,1,0,1.5,7,90.0,1.49,Low Occupancy - Many Spots Free
7/15/2026,7,2026-07-15 07:58:59,07:58:59,Slot_05,Standard,Zone C,Free,0,Online,14.3,1,0,1.5,7,90.0,1.39,Low Occupancy - Many Spots Free
7/15/2026,7,2026-07-15 07:58:59,07:58:59,Slot_02,Standard,Zone D,Busy,1,Online,14.3,1,0,1.5,7,90.0,2.74,Low Occupancy - Many Spots Free
7/15/2026,7,2026-07-15 07:58:59,07:58:59,Slot_04,Standard,Zone D,Free,0,Online,14.3,1,0,1.5,7,90.0,1.8,Low Occupancy - Many Spots Free
7/15/2026,7,2026-07-15 07:58:59,07:58:59,Slot_06,Standard,Zone D,Free,0,Online,14.3,1,0,1.5,7,90.0,0.57,Low Occupancy - Many Spots Free
7/15/2026,7,2026-07-15 07:58:59,07:58:59,Slot_08,Standard,Zone C,Free,0,Online,14.3,1,0,1.5,7,90.0,2.92,Low Occupancy - Many Spots Free
7/15/2026,8,2026-07-15 08:03:59,08:03:59,Slot_01,Standard,Zone D,Free,0,Online,16.7,1,0,1.5,8,75.0,0.51,Low Occupancy - Many Spots Free
7/15/2026,8,2026-07-15 08:03:59,08:03:59,Slot_03,Standard,Zone D,Free,0,Online,16.7,1,0,1.5,8,75.0,2.95,Low Occupancy - Many Spots Free
7/15/2026,8,2026-07-15 08:03:59,08:03:59,Slot_02,Standard,Zone D,Busy,1,Online,16.7,1,0,1.5,8,75.0,1.68,Low Occupancy - Many Spots Free
7/15/2026,8,2026-07-15 08:03:59,08:03:59,Slot_05,Standard,Zone C,Free,0,Online,16.7,1,0,1.5,8,75.0,0.76,Low Occupancy - Many Spots Free
7/15/2026,8,2026-07-15 08:03:59,08:03:59,Slot_04,Standard,Zone D,Free,0,Online,16.7,1,0,1.5,8,75.0,1.4,Low Occupancy - Many Spots Free
7/15/2026,8,2026-07-15 08:03:59,08:03:59,Slot_06,Standard,Zone D,Free,0,Online,16.7,1,0,1.5,8,75.0,2.82,Low Occupancy - Many Spots Free
7/15/2026,8,2026-07-15 08:08:59,08:08:59,Slot_01,Standard,Zone D,Free,0,Online,14.3,1,0,1.5,8,90.0,2.21,Low Occupancy - Many Spots Free
7/15/2026,8,2026-07-15 08:08:59,08:08:59,Slot_03,Standard,Zone D,Free,0,Online,14.3,1,0,1.5,8,90.0,0.9,Low Occupancy - Many Spots Free
7/15/2026,8,2026-07-15 08:08:59,08:08:59,Slot_02,Standard,Zone D,Busy,1,Online,14.3,1,0,1.5,8,90.0,1.14,Low Occupancy - Many Spots Free
7/15/2026,8,2026-07-15 08:08:59,08:08:59,Slot_05,Standard,Zone C,Free,0,Online,14.3,1,0,1.5,8,90.0,0.55,Low Occupancy - Many Spots Free
7/15/2026,8,2026-07-15 08:08:59,08:08:59,Slot_04,Standard,Zone D,Free,0,Online,14.3,1,0,1.5,8,90.0,1.69,Low Occupancy - Many Spots Free
7/15/2026,8,2026-07-15 08:08:59,08:08:59,Slot_06,Standard,Zone D,Free,0,Online,14.3,1,0,1.5,8,90.0,1.72,Low Occupancy - Many Spots Free
7/15/2026,8,2026-07-15 08:08:59,08:08:59,Slot_08,Standard,Zone C,Free,0,Online,14.3,1,0,1.5,8,90.0,0.92,Low Occupancy - Many Spots Free
7/15/2026,8,2026-07-15 08:13:59,08:13:59,Slot_01,Standard,Zone D,Free,0,Online,14.3,1,0,1.5,8,90.0,0.88,Low Occupancy - Many Spots Free
7/15/2026,8,2026-07-15 08:13:59,08:13:59,Slot_03,Standard,Zone D,Free,0,Online,14.3,1,0,1.5,8,90.0,1.87,Low Occupancy - Many Spots Free
7/15/2026,8,2026-07-15 08:13:59,08:13:59,Slot_02,Standard,Zone D,Busy,1,Online,14.3,1,0,1.5,8,90.0,1.75,Low Occupancy - Many Spots Free
7/15/2026,8,2026-07-15 08:13:59,08:13:59,Slot_05,Standard,Zone C,Free,0,Online,14.3,1,0,1.5,8,90.0,1.49,Low Occupancy - Many Spots Free
7/15/2026,8,2026-07-15 08:13:59,08:13:59,Slot_04,Standard,Zone D,Free,0,Online,14.3,1,0,1.5,8,90.0,2.7,Low Occupancy - Many Spots Free
7/15/2026,8,2026-07-15 08:13:59,08:13:59,Slot_06,Standard,Zone D,Free,0,Online,14.3,1,0,1.5,8,90.0,2.33,Low Occupancy - Many Spots Free
7/15/2026,8,2026-07-15 08:13:59,08:13:59,Slot_08,Standard,Zone C,Free,0,Online,14.3,1,0,1.5,8,90.0,2.15,Low Occupancy - Many Spots Free
7/15/2026,8,2026-07-15 08:18:59,08:18:59,Slot_01,Standard,Zone D,Free,0,Online,14.3,1,0,1.5,8,90.0,2.52,Low Occupancy - Many Spots Free
7/15/2026,8,2026-07-15 08:18:59,08:18:59,Slot_03,Standard,Zone D,Free,0,Online,14.3,1,0,1.5,8,90.0,1.6,Low Occupancy - Many Spots Free
7/15/2026,8,2026-07-15 08:18:59,08:18:59,Slot_02,Standard,Zone D,Busy,1,Online,14.3,1,0,1.5,8,90.0,1.4,Low Occupancy - Many Spots Free
7/15/2026,8,2026-07-15 08:18:59,08:18:59,Slot_05,Standard,Zone C,Free,0,Online,14.3,1,0,1.5,8,90.0,1.12,Low Occupancy - Many Spots Free
7/15/2026,8,2026-07-15 08:18:59,08:18:59,Slot_04,Standard,Zone D,Free,0,Online,14.3,1,0,1.5,8,90.0,2.35,Low Occupancy - Many Spots Free
7/15/2026,8,2026-07-15 08:18:59,08:18:59,Slot_06,Standard,Zone D,Free,0,Online,14.3,1,0,1.5,8,90.0,1.05,Low Occupancy - Many Spots Free
7/15/2026,8,2026-07-15 08:18:59,08:18:59,Slot_08,Standard,Zone C,Free,0,Online,14.3,1,0,1.5,8,90.0,1.05,Low Occupancy - Many Spots Free
7/15/2026,8,2026-07-15 08:23:59,08:23:59,Slot_01,Standard,Zone D,Free,0,Online,14.3,1,0,1.5,8,90.0,1.67,Low Occupancy - Many Spots Free
7/15/2026,8,2026-07-15 08:23:59,08:23:59,Slot_03,Standard,Zone D,Free,0,Online,14.3,1,0,1.5,8,90.0,1.47,Low Occupancy - Many Spots Free
7/15/2026,8,2026-07-15 08:23:59,08:23:59,Slot_02,Standard,Zone D,Busy,1,Online,14.3,1,0,1.5,8,90.0,2.47,Low Occupancy - Many Spots Free
7/15/2026,8,2026-07-15 08:23:59,08:23:59,Slot_05,Standard,Zone C,Free,0,Online,14.3,1,0,1.5,8,90.0,2.04,Low Occupancy - Many Spots Free
7/15/2026,8,2026-07-15 08:23:59,08:23:59,Slot_04,Standard,Zone D,Free,0,Online,14.3,1,0,1.5,8,90.0,0.72,Low Occupancy - Many Spots Free
7/15/2026,8,2026-07-15 08:23:59,08:23:59,Slot_06,Standard,Zone D,Free,0,Online,14.3,1,0,1.5,8,90.0,1.37,Low Occupancy - Many Spots Free
7/15/2026,8,2026-07-15 08:23:59,08:23:59,Slot_08,Standard,Zone C,Free,0,Online,14.3,1,0,1.5,8,90.0,1.89,Low Occupancy - Many Spots Free
7/15/2026,8,2026-07-15 08:28:59,08:28:59,Slot_01,Standard,Zone D,Free,0,Online,14.3,1,0,1.5,8,90.0,1.77,Low Occupancy - Many Spots Free
7/15/2026,8,2026-07-15 08:28:59,08:28:59,Slot_03,Standard,Zone D,Free,0,Online,14.3,1,0,1.5,8,90.0,0.96,Low Occupancy - Many Spots Free
7/15/2026,8,2026-07-15 08:28:59,08:28:59,Slot_05,Standard,Zone C,Free,0,Online,14.3,1,0,1.5,8,90.0,2.96,Low Occupancy - Many Spots Free
7/15/2026,8,2026-07-15 08:28:59,08:28:59,Slot_02,Standard,Zone D,Busy,1,Online,14.3,1,0,1.5,8,90.0,1.13,Low Occupancy - Many Spots Free
7/15/2026,8,2026-07-15 08:28:59,08:28:59,Slot_04,Standard,Zone D,Free,0,Online,14.3,1,0,1.5,8,90.0,0.78,Low Occupancy - Many Spots Free
7/15/2026,8,2026-07-15 08:28:59,08:28:59,Slot_06,Standard,Zone D,Free,0,Online,14.3,1,0,1.5,8,90.0,1.16,Low Occupancy - Many Spots Free
7/15/2026,8,2026-07-15 08:28:59,08:28:59,Slot_08,Standard,Zone C,Free,0,Online,14.3,1,0,1.5,8,90.0,2.36,Low Occupancy - Many Spots Free
7/15/2026,8,2026-07-15 08:33:59,08:33:59,Slot_01,Standard,Zone D,Free,0,Online,14.3,1,0,1.5,8,90.0,2.51,Low Occupancy - Many Spots Free
7/15/2026,8,2026-07-15 08:33:59,08:33:59,Slot_03,Standard,Zone D,Free,0,Online,14.3,1,0,1.5,8,90.0,1.9,Low Occupancy - Many Spots Free
7/15/2026,8,2026-07-15 08:33:59,08:33:59,Slot_02,Standard,Zone D,Busy,1,Online,14.3,1,0,1.5,8,90.0,0.61,Low Occupancy - Many Spots Free
7/15/2026,8,2026-07-15 08:33:59,08:33:59,Slot_05,Standard,Zone C,Free,0,Online,14.3,1,0,1.5,8,90.0,2.37,Low Occupancy - Many Spots Free
7/15/2026,8,2026-07-15 08:33:59,08:33:59,Slot_04,Standard,Zone D,Free,0,Online,14.3,1,0,1.5,8,90.0,1.53,Low Occupancy - Many Spots Free
7/15/2026,8,2026-07-15 08:33:59,08:33:59,Slot_07,Standard,Zone C,Free,0,Online,14.3,1,0,1.5,8,90.0,1.22,Low Occupancy - Many Spots Free
7/15/2026,8,2026-07-15 08:33:59,08:33:59,Slot_08,Standard,Zone C,Free,0,Online,14.3,1,0,1.5,8,90.0,1.4,Low Occupancy - Many Spots Free
7/15/2026,8,2026-07-15 08:38:59,08:38:59,Slot_01,Standard,Zone D,Free,0,Online,12.5,1,0,1.5,8,105.0,1.79,Low Occupancy - Many Spots Free
7/15/2026,8,2026-07-15 08:38:59,08:38:59,Slot_03,Standard,Zone D,Free,0,Online,12.5,1,0,1.5,8,105.0,1.42,Low Occupancy - Many Spots Free
7/15/2026,8,2026-07-15 08:38:59,08:38:59,Slot_05,Standard,Zone C,Free,0,Online,12.5,1,0,1.5,8,105.0,1.3,Low Occupancy - Many Spots Free
7/15/2026,8,2026-07-15 08:38:59,08:38:59,Slot_02,Standard,Zone D,Busy,1,Online,12.5,1,0,1.5,8,105.0,1.86,Low Occupancy - Many Spots Free
7/15/2026,8,2026-07-15 08:38:59,08:38:59,Slot_04,Standard,Zone D,Free,0,Online,12.5,1,0,1.5,8,105.0,2.77,Low Occupancy - Many Spots Free
7/15/2026,8,2026-07-15 08:38:59,08:38:59,Slot_08,Standard,Zone C,Free,0,Online,12.5,1,0,1.5,8,105.0,2.77,Low Occupancy - Many Spots Free
7/15/2026,8,2026-07-15 08:38:59,08:38:59,Slot_07,Standard,Zone C,Free,0,Online,12.5,1,0,1.5,8,105.0,0.81,Low Occupancy - Many Spots Free
7/15/2026,8,2026-07-15 08:38:59,08:38:59,Slot_06,Standard,Zone D,Free,0,Online,12.5,1,0,1.5,8,105.0,0.76,Low Occupancy - Many Spots Free
7/15/2026,8,2026-07-15 08:43:59,08:43:59,Slot_01,Standard,Zone D,Free,0,Online,12.5,1,0,1.5,8,105.0,2.4,Low Occupancy - Many Spots Free
7/15/2026,8,2026-07-15 08:43:59,08:43:59,Slot_03,Standard,Zone D,Free,0,Online,12.5,1,0,1.5,8,105.0,0.66,Low Occupancy - Many Spots Free
7/15/2026,8,2026-07-15 08:43:59,08:43:59,Slot_02,Standard,Zone D,Busy,1,Online,12.5,1,0,1.5,8,105.0,1.83,Low Occupancy - Many Spots Free
7/15/2026,8,2026-07-15 08:43:59,08:43:59,Slot_05,Standard,Zone C,Free,0,Online,12.5,1,0,1.5,8,105.0,1.31,Low Occupancy - Many Spots Free
7/15/2026,8,2026-07-15 08:43:59,08:43:59,Slot_04,Standard,Zone D,Free,0,Online,12.5,1,0,1.5,8,105.0,2.69,Low Occupancy - Many Spots Free
7/15/2026,8,2026-07-15 08:43:59,08:43:59,Slot_06,Standard,Zone D,Free,0,Online,12.5,1,0,1.5,8,105.0,1.09,Low Occupancy - Many Spots Free
7/15/2026,8,2026-07-15 08:43:59,08:43:59,Slot_07,Standard,Zone C,Free,0,Online,12.5,1,0,1.5,8,105.0,2.69,Low Occupancy - Many Spots Free
7/15/2026,8,2026-07-15 08:43:59,08:43:59,Slot_08,Standard,Zone C,Free,0,Online,12.5,1,0,1.5,8,105.0,2.82,Low Occupancy - Many Spots Free
7/15/2026,8,2026-07-15 08:48:59,08:48:59,Slot_01,Standard,Zone D,Free,0,Online,14.3,1,0,1.5,8,90.0,0.88,Low Occupancy - Many Spots Free
7/15/2026,8,2026-07-15 08:48:59,08:48:59,Slot_03,Standard,Zone D,Free,0,Online,14.3,1,0,1.5,8,90.0,0.83,Low Occupancy - Many Spots Free
7/15/2026,8,2026-07-15 08:48:59,08:48:59,Slot_05,Standard,Zone C,Free,0,Online,14.3,1,0,1.5,8,90.0,1.64,Low Occupancy - Many Spots Free
7/15/2026,8,2026-07-15 08:48:59,08:48:59,Slot_02,Standard,Zone D,Busy,1,Online,14.3,1,0,1.5,8,90.0,2.65,Low Occupancy - Many Spots Free
7/15/2026,8,2026-07-15 08:48:59,08:48:59,Slot_04,Standard,Zone D,Free,0,Online,14.3,1,0,1.5,8,90.0,0.73,Low Occupancy - Many Spots Free
7/15/2026,8,2026-07-15 08:48:59,08:48:59,Slot_06,Standard,Zone D,Free,0,Online,14.3,1,0,1.5,8,90.0,0.71,Low Occupancy - Many Spots Free
7/15/2026,8,2026-07-15 08:48:59,08:48:59,Slot_07,Standard,Zone C,Free,0,Online,14.3,1,0,1.5,8,90.0,0.73,Low Occupancy - Many Spots Free
7/15/2026,8,2026-07-15 08:53:59,08:53:59,Slot_01,Standard,Zone D,Free,0,Online,16.7,1,0,1.5,8,75.0,2.75,Low Occupancy - Many Spots Free
7/15/2026,8,2026-07-15 08:53:59,08:53:59,Slot_03,Standard,Zone D,Free,0,Online,16.7,1,0,1.5,8,75.0,1.11,Low Occupancy - Many Spots Free
7/15/2026,8,2026-07-15 08:53:59,08:53:59,Slot_05,Standard,Zone C,Free,0,Online,16.7,1,0,1.5,8,75.0,2.14,Low Occupancy - Many Spots Free
7/15/2026,8,2026-07-15 08:53:59,08:53:59,Slot_02,Standard,Zone D,Busy,1,Online,16.7,1,0,1.5,8,75.0,1.13,Low Occupancy - Many Spots Free
7/15/2026,8,2026-07-15 08:53:59,08:53:59,Slot_04,Standard,Zone D,Free,0,Online,16.7,1,0,1.5,8,75.0,1.93,Low Occupancy - Many Spots Free
7/15/2026,8,2026-07-15 08:53:59,08:53:59,Slot_07,Standard,Zone C,Free,0,Online,16.7,1,0,1.5,8,75.0,1.43,Low Occupancy - Many Spots Free
7/15/2026,8,2026-07-15 08:58:59,08:58:59,Slot_01,Standard,Zone D,Free,0,Online,16.7,1,0,1.5,8,75.0,2.4,Low Occupancy - Many Spots Free
7/15/2026,8,2026-07-15 08:58:59,08:58:59,Slot_03,Standard,Zone D,Free,0,Online,16.7,1,0,1.5,8,75.0,1.66,Low Occupancy - Many Spots Free
7/15/2026,8,2026-07-15 08:58:59,08:58:59,Slot_05,Standard,Zone C,Free,0,Online,16.7,1,0,1.5,8,75.0,2.12,Low Occupancy - Many Spots Free
7/15/2026,8,2026-07-15 08:58:59,08:58:59,Slot_02,Standard,Zone D,Busy,1,Online,16.7,1,0,1.5,8,75.0,1.49,Low Occupancy - Many Spots Free
7/15/2026,8,2026-07-15 08:58:59,08:58:59,Slot_04,Standard,Zone D,Free,0,Online,16.7,1,0,1.5,8,75.0,1.89,Low Occupancy - Many Spots Free
7/15/2026,8,2026-07-15 08:58:59,08:58:59,Slot_07,Standard,Zone C,Free,0,Online,16.7,1,0,1.5,8,75.0,2.84,Low Occupancy - Many Spots Free
7/15/2026,9,2026-07-15 09:03:59,09:03:59,Slot_01,Standard,Zone D,Free,0,Online,16.7,1,0,1.5,9,75.0,2.0,Low Occupancy - Many Spots Free
7/15/2026,9,2026-07-15 09:03:59,09:03:59,Slot_03,Standard,Zone D,Free,0,Online,16.7,1,0,1.5,9,75.0,0.71,Low Occupancy - Many Spots Free
7/15/2026,9,2026-07-15 09:03:59,09:03:59,Slot_05,Standard,Zone C,Free,0,Online,16.7,1,0,1.5,9,75.0,2.55,Low Occupancy - Many Spots Free
7/15/2026,9,2026-07-15 09:03:59,09:03:59,Slot_04,Standard,Zone D,Free,0,Online,16.7,1,0,1.5,9,75.0,2.43,Low Occupancy - Many Spots Free
7/15/2026,9,2026-07-15 09:03:59,09:03:59,Slot_02,Standard,Zone D,Busy,1,Online,16.7,1,0,1.5,9,75.0,0.95,Low Occupancy - Many Spots Free
7/15/2026,9,2026-07-15 09:03:59,09:03:59,Slot_07,Standard,Zone C,Free,0,Online,16.7,1,0,1.5,9,75.0,1.77,Low Occupancy - Many Spots Free
7/15/2026,9,2026-07-15 09:08:59,09:08:59,Slot_01,Standard,Zone D,Free,0,Online,16.7,1,0,1.5,9,75.0,2.08,Low Occupancy - Many Spots Free
7/15/2026,9,2026-07-15 09:08:59,09:08:59,Slot_03,Standard,Zone D,Free,0,Online,16.7,1,0,1.5,9,75.0,2.02,Low Occupancy - Many Spots Free
7/15/2026,9,2026-07-15 09:08:59,09:08:59,Slot_05,Standard,Zone C,Free,0,Online,16.7,1,0,1.5,9,75.0,2.15,Low Occupancy - Many Spots Free
7/15/2026,9,2026-07-15 09:08:59,09:08:59,Slot_04,Standard,Zone D,Free,0,Online,16.7,1,0,1.5,9,75.0,2.28,Low Occupancy - Many Spots Free
7/15/2026,9,2026-07-15 09:08:59,09:08:59,Slot_02,Standard,Zone D,Busy,1,Online,16.7,1,0,1.5,9,75.0,2.34,Low Occupancy - Many Spots Free
7/15/2026,9,2026-07-15 09:08:59,09:08:59,Slot_06,Standard,Zone D,Free,0,Online,16.7,1,0,1.5,9,75.0,2.13,Low Occupancy - Many Spots Free
7/15/2026,9,2026-07-15 09:13:59,09:13:59,Slot_01,Standard,Zone D,Free,0,Online,16.7,1,0,1.5,9,75.0,2.17,Low Occupancy - Many Spots Free
7/15/2026,9,2026-07-15 09:13:59,09:13:59,Slot_03,Standard,Zone D,Free,0,Online,16.7,1,0,1.5,9,75.0,1.66,Low Occupancy - Many Spots Free
7/15/2026,9,2026-07-15 09:13:59,09:13:59,Slot_05,Standard,Zone C,Free,0,Online,16.7,1,0,1.5,9,75.0,0.94,Low Occupancy - Many Spots Free
7/15/2026,9,2026-07-15 09:13:59,09:13:59,Slot_04,Standard,Zone D,Free,0,Online,16.7,1,0,1.5,9,75.0,0.59,Low Occupancy - Many Spots Free
7/15/2026,9,2026-07-15 09:13:59,09:13:59,Slot_02,Standard,Zone D,Busy,1,Online,16.7,1,0,1.5,9,75.0,0.64,Low Occupancy - Many Spots Free
7/15/2026,9,2026-07-15 09:13:59,09:13:59,Slot_06,Standard,Zone D,Free,0,Online,16.7,1,0,1.5,9,75.0,2.08,Low Occupancy - Many Spots Free
7/15/2026,9,2026-07-15 09:18:59,09:18:59,Slot_01,Standard,Zone D,Free,0,Online,16.7,1,0,1.5,9,75.0,0.64,Low Occupancy - Many Spots Free
7/15/2026,9,2026-07-15 09:18:59,09:18:59,Slot_03,Standard,Zone D,Free,0,Online,16.7,1,0,1.5,9,75.0,2.7,Low Occupancy - Many Spots Free
7/15/2026,9,2026-07-15 09:18:59,09:18:59,Slot_05,Standard,Zone C,Free,0,Online,16.7,1,0,1.5,9,75.0,1.5,Low Occupancy - Many Spots Free
7/15/2026,9,2026-07-15 09:18:59,09:18:59,Slot_04,Standard,Zone D,Free,0,Online,16.7,1,0,1.5,9,75.0,0.51,Low Occupancy - Many Spots Free
7/15/2026,9,2026-07-15 09:18:59,09:18:59,Slot_02,Standard,Zone D,Busy,1,Online,16.7,1,0,1.5,9,75.0,0.82,Low Occupancy - Many Spots Free
7/15/2026,9,2026-07-15 09:18:59,09:18:59,Slot_06,Standard,Zone D,Free,0,Online,16.7,1,0,1.5,9,75.0,1.24,Low Occupancy - Many Spots Free
7/15/2026,9,2026-07-15 09:23:59,09:23:59,Slot_01,Standard,Zone D,Free,0,Online,20.0,1,0,1.5,9,60.0,0.59,Low Occupancy - Many Spots Free
7/15/2026,9,2026-07-15 09:23:59,09:23:59,Slot_03,Standard,Zone D,Free,0,Online,20.0,1,0,1.5,9,60.0,2.31,Low Occupancy - Many Spots Free
7/15/2026,9,2026-07-15 09:23:59,09:23:59,Slot_05,Standard,Zone C,Free,0,Online,20.0,1,0,1.5,9,60.0,0.84,Low Occupancy - Many Spots Free
7/15/2026,9,2026-07-15 09:23:59,09:23:59,Slot_04,Standard,Zone D,Free,0,Online,20.0,1,0,1.5,9,60.0,1.26,Low Occupancy - Many Spots Free
7/15/2026,9,2026-07-15 09:23:59,09:23:59,Slot_02,Standard,Zone D,Busy,1,Online,20.0,1,0,1.5,9,60.0,2.24,Low Occupancy - Many Spots Free
7/15/2026,9,2026-07-15 09:28:59,09:28:59,Slot_01,Standard,Zone D,Free,0,Online,0.0,1,0,1.5,9,75.0,1.43,Low Occupancy - Many Spots Free
7/15/2026,9,2026-07-15 09:28:59,09:28:59,Slot_03,Standard,Zone D,Free,0,Online,0.0,1,0,1.5,9,75.0,1.32,Low Occupancy - Many Spots Free
7/15/2026,9,2026-07-15 09:28:59,09:28:59,Slot_05,Standard,Zone C,Free,0,Online,0.0,1,0,1.5,9,75.0,2.62,Low Occupancy - Many Spots Free
7/15/2026,9,2026-07-15 09:28:59,09:28:59,Slot_04,Standard,Zone D,Free,0,Online,0.0,1,0,1.5,9,75.0,2.94,Low Occupancy - Many Spots Free
7/15/2026,9,2026-07-15 09:28:59,09:28:59,Slot_07,Standard,Zone C,Free,0,Online,0.0,1,0,1.5,9,75.0,2.6,Low Occupancy - Many Spots Free
7/15/2026,9,2026-07-15 09:33:59,09:33:59,Slot_01,Standard,Zone D,Free,0,Online,0.0,1,0,1.5,9,60.0,0.96,Low Occupancy - Many Spots Free
7/15/2026,9,2026-07-15 09:33:59,09:33:59,Slot_03,Standard,Zone D,Free,0,Online,0.0,1,0,1.5,9,60.0,1.55,Low Occupancy - Many Spots Free
7/15/2026,9,2026-07-15 09:33:59,09:33:59,Slot_05,Standard,Zone C,Free,0,Online,0.0,1,0,1.5,9,60.0,2.84,Low Occupancy - Many Spots Free
7/15/2026,9,2026-07-15 09:33:59,09:33:59,Slot_04,Standard,Zone D,Free,0,Online,0.0,1,0,1.5,9,60.0,0.69,Low Occupancy - Many Spots Free
7/15/2026,9,2026-07-15 09:38:59,09:38:59,Slot_01,Standard,Zone D,Free,0,Online,0.0,1,1,1.5,9,75.0,2.46,Low Occupancy - Many Spots Free
7/15/2026,9,2026-07-15 09:38:59,09:38:59,Slot_03,Standard,Zone D,Free,0,Online,0.0,1,1,1.5,9,75.0,2.79,Low Occupancy - Many Spots Free
7/15/2026,9,2026-07-15 09:38:59,09:38:59,Slot_05,Standard,Zone C,Free,0,Online,0.0,1,1,1.5,9,75.0,2.61,Low Occupancy - Many Spots Free
7/15/2026,9,2026-07-15 09:38:59,09:38:59,Slot_04,Standard,Zone D,Free,0,Online,0.0,1,1,1.5,9,75.0,0.76,Low Occupancy - Many Spots Free
7/15/2026,9,2026-07-15 09:38:59,09:38:59,Slot_07,Standard,Zone C,Free,0,Online,0.0,1,1,1.5,9,75.0,1.48,Low Occupancy - Many Spots Free
7/15/2026,9,2026-07-15 09:43:59,09:43:59,Slot_01,Standard,Zone D,Free,0,Online,0.0,1,1,1.5,9,75.0,0.83,Low Occupancy - Many Spots Free
7/15/2026,9,2026-07-15 09:43:59,09:43:59,Slot_03,Standard,Zone D,Free,0,Online,0.0,1,1,1.5,9,75.0,0.94,Low Occupancy - Many Spots Free
7/15/2026,9,2026-07-15 09:43:59,09:43:59,Slot_05,Standard,Zone C,Free,0,Online,0.0,1,1,1.5,9,75.0,2.85,Low Occupancy - Many Spots Free
7/15/2026,9,2026-07-15 09:43:59,09:43:59,Slot_04,Standard,Zone D,Free,0,Online,0.0,1,1,1.5,9,75.0,2.76,Low Occupancy - Many Spots Free
7/15/2026,9,2026-07-15 09:43:59,09:43:59,Slot_07,Standard,Zone C,Free,0,Online,0.0,1,1,1.5,9,75.0,2.64,Low Occupancy - Many Spots Free
7/15/2026,9,2026-07-15 09:48:59,09:48:59,Slot_01,Standard,Zone D,Free,0,Online,0.0,1,1,1.5,9,60.0,1.13,Low Occupancy - Many Spots Free
7/15/2026,9,2026-07-15 09:48:59,09:48:59,Slot_03,Standard,Zone D,Free,0,Online,0.0,1,1,1.5,9,60.0,2.6,Low Occupancy - Many Spots Free
7/15/2026,9,2026-07-15 09:48:59,09:48:59,Slot_05,Standard,Zone C,Free,0,Online,0.0,1,1,1.5,9,60.0,1.54,Low Occupancy - Many Spots Free
7/15/2026,9,2026-07-15 09:48:59,09:48:59,Slot_04,Standard,Zone D,Free,0,Online,0.0,1,1,1.5,9,60.0,0.7,Low Occupancy - Many Spots Free
7/15/2026,9,2026-07-15 09:53:59,09:53:59,Slot_01,Standard,Zone D,Free,0,Online,0.0,1,1,1.5,9,60.0,2.99,Low Occupancy - Many Spots Free
7/15/2026,9,2026-07-15 09:53:59,09:53:59,Slot_03,Standard,Zone D,Free,0,Online,0.0,1,1,1.5,9,60.0,2.03,Low Occupancy - Many Spots Free
7/15/2026,9,2026-07-15 09:53:59,09:53:59,Slot_05,Standard,Zone C,Free,0,Online,0.0,1,1,1.5,9,60.0,0.84,Low Occupancy - Many Spots Free
7/15/2026,9,2026-07-15 09:53:59,09:53:59,Slot_04,Standard,Zone D,Free,0,Online,0.0,1,1,1.5,9,60.0,1.5,Low Occupancy - Many Spots Free
7/15/2026,9,2026-07-15 09:58:59,09:58:59,Slot_01,Standard,Zone D,Free,0,Online,0.0,1,1,1.5,9,60.0,2.04,Low Occupancy - Many Spots Free
7/15/2026,9,2026-07-15 09:58:59,09:58:59,Slot_03,Standard,Zone D,Free,0,Online,0.0,1,1,1.5,9,60.0,2.88,Low Occupancy - Many Spots Free
7/15/2026,9,2026-07-15 09:58:59,09:58:59,Slot_05,Standard,Zone C,Free,0,Online,0.0,1,1,1.5,9,60.0,1.68,Low Occupancy - Many Spots Free
7/15/2026,9,2026-07-15 09:58:59,09:58:59,Slot_04,Standard,Zone D,Free,0,Online,0.0,1,1,1.5,9,60.0,2.42,Low Occupancy - Many Spots Free
7/15/2026,10,2026-07-15 10:03:59,10:03:59,Slot_01,Standard,Zone D,Free,0,Online,0.0,1,1,1.5,10,60.0,1.05,Low Occupancy - Many Spots Free
7/15/2026,10,2026-07-15 10:03:59,10:03:59,Slot_03,Standard,Zone D,Free,0,Online,0.0,1,1,1.5,10,60.0,1.86,Low Occupancy - Many Spots Free
7/15/2026,10,2026-07-15 10:03:59,10:03:59,Slot_05,Standard,Zone C,Free,0,Online,0.0,1,1,1.5,10,60.0,2.22,Low Occupancy - Many Spots Free
7/15/2026,10,2026-07-15 10:03:59,10:03:59,Slot_04,Standard,Zone D,Free,0,Online,0.0,1,1,1.5,10,60.0,1.67,Low Occupancy - Many Spots Free
7/15/2026,10,2026-07-15 10:08:59,10:08:59,Slot_01,Standard,Zone D,Free,0,Online,0.0,1,1,1.5,10,60.0,1.32,Low Occupancy - Many Spots Free
7/15/2026,10,2026-07-15 10:08:59,10:08:59,Slot_03,Standard,Zone D,Free,0,Online,0.0,1,1,1.5,10,60.0,2.73,Low Occupancy - Many Spots Free
7/15/2026,10,2026-07-15 10:08:59,10:08:59,Slot_05,Standard,Zone C,Free,0,Online,0.0,1,1,1.5,10,60.0,1.27,Low Occupancy - Many Spots Free
7/15/2026,10,2026-07-15 10:08:59,10:08:59,Slot_04,Standard,Zone D,Free,0,Online,0.0,1,1,1.5,10,60.0,0.6,Low Occupancy - Many Spots Free
7/15/2026,10,2026-07-15 10:13:59,10:13:59,Slot_01,Standard,Zone D,Free,0,Online,0.0,1,1,1.5,10,60.0,1.77,Low Occupancy - Many Spots Free
7/15/2026,10,2026-07-15 10:13:59,10:13:59,Slot_03,Standard,Zone D,Free,0,Online,0.0,1,1,1.5,10,60.0,2.45,Low Occupancy - Many Spots Free
7/15/2026,10,2026-07-15 10:13:59,10:13:59,Slot_05,Standard,Zone C,Free,0,Online,0.0,1,1,1.5,10,60.0,0.67,Low Occupancy - Many Spots Free
7/15/2026,10,2026-07-15 10:13:59,10:13:59,Slot_04,Standard,Zone D,Free,0,Online,0.0,1,1,1.5,10,60.0,0.99,Low Occupancy - Many Spots Free
7/15/2026,10,2026-07-15 10:18:59,10:18:59,Slot_01,Standard,Zone D,Free,0,Online,0.0,1,1,1.5,10,60.0,0.95,Low Occupancy - Many Spots Free
7/15/2026,10,2026-07-15 10:18:59,10:18:59,Slot_03,Standard,Zone D,Free,0,Online,0.0,1,1,1.5,10,60.0,2.27,Low Occupancy - Many Spots Free
7/15/2026,10,2026-07-15 10:18:59,10:18:59,Slot_05,Standard,Zone C,Free,0,Online,0.0,1,1,1.5,10,60.0,1.93,Low Occupancy - Many Spots Free
7/15/2026,10,2026-07-15 10:18:59,10:18:59,Slot_04,Standard,Zone D,Free,0,Online,0.0,1,1,1.5,10,60.0,2.34,Low Occupancy - Many Spots Free
7/15/2026,10,2026-07-15 10:23:59,10:23:59,Slot_01,Standard,Zone D,Free,0,Online,0.0,1,1,1.5,10,60.0,1.21,Low Occupancy - Many Spots Free
7/15/2026,10,2026-07-15 10:23:59,10:23:59,Slot_03,Standard,Zone D,Free,0,Online,0.0,1,1,1.5,10,60.0,2.26,Low Occupancy - Many Spots Free
7/15/2026,10,2026-07-15 10:23:59,10:23:59,Slot_05,Standard,Zone C,Free,0,Online,0.0,1,1,1.5,10,60.0,2.15,Low Occupancy - Many Spots Free
7/15/2026,10,2026-07-15 10:23:59,10:23:59,Slot_04,Standard,Zone D,Free,0,Online,0.0,1,1,1.5,10,60.0,0.54,Low Occupancy - Many Spots Free
7/15/2026,10,2026-07-15 10:28:59,10:28:59,Slot_01,Standard,Zone D,Free,0,Online,0.0,1,1,1.5,10,60.0,0.79,Low Occupancy - Many Spots Free
7/15/2026,10,2026-07-15 10:28:59,10:28:59,Slot_03,Standard,Zone D,Free,0,Online,0.0,1,1,1.5,10,60.0,0.54,Low Occupancy - Many Spots Free
7/15/2026,10,2026-07-15 10:28:59,10:28:59,Slot_05,Standard,Zone C,Free,0,Online,0.0,1,1,1.5,10,60.0,1.29,Low Occupancy - Many Spots Free
7/15/2026,10,2026-07-15 10:28:59,10:28:59,Slot_04,Standard,Zone D,Free,0,Online,0.0,1,1,1.5,10,60.0,2.92,Low Occupancy - Many Spots Free
7/15/2026,10,2026-07-15 10:33:59,10:33:59,Slot_01,Standard,Zone D,Free,0,Online,0.0,1,1,1.5,10,60.0,1.72,Low Occupancy - Many Spots Free
7/15/2026,10,2026-07-15 10:33:59,10:33:59,Slot_03,Standard,Zone D,Free,0,Online,0.0,1,1,1.5,10,60.0,0.64,Low Occupancy - Many Spots Free
7/15/2026,10,2026-07-15 10:33:59,10:33:59,Slot_05,Standard,Zone C,Free,0,Online,0.0,1,1,1.5,10,60.0,1.44,Low Occupancy - Many Spots Free
7/15/2026,10,2026-07-15 10:33:59,10:33:59,Slot_04,Standard,Zone D,Free,0,Online,0.0,1,1,1.5,10,60.0,1.33,Low Occupancy - Many Spots Free
7/15/2026,10,2026-07-15 10:38:59,10:38:59,Slot_01,Standard,Zone D,Free,0,Online,0.0,1,1,1.5,10,60.0,2.13,Low Occupancy - Many Spots Free
7/15/2026,10,2026-07-15 10:38:59,10:38:59,Slot_03,Standard,Zone D,Free,0,Online,0.0,1,1,1.5,10,60.0,2.44,Low Occupancy - Many Spots Free
7/15/2026,10,2026-07-15 10:38:59,10:38:59,Slot_05,Standard,Zone C,Free,0,Online,0.0,1,1,1.5,10,60.0,2.02,Low Occupancy - Many Spots Free
7/15/2026,10,2026-07-15 10:38:59,10:38:59,Slot_04,Standard,Zone D,Free,0,Online,0.0,1,1,1.5,10,60.0,1.32,Low Occupancy - Many Spots Free
7/15/2026,10,2026-07-15 10:43:59,10:43:59,Slot_01,Standard,Zone D,Free,0,Online,0.0,1,1,1.5,10,60.0,1.84,Low Occupancy - Many Spots Free
7/15/2026,10,2026-07-15 10:43:59,10:43:59,Slot_05,Standard,Zone C,Free,0,Online,0.0,1,1,1.5,10,60.0,1.13,Low Occupancy - Many Spots Free
7/15/2026,10,2026-07-15 10:43:59,10:43:59,Slot_04,Standard,Zone D,Free,0,Online,0.0,1,1,1.5,10,60.0,1.99,Low Occupancy - Many Spots Free
7/15/2026,10,2026-07-15 10:43:59,10:43:59,Slot_03,Standard,Zone D,Free,0,Online,0.0,1,1,1.5,10,60.0,0.86,Low Occupancy - Many Spots Free
7/15/2026,10,2026-07-15 10:48:59,10:48:59,Slot_01,Standard,Zone D,Free,0,Online,0.0,1,1,1.5,10,60.0,2.74,Low Occupancy - Many Spots Free
7/15/2026,10,2026-07-15 10:48:59,10:48:59,Slot_05,Standard,Zone C,Free,0,Online,0.0,1,1,1.5,10,60.0,0.71,Low Occupancy - Many Spots Free
7/15/2026,10,2026-07-15 10:48:59,10:48:59,Slot_04,Standard,Zone D,Free,0,Online,0.0,1,1,1.5,10,60.0,0.84,Low Occupancy - Many Spots Free
7/15/2026,10,2026-07-15 10:48:59,10:48:59,Slot_03,Standard,Zone D,Free,0,Online,0.0,1,1,1.5,10,60.0,1.25,Low Occupancy - Many Spots Free
7/15/2026,10,2026-07-15 10:53:59,10:53:59,Slot_01,Standard,Zone D,Free,0,Online,0.0,1,1,1.5,10,60.0,1.47,Low Occupancy - Many Spots Free
7/15/2026,10,2026-07-15 10:53:59,10:53:59,Slot_05,Standard,Zone C,Free,0,Online,0.0,1,1,1.5,10,60.0,1.2,Low Occupancy - Many Spots Free
7/15/2026,10,2026-07-15 10:53:59,10:53:59,Slot_03,Standard,Zone D,Free,0,Online,0.0,1,1,1.5,10,60.0,2.49,Low Occupancy - Many Spots Free
7/15/2026,10,2026-07-15 10:53:59,10:53:59,Slot_04,Standard,Zone D,Free,0,Online,0.0,1,1,1.5,10,60.0,1.16,Low Occupancy - Many Spots Free
7/15/2026,10,2026-07-15 10:58:59,10:58:59,Slot_01,Standard,Zone D,Free,0,Online,0.0,1,1,1.5,10,60.0,1.56,Low Occupancy - Many Spots Free
7/15/2026,10,2026-07-15 10:58:59,10:58:59,Slot_05,Standard,Zone C,Free,0,Online,0.0,1,1,1.5,10,60.0,1.88,Low Occupancy - Many Spots Free
7/15/2026,10,2026-07-15 10:58:59,10:58:59,Slot_04,Standard,Zone D,Free,0,Online,0.0,1,1,1.5,10,60.0,1.21,Low Occupancy - Many Spots Free
7/15/2026,10,2026-07-15 10:58:59,10:58:59,Slot_03,Standard,Zone D,Free,0,Online,0.0,1,1,1.5,10,60.0,1.87,Low Occupancy - Many Spots Free
7/15/2026,11,2026-07-15 11:03:59,11:03:59,Slot_01,Standard,Zone D,Free,0,Online,0.0,1,1,1.5,11,60.0,1.98,Low Occupancy - Many Spots Free
7/15/2026,11,2026-07-15 11:03:59,11:03:59,Slot_03,Standard,Zone D,Free,0,Online,0.0,1,1,1.5,11,60.0,1.1,Low Occupancy - Many Spots Free
7/15/2026,11,2026-07-15 11:03:59,11:03:59,Slot_05,Standard,Zone C,Free,0,Online,0.0,1,1,1.5,11,60.0,1.65,Low Occupancy - Many Spots Free
7/15/2026,11,2026-07-15 11:03:59,11:03:59,Slot_04,Standard,Zone D,Free,0,Online,0.0,1,1,1.5,11,60.0,0.89,Low Occupancy - Many Spots Free
7/15/2026,11,2026-07-15 11:08:59,11:08:59,Slot_01,Standard,Zone D,Free,0,Online,0.0,1,1,1.5,11,60.0,0.95,Low Occupancy - Many Spots Free
7/15/2026,11,2026-07-15 11:08:59,11:08:59,Slot_03,Standard,Zone D,Free,0,Online,0.0,1,1,1.5,11,60.0,2.02,Low Occupancy - Many Spots Free
7/15/2026,11,2026-07-15 11:08:59,11:08:59,Slot_05,Standard,Zone C,Free,0,Online,0.0,1,1,1.5,11,60.0,1.85,Low Occupancy - Many Spots Free
7/15/2026,11,2026-07-15 11:08:59,11:08:59,Slot_04,Standard,Zone D,Free,0,Online,0.0,1,1,1.5,11,60.0,1.48,Low Occupancy - Many Spots Free
7/15/2026,11,2026-07-15 11:13:59,11:13:59,Slot_01,Standard,Zone D,Free,0,Online,0.0,1,1,1.5,11,60.0,1.65,Low Occupancy - Many Spots Free
7/15/2026,11,2026-07-15 11:13:59,11:13:59,Slot_03,Standard,Zone D,Free,0,Online,0.0,1,1,1.5,11,60.0,1.79,Low Occupancy - Many Spots Free
7/15/2026,11,2026-07-15 11:13:59,11:13:59,Slot_05,Standard,Zone C,Free,0,Online,0.0,1,1,1.5,11,60.0,1.11,Low Occupancy - Many Spots Free
7/15/2026,11,2026-07-15 11:13:59,11:13:59,Slot_04,Standard,Zone D,Free,0,Online,0.0,1,1,1.5,11,60.0,2.28,Low Occupancy - Many Spots Free
7/15/2026,11,2026-07-15 11:18:59,11:18:59,Slot_01,Standard,Zone D,Free,0,Online,0.0,1,1,1.5,11,60.0,2.2,Low Occupancy - Many Spots Free
7/15/2026,11,2026-07-15 11:18:59,11:18:59,Slot_03,Standard,Zone D,Free,0,Online,0.0,1,1,1.5,11,60.0,0.55,Low Occupancy - Many Spots Free
7/15/2026,11,2026-07-15 11:18:59,11:18:59,Slot_05,Standard,Zone C,Free,0,Online,0.0,1,1,1.5,11,60.0,0.65,Low Occupancy - Many Spots Free
7/15/2026,11,2026-07-15 11:18:59,11:18:59,Slot_04,Standard,Zone D,Free,0,Online,0.0,1,1,1.5,11,60.0,2.27,Low Occupancy - Many Spots Free
7/15/2026,11,2026-07-15 11:23:59,11:23:59,Slot_01,Standard,Zone D,Free,0,Online,0.0,1,1,1.5,11,60.0,1.51,Low Occupancy - Many Spots Free
7/15/2026,11,2026-07-15 11:23:59,11:23:59,Slot_03,Standard,Zone D,Free,0,Online,0.0,1,1,1.5,11,60.0,1.95,Low Occupancy - Many Spots Free
7/15/2026,11,2026-07-15 11:23:59,11:23:59,Slot_05,Standard,Zone C,Free,0,Online,0.0,1,1,1.5,11,60.0,2.72,Low Occupancy - Many Spots Free
7/15/2026,11,2026-07-15 11:23:59,11:23:59,Slot_04,Standard,Zone D,Free,0,Online,0.0,1,1,1.5,11,60.0,1.08,Low Occupancy - Many Spots Free
7/15/2026,11,2026-07-15 11:28:59,11:28:59,Slot_01,Standard,Zone D,Free,0,Online,0.0,1,1,1.5,11,60.0,1.6,Low Occupancy - Many Spots Free
7/15/2026,11,2026-07-15 11:28:59,11:28:59,Slot_03,Standard,Zone D,Free,0,Online,0.0,1,1,1.5,11,60.0,2.85,Low Occupancy - Many Spots Free
7/15/2026,11,2026-07-15 11:28:59,11:28:59,Slot_05,Standard,Zone C,Free,0,Online,0.0,1,1,1.5,11,60.0,1.75,Low Occupancy - Many Spots Free
7/15/2026,11,2026-07-15 11:28:59,11:28:59,Slot_04,Standard,Zone D,Free,0,Online,0.0,1,1,1.5,11,60.0,2.56,Low Occupancy - Many Spots Free
7/15/2026,11,2026-07-15 11:33:59,11:33:59,Slot_01,Standard,Zone D,Free,0,Online,0.0,1,1,1.5,11,60.0,1.28,Low Occupancy - Many Spots Free
7/15/2026,11,2026-07-15 11:33:59,11:33:59,Slot_03,Standard,Zone D,Free,0,Online,0.0,1,1,1.5,11,60.0,0.99,Low Occupancy - Many Spots Free
7/15/2026,11,2026-07-15 11:33:59,11:33:59,Slot_05,Standard,Zone C,Free,0,Online,0.0,1,1,1.5,11,60.0,1.17,Low Occupancy - Many Spots Free
7/15/2026,11,2026-07-15 11:33:59,11:33:59,Slot_04,Standard,Zone D,Free,0,Online,0.0,1,1,1.5,11,60.0,2.31,Low Occupancy - Many Spots Free
7/15/2026,11,2026-07-15 11:38:59,11:38:59,Slot_01,Standard,Zone D,Free,0,Online,0.0,1,1,1.5,11,60.0,1.12,Low Occupancy - Many Spots Free
7/15/2026,11,2026-07-15 11:38:59,11:38:59,Slot_03,Standard,Zone D,Free,0,Online,0.0,1,1,1.5,11,60.0,1.05,Low Occupancy - Many Spots Free
7/15/2026,11,2026-07-15 11:38:59,11:38:59,Slot_05,Standard,Zone C,Free,0,Online,0.0,1,1,1.5,11,60.0,0.84,Low Occupancy - Many Spots Free
7/15/2026,11,2026-07-15 11:38:59,11:38:59,Slot_04,Standard,Zone D,Free,0,Online,0.0,1,1,1.5,11,60.0,0.84,Low Occupancy - Many Spots Free
7/15/2026,11,2026-07-15 11:43:59,11:43:59,Slot_01,Standard,Zone D,Free,0,Online,0.0,1,1,1.5,11,60.0,1.85,Low Occupancy - Many Spots Free
7/15/2026,11,2026-07-15 11:43:59,11:43:59,Slot_03,Standard,Zone D,Free,0,Online,0.0,1,1,1.5,11,60.0,1.8,Low Occupancy - Many Spots Free
7/15/2026,11,2026-07-15 11:43:59,11:43:59,Slot_05,Standard,Zone C,Free,0,Online,0.0,1,1,1.5,11,60.0,1.65,Low Occupancy - Many Spots Free
7/15/2026,11,2026-07-15 11:43:59,11:43:59,Slot_04,Standard,Zone D,Free,0,Online,0.0,1,1,1.5,11,60.0,1.68,Low Occupancy - Many Spots Free
7/15/2026,11,2026-07-15 11:48:59,11:48:59,Slot_01,Standard,Zone D,Free,0,Online,0.0,1,1,1.5,11,60.0,0.89,Low Occupancy - Many Spots Free
7/15/2026,11,2026-07-15 11:48:59,11:48:59,Slot_03,Standard,Zone D,Free,0,Online,0.0,1,1,1.5,11,60.0,2.77,Low Occupancy - Many Spots Free
7/15/2026,11,2026-07-15 11:48:59,11:48:59,Slot_05,Standard,Zone C,Free,0,Online,0.0,1,1,1.5,11,60.0,1.89,Low Occupancy - Many Spots Free
7/15/2026,11,2026-07-15 11:48:59,11:48:59,Slot_04,Standard,Zone D,Free,0,Online,0.0,1,1,1.5,11,60.0,3.0,Low Occupancy - Many Spots Free
7/15/2026,11,2026-07-15 11:53:59,11:53:59,Slot_01,Standard,Zone D,Free,0,Online,0.0,1,1,1.5,11,60.0,1.19,Low Occupancy - Many Spots Free
7/15/2026,11,2026-07-15 11:53:59,11:53:59,Slot_03,Standard,Zone D,Free,0,Online,0.0,1,1,1.5,11,60.0,2.95,Low Occupancy - Many Spots Free
7/15/2026,11,2026-07-15 11:53:59,11:53:59,Slot_05,Standard,Zone C,Free,0,Online,0.0,1,1,1.5,11,60.0,2.17,Low Occupancy - Many Spots Free
7/15/2026,11,2026-07-15 11:53:59,11:53:59,Slot_04,Standard,Zone D,Free,0,Online,0.0,1,1,1.5,11,60.0,1.55,Low Occupancy - Many Spots Free
7/15/2026,11,2026-07-15 11:58:59,11:58:59,Slot_01,Standard,Zone D,Free,0,Online,0.0,1,1,1.5,11,60.0,2.44,Low Occupancy - Many Spots Free
7/15/2026,11,2026-07-15 11:58:59,11:58:59,Slot_03,Standard,Zone D,Free,0,Online,0.0,1,1,1.5,11,60.0,2.48,Low Occupancy - Many Spots Free
7/15/2026,11,2026-07-15 11:58:59,11:58:59,Slot_05,Standard,Zone C,Free,0,Online,0.0,1,1,1.5,11,60.0,2.28,Low Occupancy - Many Spots Free
7/15/2026,11,2026-07-15 11:58:59,11:58:59,Slot_04,Standard,Zone D,Free,0,Online,0.0,1,1,1.5,11,60.0,1.52,Low Occupancy - Many Spots Free
7/15/2026,12,2026-07-15 12:03:59,12:03:59,Slot_01,Standard,Zone D,Free,0,Online,0.0,1,1,1.5,12,60.0,1.76,Low Occupancy - Many Spots Free
7/15/2026,12,2026-07-15 12:03:59,12:03:59,Slot_03,Standard,Zone D,Free,0,Online,0.0,1,1,1.5,12,60.0,1.06,Low Occupancy - Many Spots Free
7/15/2026,12,2026-07-15 12:03:59,12:03:59,Slot_05,Standard,Zone C,Free,0,Online,0.0,1,1,1.5,12,60.0,2.11,Low Occupancy - Many Spots Free
7/15/2026,12,2026-07-15 12:03:59,12:03:59,Slot_04,Standard,Zone D,Free,0,Online,0.0,1,1,1.5,12,60.0,2.76,Low Occupancy - Many Spots Free
7/15/2026,12,2026-07-15 12:08:59,12:08:59,Slot_01,Standard,Zone D,Free,0,Online,0.0,1,1,1.5,12,60.0,2.44,Low Occupancy - Many Spots Free
7/15/2026,12,2026-07-15 12:08:59,12:08:59,Slot_03,Standard,Zone D,Free,0,Online,0.0,1,1,1.5,12,60.0,1.1,Low Occupancy - Many Spots Free
7/15/2026,12,2026-07-15 12:08:59,12:08:59,Slot_05,Standard,Zone C,Free,0,Online,0.0,1,1,1.5,12,60.0,1.83,Low Occupancy - Many Spots Free
7/15/2026,12,2026-07-15 12:08:59,12:08:59,Slot_04,Standard,Zone D,Free,0,Online,0.0,1,1,1.5,12,60.0,0.77,Low Occupancy - Many Spots Free
7/15/2026,12,2026-07-15 12:13:59,12:13:59,Slot_01,Standard,Zone D,Free,0,Online,0.0,1,1,1.5,12,60.0,1.13,Low Occupancy - Many Spots Free
7/15/2026,12,2026-07-15 12:13:59,12:13:59,Slot_03,Standard,Zone D,Free,0,Online,0.0,1,1,1.5,12,60.0,2.83,Low Occupancy - Many Spots Free
7/15/2026,12,2026-07-15 12:13:59,12:13:59,Slot_05,Standard,Zone C,Free,0,Online,0.0,1,1,1.5,12,60.0,0.57,Low Occupancy - Many Spots Free
7/15/2026,12,2026-07-15 12:13:59,12:13:59,Slot_04,Standard,Zone D,Free,0,Online,0.0,1,1,1.5,12,60.0,1.72,Low Occupancy - Many Spots Free
7/15/2026,12,2026-07-15 12:18:59,12:18:59,Slot_01,Standard,Zone D,Free,0,Online,0.0,1,1,1.5,12,60.0,2.95,Low Occupancy - Many Spots Free
7/15/2026,12,2026-07-15 12:18:59,12:18:59,Slot_03,Standard,Zone D,Free,0,Online,0.0,1,1,1.5,12,60.0,2.22,Low Occupancy - Many Spots Free
7/15/2026,12,2026-07-15 12:18:59,12:18:59,Slot_05,Standard,Zone C,Free,0,Online,0.0,1,1,1.5,12,60.0,2.86,Low Occupancy - Many Spots Free
7/15/2026,12,2026-07-15 12:18:59,12:18:59,Slot_04,Standard,Zone D,Free,0,Online,0.0,1,1,1.5,12,60.0,2.62,Low Occupancy - Many Spots Free
7/15/2026,12,2026-07-15 12:23:59,12:23:59,Slot_01,Standard,Zone D,Free,0,Online,0.0,1,1,1.5,12,60.0,1.16,Low Occupancy - Many Spots Free
7/15/2026,12,2026-07-15 12:23:59,12:23:59,Slot_03,Standard,Zone D,Free,0,Online,0.0,1,1,1.5,12,60.0,0.66,Low Occupancy - Many Spots Free
7/15/2026,12,2026-07-15 12:23:59,12:23:59,Slot_05,Standard,Zone C,Free,0,Online,0.0,1,1,1.5,12,60.0,2.8,Low Occupancy - Many Spots Free
7/15/2026,12,2026-07-15 12:23:59,12:23:59,Slot_04,Standard,Zone D,Free,0,Online,0.0,1,1,1.5,12,60.0,2.16,Low Occupancy - Many Spots Free
7/15/2026,12,2026-07-15 12:28:59,12:28:59,Slot_01,Standard,Zone D,Free,0,Online,0.0,1,1,1.5,12,75.0,1.04,Low Occupancy - Many Spots Free
7/15/2026,12,2026-07-15 12:28:59,12:28:59,Slot_03,Standard,Zone D,Free,0,Online,0.0,1,1,1.5,12,75.0,1.08,Low Occupancy - Many Spots Free
7/15/2026,12,2026-07-15 12:28:59,12:28:59,Slot_05,Standard,Zone C,Free,0,Online,0.0,1,1,1.5,12,75.0,0.74,Low Occupancy - Many Spots Free
7/15/2026,12,2026-07-15 12:28:59,12:28:59,Slot_04,Standard,Zone D,Free,0,Online,0.0,1,1,1.5,12,75.0,0.77,Low Occupancy - Many Spots Free
7/15/2026,12,2026-07-15 12:28:59,12:28:59,Slot_08,Standard,Zone C,Free,0,Online,0.0,1,1,1.5,12,75.0,2.98,Low Occupancy - Many Spots Free
7/15/2026,12,2026-07-15 12:33:59,12:33:59,Slot_01,Standard,Zone D,Free,0,Online,0.0,1,1,1.5,12,75.0,1.62,Low Occupancy - Many Spots Free
7/15/2026,12,2026-07-15 12:33:59,12:33:59,Slot_03,Standard,Zone D,Free,0,Online,0.0,1,1,1.5,12,75.0,1.05,Low Occupancy - Many Spots Free
7/15/2026,12,2026-07-15 12:33:59,12:33:59,Slot_05,Standard,Zone C,Free,0,Online,0.0,1,1,1.5,12,75.0,0.69,Low Occupancy - Many Spots Free
7/15/2026,12,2026-07-15 12:33:59,12:33:59,Slot_08,Standard,Zone C,Free,0,Online,0.0,1,1,1.5,12,75.0,2.32,Low Occupancy - Many Spots Free
7/15/2026,12,2026-07-15 12:33:59,12:33:59,Slot_04,Standard,Zone D,Free,0,Online,0.0,1,1,1.5,12,75.0,0.99,Low Occupancy - Many Spots Free
7/15/2026,12,2026-07-15 12:38:59,12:38:59,Slot_01,Standard,Zone D,Free,0,Online,0.0,1,1,1.5,12,75.0,2.95,Low Occupancy - Many Spots Free
7/15/2026,12,2026-07-15 12:38:59,12:38:59,Slot_03,Standard,Zone D,Free,0,Online,0.0,1,1,1.5,12,75.0,0.76,Low Occupancy - Many Spots Free
7/15/2026,12,2026-07-15 12:38:59,12:38:59,Slot_05,Standard,Zone C,Free,0,Online,0.0,1,1,1.5,12,75.0,0.52,Low Occupancy - Many Spots Free
7/15/2026,12,2026-07-15 12:38:59,12:38:59,Slot_04,Standard,Zone D,Free,0,Online,0.0,1,1,1.5,12,75.0,0.73,Low Occupancy - Many Spots Free
7/15/2026,12,2026-07-15 12:38:59,12:38:59,Slot_08,Standard,Zone C,Free,0,Online,0.0,1,1,1.5,12,75.0,1.78,Low Occupancy - Many Spots Free
7/15/2026,12,2026-07-15 12:43:59,12:43:59,Slot_01,Standard,Zone D,Free,0,Online,0.0,1,1,1.5,12,75.0,1.62,Low Occupancy - Many Spots Free
7/15/2026,12,2026-07-15 12:43:59,12:43:59,Slot_03,Standard,Zone D,Free,0,Online,0.0,1,1,1.5,12,75.0,0.69,Low Occupancy - Many Spots Free
7/15/2026,12,2026-07-15 12:43:59,12:43:59,Slot_05,Standard,Zone C,Free,0,Online,0.0,1,1,1.5,12,75.0,2.3,Low Occupancy - Many Spots Free
7/15/2026,12,2026-07-15 12:43:59,12:43:59,Slot_04,Standard,Zone D,Free,0,Online,0.0,1,1,1.5,12,75.0,1.71,Low Occupancy - Many Spots Free
7/15/2026,12,2026-07-15 12:43:59,12:43:59,Slot_08,Standard,Zone C,Free,0,Online,0.0,1,1,1.5,12,75.0,0.81,Low Occupancy - Many Spots Free
7/15/2026,12,2026-07-15 12:48:59,12:48:59,Slot_01,Standard,Zone D,Free,0,Online,0.0,1,1,1.5,12,75.0,2.8,Low Occupancy - Many Spots Free
7/15/2026,12,2026-07-15 12:48:59,12:48:59,Slot_03,Standard,Zone D,Free,0,Online,0.0,1,1,1.5,12,75.0,2.46,Low Occupancy - Many Spots Free
7/15/2026,12,2026-07-15 12:48:59,12:48:59,Slot_05,Standard,Zone C,Free,0,Online,0.0,1,1,1.5,12,75.0,2.89,Low Occupancy - Many Spots Free
7/15/2026,12,2026-07-15 12:48:59,12:48:59,Slot_04,Standard,Zone D,Free,0,Online,0.0,1,1,1.5,12,75.0,2.05,Low Occupancy - Many Spots Free
7/15/2026,12,2026-07-15 12:48:59,12:48:59,Slot_08,Standard,Zone C,Free,0,Online,0.0,1,1,1.5,12,75.0,2.4,Low Occupancy - Many Spots Free
7/15/2026,12,2026-07-15 12:53:59,12:53:59,Slot_01,Standard,Zone D,Free,0,Online,0.0,1,1,1.5,12,60.0,1.79,Low Occupancy - Many Spots Free
7/15/2026,12,2026-07-15 12:53:59,12:53:59,Slot_03,Standard,Zone D,Free,0,Online,0.0,1,1,1.5,12,60.0,1.85,Low Occupancy - Many Spots Free
7/15/2026,12,2026-07-15 12:53:59,12:53:59,Slot_05,Standard,Zone C,Free,0,Online,0.0,1,1,1.5,12,60.0,2.46,Low Occupancy - Many Spots Free
7/15/2026,12,2026-07-15 12:53:59,12:53:59,Slot_08,Standard,Zone C,Free,0,Online,0.0,1,1,1.5,12,60.0,2.29,Low Occupancy - Many Spots Free
7/15/2026,12,2026-07-15 12:58:59,12:58:59,Slot_01,Standard,Zone D,Free,0,Online,0.0,1,1,1.5,12,75.0,1.98,Low Occupancy - Many Spots Free
7/15/2026,12,2026-07-15 12:58:59,12:58:59,Slot_03,Standard,Zone D,Free,0,Online,0.0,1,1,1.5,12,75.0,2.88,Low Occupancy - Many Spots Free
7/15/2026,12,2026-07-15 12:58:59,12:58:59,Slot_05,Standard,Zone C,Free,0,Online,0.0,1,1,1.5,12,75.0,2.99,Low Occupancy - Many Spots Free
7/15/2026,12,2026-07-15 12:58:59,12:58:59,Slot_08,Standard,Zone C,Free,0,Online,0.0,1,1,1.5,12,75.0,0.81,Low Occupancy - Many Spots Free
7/15/2026,12,2026-07-15 12:58:59,12:58:59,Slot_04,Standard,Zone D,Free,0,Online,0.0,1,1,1.5,12,75.0,2.59,Low Occupancy - Many Spots Free
7/15/2026,13,2026-07-15 13:03:59,13:03:59,Slot_01,Standard,Zone D,Free,0,Online,0.0,1,1,1.5,13,60.0,1.36,Low Occupancy - Many Spots Free
7/15/2026,13,2026-07-15 13:03:59,13:03:59,Slot_03,Standard,Zone D,Free,0,Online,0.0,1,1,1.5,13,60.0,1.53,Low Occupancy - Many Spots Free
7/15/2026,13,2026-07-15 13:03:59,13:03:59,Slot_05,Standard,Zone C,Free,0,Online,0.0,1,1,1.5,13,60.0,1.64,Low Occupancy - Many Spots Free
7/15/2026,13,2026-07-15 13:03:59,13:03:59,Slot_08,Standard,Zone C,Free,0,Online,0.0,1,1,1.5,13,60.0,0.94,Low Occupancy - Many Spots Free
7/15/2026,13,2026-07-15 13:08:59,13:08:59,Slot_01,Standard,Zone D,Free,0,Online,0.0,1,1,1.5,13,75.0,1.36,Low Occupancy - Many Spots Free
7/15/2026,13,2026-07-15 13:08:59,13:08:59,Slot_03,Standard,Zone D,Free,0,Online,0.0,1,1,1.5,13,75.0,2.21,Low Occupancy - Many Spots Free
7/15/2026,13,2026-07-15 13:08:59,13:08:59,Slot_05,Standard,Zone C,Free,0,Online,0.0,1,1,1.5,13,75.0,2.21,Low Occupancy - Many Spots Free
7/15/2026,13,2026-07-15 13:08:59,13:08:59,Slot_08,Standard,Zone C,Free,0,Online,0.0,1,1,1.5,13,75.0,2.28,Low Occupancy - Many Spots Free
7/15/2026,13,2026-07-15 13:08:59,13:08:59,Slot_04,Standard,Zone D,Free,0,Online,0.0,1,1,1.5,13,75.0,2.4,Low Occupancy - Many Spots Free
7/15/2026,13,2026-07-15 13:13:59,13:13:59,Slot_01,Standard,Zone D,Free,0,Online,0.0,1,1,1.5,13,75.0,1.23,Low Occupancy - Many Spots Free
7/15/2026,13,2026-07-15 13:13:59,13:13:59,Slot_03,Standard,Zone D,Free,0,Online,0.0,1,1,1.5,13,75.0,2.78,Low Occupancy - Many Spots Free
7/15/2026,13,2026-07-15 13:13:59,13:13:59,Slot_05,Standard,Zone C,Free,0,Online,0.0,1,1,1.5,13,75.0,0.76,Low Occupancy - Many Spots Free
7/15/2026,13,2026-07-15 13:13:59,13:13:59,Slot_08,Standard,Zone C,Free,0,Online,0.0,1,1,1.5,13,75.0,1.38,Low Occupancy - Many Spots Free
7/15/2026,13,2026-07-15 13:13:59,13:13:59,Slot_06,Standard,Zone D,Free,0,Online,0.0,1,1,1.5,13,75.0,2.28,Low Occupancy - Many Spots Free
7/15/2026,13,2026-07-15 13:18:59,13:18:59,Slot_01,Standard,Zone D,Free,0,Online,0.0,1,1,1.5,13,60.0,0.51,Low Occupancy - Many Spots Free
7/15/2026,13,2026-07-15 13:18:59,13:18:59,Slot_03,Standard,Zone D,Free,0,Online,0.0,1,1,1.5,13,60.0,1.18,Low Occupancy - Many Spots Free
7/15/2026,13,2026-07-15 13:18:59,13:18:59,Slot_05,Standard,Zone C,Free,0,Online,0.0,1,1,1.5,13,60.0,0.53,Low Occupancy - Many Spots Free
7/15/2026,13,2026-07-15 13:18:59,13:18:59,Slot_08,Standard,Zone C,Free,0,Online,0.0,1,1,1.5,13,60.0,1.45,Low Occupancy - Many Spots Free
7/15/2026,13,2026-07-15 13:23:59,13:23:59,Slot_01,Standard,Zone D,Free,0,Online,0.0,1,1,1.5,13,75.0,0.81,Low Occupancy - Many Spots Free
7/15/2026,13,2026-07-15 13:23:59,13:23:59,Slot_03,Standard,Zone D,Free,0,Online,0.0,1,1,1.5,13,75.0,1.83,Low Occupancy - Many Spots Free
7/15/2026,13,2026-07-15 13:23:59,13:23:59,Slot_05,Standard,Zone C,Free,0,Online,0.0,1,1,1.5,13,75.0,2.14,Low Occupancy - Many Spots Free
7/15/2026,13,2026-07-15 13:23:59,13:23:59,Slot_08,Standard,Zone C,Free,0,Online,0.0,1,1,1.5,13,75.0,2.71,Low Occupancy - Many Spots Free
7/15/2026,13,2026-07-15 13:23:59,13:23:59,Slot_06,Standard,Zone D,Free,0,Online,0.0,1,1,1.5,13,75.0,1.29,Low Occupancy - Many Spots Free
7/15/2026,13,2026-07-15 13:28:59,13:28:59,Slot_01,Standard,Zone D,Free,0,Online,0.0,1,1,1.5,13,90.0,0.86,Low Occupancy - Many Spots Free
7/15/2026,13,2026-07-15 13:28:59,13:28:59,Slot_03,Standard,Zone D,Free,0,Online,0.0,1,1,1.5,13,90.0,2.2,Low Occupancy - Many Spots Free
7/15/2026,13,2026-07-15 13:28:59,13:28:59,Slot_05,Standard,Zone C,Free,0,Online,0.0,1,1,1.5,13,90.0,2.28,Low Occupancy - Many Spots Free
7/15/2026,13,2026-07-15 13:28:59,13:28:59,Slot_06,Standard,Zone D,Free,0,Online,0.0,1,1,1.5,13,90.0,2.26,Low Occupancy - Many Spots Free
7/15/2026,13,2026-07-15 13:28:59,13:28:59,Slot_08,Standard,Zone C,Free,0,Online,0.0,1,1,1.5,13,90.0,2.34,Low Occupancy - Many Spots Free
7/15/2026,13,2026-07-15 13:28:59,13:28:59,Slot_04,Standard,Zone D,Free,0,Online,0.0,1,1,1.5,13,90.0,2.06,Low Occupancy - Many Spots Free
7/15/2026,13,2026-07-15 13:33:59,13:33:59,Slot_01,Standard,Zone D,Free,0,Online,0.0,1,1,1.5,13,75.0,3.0,Low Occupancy - Many Spots Free
7/15/2026,13,2026-07-15 13:33:59,13:33:59,Slot_03,Standard,Zone D,Free,0,Online,0.0,1,1,1.5,13,75.0,2.3,Low Occupancy - Many Spots Free
7/15/2026,13,2026-07-15 13:33:59,13:33:59,Slot_05,Standard,Zone C,Free,0,Online,0.0,1,1,1.5,13,75.0,1.57,Low Occupancy - Many Spots Free
7/15/2026,13,2026-07-15 13:33:59,13:33:59,Slot_06,Standard,Zone D,Free,0,Online,0.0,1,1,1.5,13,75.0,2.92,Low Occupancy - Many Spots Free
7/15/2026,13,2026-07-15 13:33:59,13:33:59,Slot_08,Standard,Zone C,Free,0,Online,0.0,1,1,1.5,13,75.0,2.67,Low Occupancy - Many Spots Free
7/15/2026,13,2026-07-15 13:38:59,13:38:59,Slot_01,Standard,Zone D,Free,0,Online,0.0,1,1,1.5,13,75.0,2.39,Low Occupancy - Many Spots Free
7/15/2026,13,2026-07-15 13:38:59,13:38:59,Slot_03,Standard,Zone D,Free,0,Online,0.0,1,1,1.5,13,75.0,1.11,Low Occupancy - Many Spots Free
7/15/2026,13,2026-07-15 13:38:59,13:38:59,Slot_05,Standard,Zone C,Free,0,Online,0.0,1,1,1.5,13,75.0,1.01,Low Occupancy - Many Spots Free
7/15/2026,13,2026-07-15 13:38:59,13:38:59,Slot_08,Standard,Zone C,Free,0,Online,0.0,1,1,1.5,13,75.0,1.41,Low Occupancy - Many Spots Free
7/15/2026,13,2026-07-15 13:38:59,13:38:59,Slot_06,Standard,Zone D,Free,0,Online,0.0,1,1,1.5,13,75.0,1.69,Low Occupancy - Many Spots Free
7/15/2026,13,2026-07-15 13:43:59,13:43:59,Slot_01,Standard,Zone D,Free,0,Online,0.0,1,1,1.5,13,75.0,0.79,Low Occupancy - Many Spots Free
7/15/2026,13,2026-07-15 13:43:59,13:43:59,Slot_03,Standard,Zone D,Free,0,Online,0.0,1,1,1.5,13,75.0,2.73,Low Occupancy - Many Spots Free
7/15/2026,13,2026-07-15 13:43:59,13:43:59,Slot_05,Standard,Zone C,Free,0,Online,0.0,1,1,1.5,13,75.0,1.81,Low Occupancy - Many Spots Free
7/15/2026,13,2026-07-15 13:43:59,13:43:59,Slot_06,Standard,Zone D,Free,0,Online,0.0,1,1,1.5,13,75.0,1.27,Low Occupancy - Many Spots Free
7/15/2026,13,2026-07-15 13:43:59,13:43:59,Slot_08,Standard,Zone C,Free,0,Online,0.0,1,1,1.5,13,75.0,2.7,Low Occupancy - Many Spots Free
7/15/2026,13,2026-07-15 13:48:59,13:48:59,Slot_01,Standard,Zone D,Free,0,Online,0.0,1,1,1.5,13,75.0,1.74,Low Occupancy - Many Spots Free
7/15/2026,13,2026-07-15 13:48:59,13:48:59,Slot_03,Standard,Zone D,Free,0,Online,0.0,1,1,1.5,13,75.0,0.51,Low Occupancy - Many Spots Free
7/15/2026,13,2026-07-15 13:48:59,13:48:59,Slot_05,Standard,Zone C,Free,0,Online,0.0,1,1,1.5,13,75.0,1.24,Low Occupancy - Many Spots Free
7/15/2026,13,2026-07-15 13:48:59,13:48:59,Slot_06,Standard,Zone D,Free,0,Online,0.0,1,1,1.5,13,75.0,2.08,Low Occupancy - Many Spots Free
7/15/2026,13,2026-07-15 13:48:59,13:48:59,Slot_08,Standard,Zone C,Free,0,Online,0.0,1,1,1.5,13,75.0,1.78,Low Occupancy - Many Spots Free
7/15/2026,13,2026-07-15 13:53:59,13:53:59,Slot_01,Standard,Zone D,Free,0,Online,0.0,1,1,1.5,13,90.0,2.85,Low Occupancy - Many Spots Free
7/15/2026,13,2026-07-15 13:53:59,13:53:59,Slot_03,Standard,Zone D,Free,0,Online,0.0,1,1,1.5,13,90.0,0.53,Low Occupancy - Many Spots Free
7/15/2026,13,2026-07-15 13:53:59,13:53:59,Slot_05,Standard,Zone C,Free,0,Online,0.0,1,1,1.5,13,90.0,2.42,Low Occupancy - Many Spots Free
7/15/2026,13,2026-07-15 13:53:59,13:53:59,Slot_06,Standard,Zone D,Free,0,Online,0.0,1,1,1.5,13,90.0,0.96,Low Occupancy - Many Spots Free
7/15/2026,13,2026-07-15 13:53:59,13:53:59,Slot_04,Standard,Zone D,Free,0,Online,0.0,1,1,1.5,13,90.0,1.33,Low Occupancy - Many Spots Free
7/15/2026,13,2026-07-15 13:53:59,13:53:59,Slot_08,Standard,Zone C,Free,0,Online,0.0,1,1,1.5,13,90.0,1.56,Low Occupancy - Many Spots Free
7/15/2026,13,2026-07-15 13:58:59,13:58:59,Slot_01,Standard,Zone D,Free,0,Online,0.0,1,1,1.5,13,90.0,2.33,Low Occupancy - Many Spots Free
7/15/2026,13,2026-07-15 13:58:59,13:58:59,Slot_03,Standard,Zone D,Free,0,Online,0.0,1,1,1.5,13,90.0,1.07,Low Occupancy - Many Spots Free
7/15/2026,13,2026-07-15 13:58:59,13:58:59,Slot_05,Standard,Zone C,Free,0,Online,0.0,1,1,1.5,13,90.0,1.91,Low Occupancy - Many Spots Free
7/15/2026,13,2026-07-15 13:58:59,13:58:59,Slot_04,Standard,Zone D,Free,0,Online,0.0,1,1,1.5,13,90.0,2.14,Low Occupancy - Many Spots Free
7/15/2026,13,2026-07-15 13:58:59,13:58:59,Slot_06,Standard,Zone D,Free,0,Online,0.0,1,1,1.5,13,90.0,2.94,Low Occupancy - Many Spots Free
7/15/2026,13,2026-07-15 13:58:59,13:58:59,Slot_08,Standard,Zone C,Free,0,Online,0.0,1,1,1.5,13,90.0,2.82,Low Occupancy - Many Spots Free
7/15/2026,14,2026-07-15 14:03:59,14:03:59,Slot_01,Standard,Zone D,Free,0,Online,0.0,1,1,1.5,14,90.0,1.08,Low Occupancy - Many Spots Free
7/15/2026,14,2026-07-15 14:03:59,14:03:59,Slot_03,Standard,Zone D,Free,0,Online,0.0,1,1,1.5,14,90.0,3.0,Low Occupancy - Many Spots Free
7/15/2026,14,2026-07-15 14:03:59,14:03:59,Slot_05,Standard,Zone C,Free,0,Online,0.0,1,1,1.5,14,90.0,1.69,Low Occupancy - Many Spots Free
7/15/2026,14,2026-07-15 14:03:59,14:03:59,Slot_06,Standard,Zone D,Free,0,Online,0.0,1,1,1.5,14,90.0,0.71,Low Occupancy - Many Spots Free
7/15/2026,14,2026-07-15 14:03:59,14:03:59,Slot_04,Standard,Zone D,Free,0,Online,0.0,1,1,1.5,14,90.0,1.68,Low Occupancy - Many Spots Free
7/15/2026,14,2026-07-15 14:03:59,14:03:59,Slot_08,Standard,Zone C,Free,0,Online,0.0,1,1,1.5,14,90.0,0.52,Low Occupancy - Many Spots Free
7/15/2026,14,2026-07-15 14:08:59,14:08:59,Slot_01,Standard,Zone D,Free,0,Online,0.0,1,1,1.5,14,90.0,0.74,Low Occupancy - Many Spots Free
7/15/2026,14,2026-07-15 14:08:59,14:08:59,Slot_03,Standard,Zone D,Free,0,Online,0.0,1,1,1.5,14,90.0,2.17,Low Occupancy - Many Spots Free
7/15/2026,14,2026-07-15 14:08:59,14:08:59,Slot_05,Standard,Zone C,Free,0,Online,0.0,1,1,1.5,14,90.0,2.99,Low Occupancy - Many Spots Free
7/15/2026,14,2026-07-15 14:08:59,14:08:59,Slot_06,Standard,Zone D,Free,0,Online,0.0,1,1,1.5,14,90.0,0.9,Low Occupancy - Many Spots Free
7/15/2026,14,2026-07-15 14:08:59,14:08:59,Slot_04,Standard,Zone D,Free,0,Online,0.0,1,1,1.5,14,90.0,2.87,Low Occupancy - Many Spots Free
7/15/2026,14,2026-07-15 14:08:59,14:08:59,Slot_08,Standard,Zone C,Free,0,Online,0.0,1,1,1.5,14,90.0,2.05,Low Occupancy - Many Spots Free
7/15/2026,14,2026-07-15 14:13:59,14:13:59,Slot_01,Standard,Zone D,Free,0,Online,0.0,1,1,1.5,14,90.0,2.11,Low Occupancy - Many Spots Free
7/15/2026,14,2026-07-15 14:13:59,14:13:59,Slot_03,Standard,Zone D,Free,0,Online,0.0,1,1,1.5,14,90.0,2.91,Low Occupancy - Many Spots Free
7/15/2026,14,2026-07-15 14:13:59,14:13:59,Slot_05,Standard,Zone C,Free,0,Online,0.0,1,1,1.5,14,90.0,1.03,Low Occupancy - Many Spots Free
7/15/2026,14,2026-07-15 14:13:59,14:13:59,Slot_04,Standard,Zone D,Free,0,Online,0.0,1,1,1.5,14,90.0,1.52,Low Occupancy - Many Spots Free
7/15/2026,14,2026-07-15 14:13:59,14:13:59,Slot_06,Standard,Zone D,Free,0,Online,0.0,1,1,1.5,14,90.0,2.6,Low Occupancy - Many Spots Free
7/15/2026,14,2026-07-15 14:13:59,14:13:59,Slot_08,Standard,Zone C,Free,0,Online,0.0,1,1,1.5,14,90.0,1.12,Low Occupancy - Many Spots Free
7/15/2026,14,2026-07-15 14:18:59,14:18:59,Slot_01,Standard,Zone D,Free,0,Online,0.0,1,1,1.5,14,75.0,1.37,Low Occupancy - Many Spots Free
7/15/2026,14,2026-07-15 14:18:59,14:18:59,Slot_03,Standard,Zone D,Free,0,Online,0.0,1,1,1.5,14,75.0,2.01,Low Occupancy - Many Spots Free
7/15/2026,14,2026-07-15 14:18:59,14:18:59,Slot_05,Standard,Zone C,Free,0,Online,0.0,1,1,1.5,14,75.0,1.81,Low Occupancy - Many Spots Free
7/15/2026,14,2026-07-15 14:18:59,14:18:59,Slot_04,Standard,Zone D,Free,0,Online,0.0,1,1,1.5,14,75.0,2.19,Low Occupancy - Many Spots Free
7/15/2026,14,2026-07-15 14:18:59,14:18:59,Slot_08,Standard,Zone C,Free,0,Online,0.0,1,1,1.5,14,75.0,2.62,Low Occupancy - Many Spots Free
7/15/2026,14,2026-07-15 14:23:59,14:23:59,Slot_01,Standard,Zone D,Free,0,Online,0.0,1,1,1.5,14,75.0,1.15,Low Occupancy - Many Spots Free
7/15/2026,14,2026-07-15 14:23:59,14:23:59,Slot_03,Standard,Zone D,Free,0,Online,0.0,1,1,1.5,14,75.0,1.76,Low Occupancy - Many Spots Free
7/15/2026,14,2026-07-15 14:23:59,14:23:59,Slot_05,Standard,Zone C,Free,0,Online,0.0,1,1,1.5,14,75.0,1.31,Low Occupancy - Many Spots Free
7/15/2026,14,2026-07-15 14:23:59,14:23:59,Slot_04,Standard,Zone D,Free,0,Online,0.0,1,1,1.5,14,75.0,1.8,Low Occupancy - Many Spots Free
7/15/2026,14,2026-07-15 14:23:59,14:23:59,Slot_08,Standard,Zone C,Free,0,Online,0.0,1,1,1.5,14,75.0,2.17,Low Occupancy - Many Spots Free
7/15/2026,14,2026-07-15 14:28:59,14:28:59,Slot_01,Standard,Zone D,Free,0,Online,0.0,1,1,1.5,14,75.0,1.2,Low Occupancy - Many Spots Free
7/15/2026,14,2026-07-15 14:28:59,14:28:59,Slot_03,Standard,Zone D,Free,0,Online,0.0,1,1,1.5,14,75.0,2.5,Low Occupancy - Many Spots Free
7/15/2026,14,2026-07-15 14:28:59,14:28:59,Slot_05,Standard,Zone C,Free,0,Online,0.0,1,1,1.5,14,75.0,2.48,Low Occupancy - Many Spots Free
7/15/2026,14,2026-07-15 14:28:59,14:28:59,Slot_04,Standard,Zone D,Free,0,Online,0.0,1,1,1.5,14,75.0,2.96,Low Occupancy - Many Spots Free
7/15/2026,14,2026-07-15 14:28:59,14:28:59,Slot_08,Standard,Zone C,Free,0,Online,0.0,1,1,1.5,14,75.0,2.21,Low Occupancy - Many Spots Free
7/15/2026,14,2026-07-15 14:33:59,14:33:59,Slot_01,Standard,Zone D,Free,0,Online,0.0,1,1,1.5,14,75.0,1.85,Low Occupancy - Many Spots Free
7/15/2026,14,2026-07-15 14:33:59,14:33:59,Slot_03,Standard,Zone D,Free,0,Online,0.0,1,1,1.5,14,75.0,2.06,Low Occupancy - Many Spots Free
7/15/2026,14,2026-07-15 14:33:59,14:33:59,Slot_05,Standard,Zone C,Free,0,Online,0.0,1,1,1.5,14,75.0,0.52,Low Occupancy - Many Spots Free
7/15/2026,14,2026-07-15 14:33:59,14:33:59,Slot_04,Standard,Zone D,Free,0,Online,0.0,1,1,1.5,14,75.0,2.25,Low Occupancy - Many Spots Free
7/15/2026,14,2026-07-15 14:33:59,14:33:59,Slot_08,Standard,Zone C,Free,0,Online,0.0,1,1,1.5,14,75.0,1.02,Low Occupancy - Many Spots Free
7/15/2026,14,2026-07-15 14:38:59,14:38:59,Slot_01,Standard,Zone D,Free,0,Online,0.0,1,1,1.5,14,90.0,1.77,Low Occupancy - Many Spots Free
7/15/2026,14,2026-07-15 14:38:59,14:38:59,Slot_03,Standard,Zone D,Free,0,Online,0.0,1,1,1.5,14,90.0,1.07,Low Occupancy - Many Spots Free
7/15/2026,14,2026-07-15 14:38:59,14:38:59,Slot_05,Standard,Zone C,Free,0,Online,0.0,1,1,1.5,14,90.0,1.85,Low Occupancy - Many Spots Free
7/15/2026,14,2026-07-15 14:38:59,14:38:59,Slot_04,Standard,Zone D,Free,0,Online,0.0,1,1,1.5,14,90.0,2.15,Low Occupancy - Many Spots Free
7/15/2026,14,2026-07-15 14:38:59,14:38:59,Slot_08,Standard,Zone C,Free,0,Online,0.0,1,1,1.5,14,90.0,2.24,Low Occupancy - Many Spots Free
7/15/2026,14,2026-07-15 14:38:59,14:38:59,Slot_06,Standard,Zone D,Free,0,Online,0.0,1,1,1.5,14,90.0,0.9,Low Occupancy - Many Spots Free
7/15/2026,14,2026-07-15 14:43:59,14:43:59,Slot_01,Standard,Zone D,Free,0,Online,0.0,1,1,1.5,14,90.0,0.5,Low Occupancy - Many Spots Free
7/15/2026,14,2026-07-15 14:43:59,14:43:59,Slot_03,Standard,Zone D,Free,0,Online,0.0,1,1,1.5,14,90.0,2.55,Low Occupancy - Many Spots Free
7/15/2026,14,2026-07-15 14:43:59,14:43:59,Slot_05,Standard,Zone C,Free,0,Online,0.0,1,1,1.5,14,90.0,2.98,Low Occupancy - Many Spots Free
7/15/2026,14,2026-07-15 14:43:59,14:43:59,Slot_06,Standard,Zone D,Free,0,Online,0.0,1,1,1.5,14,90.0,1.13,Low Occupancy - Many Spots Free
7/15/2026,14,2026-07-15 14:43:59,14:43:59,Slot_04,Standard,Zone D,Free,0,Online,0.0,1,1,1.5,14,90.0,0.71,Low Occupancy - Many Spots Free
7/15/2026,14,2026-07-15 14:43:59,14:43:59,Slot_08,Standard,Zone C,Free,0,Online,0.0,1,1,1.5,14,90.0,2.42,Low Occupancy - Many Spots Free
7/15/2026,14,2026-07-15 14:48:59,14:48:59,Slot_01,Standard,Zone D,Free,0,Online,0.0,1,1,1.5,14,90.0,1.06,Low Occupancy - Many Spots Free
7/15/2026,14,2026-07-15 14:48:59,14:48:59,Slot_03,Standard,Zone D,Free,0,Online,0.0,1,1,1.5,14,90.0,2.33,Low Occupancy - Many Spots Free
7/15/2026,14,2026-07-15 14:48:59,14:48:59,Slot_05,Standard,Zone C,Free,0,Online,0.0,1,1,1.5,14,90.0,2.07,Low Occupancy - Many Spots Free
7/15/2026,14,2026-07-15 14:48:59,14:48:59,Slot_06,Standard,Zone D,Free,0,Online,0.0,1,1,1.5,14,90.0,2.76,Low Occupancy - Many Spots Free
7/15/2026,14,2026-07-15 14:48:59,14:48:59,Slot_04,Standard,Zone D,Free,0,Online,0.0,1,1,1.5,14,90.0,2.9,Low Occupancy - Many Spots Free
7/15/2026,14,2026-07-15 14:48:59,14:48:59,Slot_08,Standard,Zone C,Free,0,Online,0.0,1,1,1.5,14,90.0,1.34,Low Occupancy - Many Spots Free
7/15/2026,14,2026-07-15 14:53:59,14:53:59,Slot_01,Standard,Zone D,Free,0,Online,0.0,1,1,1.5,14,90.0,2.24,Low Occupancy - Many Spots Free
7/15/2026,14,2026-07-15 14:53:59,14:53:59,Slot_03,Standard,Zone D,Free,0,Online,0.0,1,1,1.5,14,90.0,1.04,Low Occupancy - Many Spots Free
7/15/2026,14,2026-07-15 14:53:59,14:53:59,Slot_05,Standard,Zone C,Free,0,Online,0.0,1,1,1.5,14,90.0,1.03,Low Occupancy - Many Spots Free
7/15/2026,14,2026-07-15 14:53:59,14:53:59,Slot_06,Standard,Zone D,Free,0,Online,0.0,1,1,1.5,14,90.0,0.92,Low Occupancy - Many Spots Free
7/15/2026,14,2026-07-15 14:53:59,14:53:59,Slot_04,Standard,Zone D,Free,0,Online,0.0,1,1,1.5,14,90.0,1.6,Low Occupancy - Many Spots Free
7/15/2026,14,2026-07-15 14:53:59,14:53:59,Slot_08,Standard,Zone C,Free,0,Online,0.0,1,1,1.5,14,90.0,2.8,Low Occupancy - Many Spots Free
7/15/2026,14,2026-07-15 14:58:59,14:58:59,Slot_01,Standard,Zone D,Free,0,Online,0.0,1,1,1.5,14,105.0,0.93,Low Occupancy - Many Spots Free
7/15/2026,14,2026-07-15 14:58:59,14:58:59,Slot_03,Standard,Zone D,Free,0,Online,0.0,1,1,1.5,14,105.0,2.98,Low Occupancy - Many Spots Free
7/15/2026,14,2026-07-15 14:58:59,14:58:59,Slot_05,Standard,Zone C,Free,0,Online,0.0,1,1,1.5,14,105.0,2.95,Low Occupancy - Many Spots Free
7/15/2026,14,2026-07-15 14:58:59,14:58:59,Slot_06,Standard,Zone D,Free,0,Online,0.0,1,1,1.5,14,105.0,1.21,Low Occupancy - Many Spots Free
7/15/2026,14,2026-07-15 14:58:59,14:58:59,Slot_04,Standard,Zone D,Free,0,Online,0.0,1,1,1.5,14,105.0,2.2,Low Occupancy - Many Spots Free
7/15/2026,14,2026-07-15 14:58:59,14:58:59,Slot_08,Standard,Zone C,Free,0,Online,0.0,1,1,1.5,14,105.0,2.17,Low Occupancy - Many Spots Free
7/15/2026,14,2026-07-15 14:58:59,14:58:59,Slot_07,Standard,Zone C,Free,0,Online,0.0,1,1,1.5,14,105.0,2.01,Low Occupancy - Many Spots Free
7/15/2026,15,2026-07-15 15:03:59,15:03:59,Slot_01,Standard,Zone D,Free,0,Online,0.0,1,1,1.5,15,105.0,1.3,Low Occupancy - Many Spots Free
7/15/2026,15,2026-07-15 15:03:59,15:03:59,Slot_03,Standard,Zone D,Free,0,Online,0.0,1,1,1.5,15,105.0,0.89,Low Occupancy - Many Spots Free
7/15/2026,15,2026-07-15 15:03:59,15:03:59,Slot_06,Standard,Zone D,Free,0,Online,0.0,1,1,1.5,15,105.0,1.06,Low Occupancy - Many Spots Free
7/15/2026,15,2026-07-15 15:03:59,15:03:59,Slot_05,Standard,Zone C,Free,0,Online,0.0,1,1,1.5,15,105.0,1.08,Low Occupancy - Many Spots Free
7/15/2026,15,2026-07-15 15:03:59,15:03:59,Slot_04,Standard,Zone D,Free,0,Online,0.0,1,1,1.5,15,105.0,0.91,Low Occupancy - Many Spots Free
7/15/2026,15,2026-07-15 15:03:59,15:03:59,Slot_07,Standard,Zone C,Free,0,Online,0.0,1,1,1.5,15,105.0,2.12,Low Occupancy - Many Spots Free
7/15/2026,15,2026-07-15 15:03:59,15:03:59,Slot_08,Standard,Zone C,Free,0,Online,0.0,1,1,1.5,15,105.0,2.45,Low Occupancy - Many Spots Free
7/15/2026,15,2026-07-15 15:08:59,15:08:59,Slot_01,Standard,Zone D,Free,0,Online,0.0,1,1,1.5,15,105.0,0.59,Low Occupancy - Many Spots Free
7/15/2026,15,2026-07-15 15:08:59,15:08:59,Slot_03,Standard,Zone D,Free,0,Online,0.0,1,1,1.5,15,105.0,2.27,Low Occupancy - Many Spots Free
7/15/2026,15,2026-07-15 15:08:59,15:08:59,Slot_06,Standard,Zone D,Free,0,Online,0.0,1,1,1.5,15,105.0,1.36,Low Occupancy - Many Spots Free
7/15/2026,15,2026-07-15 15:08:59,15:08:59,Slot_05,Standard,Zone C,Free,0,Online,0.0,1,1,1.5,15,105.0,2.83,Low Occupancy - Many Spots Free
7/15/2026,15,2026-07-15 15:08:59,15:08:59,Slot_04,Standard,Zone D,Free,0,Online,0.0,1,1,1.5,15,105.0,2.47,Low Occupancy - Many Spots Free
7/15/2026,15,2026-07-15 15:08:59,15:08:59,Slot_07,Standard,Zone C,Free,0,Online,0.0,1,1,1.5,15,105.0,1.43,Low Occupancy - Many Spots Free
7/15/2026,15,2026-07-15 15:08:59,15:08:59,Slot_08,Standard,Zone C,Free,0,Online,0.0,1,1,1.5,15,105.0,1.31,Low Occupancy - Many Spots Free
7/15/2026,15,2026-07-15 15:13:59,15:13:59,Slot_01,Standard,Zone D,Free,0,Online,0.0,1,1,1.5,15,105.0,1.73,Low Occupancy - Many Spots Free
7/15/2026,15,2026-07-15 15:13:59,15:13:59,Slot_03,Standard,Zone D,Free,0,Online,0.0,1,1,1.5,15,105.0,2.62,Low Occupancy - Many Spots Free
7/15/2026,15,2026-07-15 15:13:59,15:13:59,Slot_06,Standard,Zone D,Free,0,Online,0.0,1,1,1.5,15,105.0,2.9,Low Occupancy - Many Spots Free
7/15/2026,15,2026-07-15 15:13:59,15:13:59,Slot_05,Standard,Zone C,Free,0,Online,0.0,1,1,1.5,15,105.0,2.17,Low Occupancy - Many Spots Free
7/15/2026,15,2026-07-15 15:13:59,15:13:59,Slot_07,Standard,Zone C,Free,0,Online,0.0,1,1,1.5,15,105.0,2.83,Low Occupancy - Many Spots Free
7/15/2026,15,2026-07-15 15:13:59,15:13:59,Slot_04,Standard,Zone D,Free,0,Online,0.0,1,1,1.5,15,105.0,2.26,Low Occupancy - Many Spots Free
7/15/2026,15,2026-07-15 15:13:59,15:13:59,Slot_08,Standard,Zone C,Free,0,Online,0.0,1,1,1.5,15,105.0,2.13,Low Occupancy - Many Spots Free
7/15/2026,15,2026-07-15 15:18:59,15:18:59,Slot_01,Standard,Zone D,Free,0,Online,0.0,1,1,1.5,15,105.0,2.68,Low Occupancy - Many Spots Free
7/15/2026,15,2026-07-15 15:18:59,15:18:59,Slot_03,Standard,Zone D,Free,0,Online,0.0,1,1,1.5,15,105.0,2.77,Low Occupancy - Many Spots Free
7/15/2026,15,2026-07-15 15:18:59,15:18:59,Slot_06,Standard,Zone D,Free,0,Online,0.0,1,1,1.5,15,105.0,0.74,Low Occupancy - Many Spots Free
7/15/2026,15,2026-07-15 15:18:59,15:18:59,Slot_05,Standard,Zone C,Free,0,Online,0.0,1,1,1.5,15,105.0,2.52,Low Occupancy - Many Spots Free
7/15/2026,15,2026-07-15 15:18:59,15:18:59,Slot_04,Standard,Zone D,Free,0,Online,0.0,1,1,1.5,15,105.0,0.83,Low Occupancy - Many Spots Free
7/15/2026,15,2026-07-15 15:18:59,15:18:59,Slot_07,Standard,Zone C,Free,0,Online,0.0,1,1,1.5,15,105.0,2.61,Low Occupancy - Many Spots Free
7/15/2026,15,2026-07-15 15:18:59,15:18:59,Slot_08,Standard,Zone C,Free,0,Online,0.0,1,1,1.5,15,105.0,1.18,Low Occupancy - Many Spots Free
7/15/2026,15,2026-07-15 15:23:59,15:23:59,Slot_01,Standard,Zone D,Free,0,Online,0.0,1,1,1.5,15,105.0,1.33,Low Occupancy - Many Spots Free
7/15/2026,15,2026-07-15 15:23:59,15:23:59,Slot_03,Standard,Zone D,Free,0,Online,0.0,1,1,1.5,15,105.0,1.68,Low Occupancy - Many Spots Free
7/15/2026,15,2026-07-15 15:23:59,15:23:59,Slot_06,Standard,Zone D,Free,0,Online,0.0,1,1,1.5,15,105.0,2.01,Low Occupancy - Many Spots Free
7/15/2026,15,2026-07-15 15:23:59,15:23:59,Slot_05,Standard,Zone C,Free,0,Online,0.0,1,1,1.5,15,105.0,2.06,Low Occupancy - Many Spots Free
7/15/2026,15,2026-07-15 15:23:59,15:23:59,Slot_07,Standard,Zone C,Free,0,Online,0.0,1,1,1.5,15,105.0,1.5,Low Occupancy - Many Spots Free
7/15/2026,15,2026-07-15 15:23:59,15:23:59,Slot_08,Standard,Zone C,Free,0,Online,0.0,1,1,1.5,15,105.0,2.09,Low Occupancy - Many Spots Free
7/15/2026,15,2026-07-15 15:23:59,15:23:59,Slot_04,Standard,Zone D,Free,0,Online,0.0,1,1,1.5,15,105.0,2.24,Low Occupancy - Many Spots Free
7/15/2026,15,2026-07-15 15:28:59,15:28:59,Slot_01,Standard,Zone D,Free,0,Online,0.0,1,1,1.5,15,105.0,2.6,Low Occupancy - Many Spots Free
7/15/2026,15,2026-07-15 15:28:59,15:28:59,Slot_03,Standard,Zone D,Free,0,Online,0.0,1,1,1.5,15,105.0,1.58,Low Occupancy - Many Spots Free
7/15/2026,15,2026-07-15 15:28:59,15:28:59,Slot_06,Standard,Zone D,Free,0,Online,0.0,1,1,1.5,15,105.0,1.13,Low Occupancy - Many Spots Free
7/15/2026,15,2026-07-15 15:28:59,15:28:59,Slot_05,Standard,Zone C,Free,0,Online,0.0,1,1,1.5,15,105.0,2.42,Low Occupancy - Many Spots Free
7/15/2026,15,2026-07-15 15:28:59,15:28:59,Slot_07,Standard,Zone C,Free,0,Online,0.0,1,1,1.5,15,105.0,2.45,Low Occupancy - Many Spots Free
7/15/2026,15,2026-07-15 15:28:59,15:28:59,Slot_04,Standard,Zone D,Free,0,Online,0.0,1,1,1.5,15,105.0,1.61,Low Occupancy - Many Spots Free
7/15/2026,15,2026-07-15 15:28:59,15:28:59,Slot_08,Standard,Zone C,Free,0,Online,0.0,1,1,1.5,15,105.0,1.83,Low Occupancy - Many Spots Free
7/15/2026,15,2026-07-15 15:33:59,15:33:59,Slot_01,Standard,Zone D,Free,0,Online,0.0,1,1,1.5,15,105.0,1.19,Low Occupancy - Many Spots Free
7/15/2026,15,2026-07-15 15:33:59,15:33:59,Slot_03,Standard,Zone D,Free,0,Online,0.0,1,1,1.5,15,105.0,2.51,Low Occupancy - Many Spots Free
7/15/2026,15,2026-07-15 15:33:59,15:33:59,Slot_06,Standard,Zone D,Free,0,Online,0.0,1,1,1.5,15,105.0,1.88,Low Occupancy - Many Spots Free
7/15/2026,15,2026-07-15 15:33:59,15:33:59,Slot_05,Standard,Zone C,Free,0,Online,0.0,1,1,1.5,15,105.0,0.91,Low Occupancy - Many Spots Free
7/15/2026,15,2026-07-15 15:33:59,15:33:59,Slot_07,Standard,Zone C,Free,0,Online,0.0,1,1,1.5,15,105.0,1.0,Low Occupancy - Many Spots Free
7/15/2026,15,2026-07-15 15:33:59,15:33:59,Slot_04,Standard,Zone D,Free,0,Online,0.0,1,1,1.5,15,105.0,2.31,Low Occupancy - Many Spots Free
7/15/2026,15,2026-07-15 15:33:59,15:33:59,Slot_08,Standard,Zone C,Free,0,Online,0.0,1,1,1.5,15,105.0,1.03,Low Occupancy - Many Spots Free
7/15/2026,15,2026-07-15 15:38:59,15:38:59,Slot_01,Standard,Zone D,Free,0,Online,0.0,1,1,1.5,15,105.0,0.96,Low Occupancy - Many Spots Free
7/15/2026,15,2026-07-15 15:38:59,15:38:59,Slot_03,Standard,Zone D,Free,0,Online,0.0,1,1,1.5,15,105.0,1.18,Low Occupancy - Many Spots Free
7/15/2026,15,2026-07-15 15:38:59,15:38:59,Slot_06,Standard,Zone D,Free,0,Online,0.0,1,1,1.5,15,105.0,2.88,Low Occupancy - Many Spots Free
7/15/2026,15,2026-07-15 15:38:59,15:38:59,Slot_05,Standard,Zone C,Free,0,Online,0.0,1,1,1.5,15,105.0,1.49,Low Occupancy - Many Spots Free
7/15/2026,15,2026-07-15 15:38:59,15:38:59,Slot_07,Standard,Zone C,Free,0,Online,0.0,1,1,1.5,15,105.0,2.86,Low Occupancy - Many Spots Free
7/15/2026,15,2026-07-15 15:38:59,15:38:59,Slot_04,Standard,Zone D,Free,0,Online,0.0,1,1,1.5,15,105.0,2.64,Low Occupancy - Many Spots Free
7/15/2026,15,2026-07-15 15:38:59,15:38:59,Slot_08,Standard,Zone C,Free,0,Online,0.0,1,1,1.5,15,105.0,2.53,Low Occupancy - Many Spots Free
7/15/2026,15,2026-07-15 15:43:59,15:43:59,Slot_01,Standard,Zone D,Free,0,Online,0.0,1,1,1.5,15,105.0,1.81,Low Occupancy - Many Spots Free
7/15/2026,15,2026-07-15 15:43:59,15:43:59,Slot_03,Standard,Zone D,Free,0,Online,0.0,1,1,1.5,15,105.0,2.46,Low Occupancy - Many Spots Free
7/15/2026,15,2026-07-15 15:43:59,15:43:59,Slot_06,Standard,Zone D,Free,0,Online,0.0,1,1,1.5,15,105.0,2.97,Low Occupancy - Many Spots Free
7/15/2026,15,2026-07-15 15:43:59,15:43:59,Slot_05,Standard,Zone C,Free,0,Online,0.0,1,1,1.5,15,105.0,2.27,Low Occupancy - Many Spots Free
7/15/2026,15,2026-07-15 15:43:59,15:43:59,Slot_07,Standard,Zone C,Free,0,Online,0.0,1,1,1.5,15,105.0,0.5,Low Occupancy - Many Spots Free
7/15/2026,15,2026-07-15 15:43:59,15:43:59,Slot_04,Standard,Zone D,Free,0,Online,0.0,1,1,1.5,15,105.0,2.39,Low Occupancy - Many Spots Free
7/15/2026,15,2026-07-15 15:43:59,15:43:59,Slot_08,Standard,Zone C,Free,0,Online,0.0,1,1,1.5,15,105.0,1.16,Low Occupancy - Many Spots Free
7/15/2026,15,2026-07-15 15:48:59,15:48:59,Slot_01,Standard,Zone D,Free,0,Online,0.0,1,1,1.5,15,105.0,0.51,Low Occupancy - Many Spots Free
7/15/2026,15,2026-07-15 15:48:59,15:48:59,Slot_03,Standard,Zone D,Free,0,Online,0.0,1,1,1.5,15,105.0,2.02,Low Occupancy - Many Spots Free
7/15/2026,15,2026-07-15 15:48:59,15:48:59,Slot_06,Standard,Zone D,Free,0,Online,0.0,1,1,1.5,15,105.0,1.58,Low Occupancy - Many Spots Free
7/15/2026,15,2026-07-15 15:48:59,15:48:59,Slot_05,Standard,Zone C,Free,0,Online,0.0,1,1,1.5,15,105.0,2.18,Low Occupancy - Many Spots Free
7/15/2026,15,2026-07-15 15:48:59,15:48:59,Slot_04,Standard,Zone D,Free,0,Online,0.0,1,1,1.5,15,105.0,2.86,Low Occupancy - Many Spots Free
7/15/2026,15,2026-07-15 15:48:59,15:48:59,Slot_07,Standard,Zone C,Free,0,Online,0.0,1,1,1.5,15,105.0,1.13,Low Occupancy - Many Spots Free
7/15/2026,15,2026-07-15 15:48:59,15:48:59,Slot_08,Standard,Zone C,Free,0,Online,0.0,1,1,1.5,15,105.0,1.05,Low Occupancy - Many Spots Free
7/15/2026,15,2026-07-15 15:53:59,15:53:59,Slot_01,Standard,Zone D,Free,0,Online,0.0,1,1,1.5,15,105.0,2.19,Low Occupancy - Many Spots Free
7/15/2026,15,2026-07-15 15:53:59,15:53:59,Slot_03,Standard,Zone D,Free,0,Online,0.0,1,1,1.5,15,105.0,3.0,Low Occupancy - Many Spots Free
7/15/2026,15,2026-07-15 15:53:59,15:53:59,Slot_05,Standard,Zone C,Free,0,Online,0.0,1,1,1.5,15,105.0,0.76,Low Occupancy - Many Spots Free
7/15/2026,15,2026-07-15 15:53:59,15:53:59,Slot_06,Standard,Zone D,Free,0,Online,0.0,1,1,1.5,15,105.0,2.15,Low Occupancy - Many Spots Free
7/15/2026,15,2026-07-15 15:53:59,15:53:59,Slot_08,Standard,Zone C,Free,0,Online,0.0,1,1,1.5,15,105.0,2.07,Low Occupancy - Many Spots Free
7/15/2026,15,2026-07-15 15:53:59,15:53:59,Slot_04,Standard,Zone D,Free,0,Online,0.0,1,1,1.5,15,105.0,1.13,Low Occupancy - Many Spots Free
7/15/2026,15,2026-07-15 15:53:59,15:53:59,Slot_07,Standard,Zone C,Free,0,Online,0.0,1,1,1.5,15,105.0,1.85,Low Occupancy - Many Spots Free
7/15/2026,15,2026-07-15 15:58:59,15:58:59,Slot_01,Standard,Zone D,Free,0,Online,0.0,1,1,1.5,15,105.0,2.37,Low Occupancy - Many Spots Free
7/15/2026,15,2026-07-15 15:58:59,15:58:59,Slot_03,Standard,Zone D,Free,0,Online,0.0,1,1,1.5,15,105.0,1.68,Low Occupancy - Many Spots Free
7/15/2026,15,2026-07-15 15:58:59,15:58:59,Slot_05,Standard,Zone C,Free,0,Online,0.0,1,1,1.5,15,105.0,2.87,Low Occupancy - Many Spots Free
7/15/2026,15,2026-07-15 15:58:59,15:58:59,Slot_06,Standard,Zone D,Free,0,Online,0.0,1,1,1.5,15,105.0,1.47,Low Occupancy - Many Spots Free
7/15/2026,15,2026-07-15 15:58:59,15:58:59,Slot_04,Standard,Zone D,Free,0,Online,0.0,1,1,1.5,15,105.0,0.57,Low Occupancy - Many Spots Free
7/15/2026,15,2026-07-15 15:58:59,15:58:59,Slot_08,Standard,Zone C,Free,0,Online,0.0,1,1,1.5,15,105.0,2.28,Low Occupancy - Many Spots Free
7/15/2026,15,2026-07-15 15:58:59,15:58:59,Slot_07,Standard,Zone C,Free,0,Online,0.0,1,1,1.5,15,105.0,1.36,Low Occupancy - Many Spots Free
7/15/2026,16,2026-07-15 16:03:59,16:03:59,Slot_01,Standard,Zone D,Free,0,Online,0.0,1,1,1.5,16,105.0,1.73,Low Occupancy - Many Spots Free
7/15/2026,16,2026-07-15 16:03:59,16:03:59,Slot_03,Standard,Zone D,Free,0,Online,0.0,1,1,1.5,16,105.0,2.75,Low Occupancy - Many Spots Free
7/15/2026,16,2026-07-15 16:03:59,16:03:59,Slot_05,Standard,Zone C,Free,0,Online,0.0,1,1,1.5,16,105.0,2.24,Low Occupancy - Many Spots Free
7/15/2026,16,2026-07-15 16:03:59,16:03:59,Slot_06,Standard,Zone D,Free,0,Online,0.0,1,1,1.5,16,105.0,1.54,Low Occupancy - Many Spots Free
7/15/2026,16,2026-07-15 16:03:59,16:03:59,Slot_04,Standard,Zone D,Free,0,Online,0.0,1,1,1.5,16,105.0,2.57,Low Occupancy - Many Spots Free
7/15/2026,16,2026-07-15 16:03:59,16:03:59,Slot_08,Standard,Zone C,Free,0,Online,0.0,1,1,1.5,16,105.0,1.28,Low Occupancy - Many Spots Free
7/15/2026,16,2026-07-15 16:03:59,16:03:59,Slot_07,Standard,Zone C,Free,0,Online,0.0,1,1,1.5,16,105.0,0.51,Low Occupancy - Many Spots Free
7/15/2026,16,2026-07-15 16:08:59,16:08:59,Slot_01,Standard,Zone D,Free,0,Online,0.0,1,1,1.5,16,90.0,2.51,Low Occupancy - Many Spots Free
7/15/2026,16,2026-07-15 16:08:59,16:08:59,Slot_03,Standard,Zone D,Free,0,Online,0.0,1,1,1.5,16,90.0,0.63,Low Occupancy - Many Spots Free
7/15/2026,16,2026-07-15 16:08:59,16:08:59,Slot_05,Standard,Zone C,Free,0,Online,0.0,1,1,1.5,16,90.0,2.04,Low Occupancy - Many Spots Free
7/15/2026,16,2026-07-15 16:08:59,16:08:59,Slot_04,Standard,Zone D,Free,0,Online,0.0,1,1,1.5,16,90.0,1.7,Low Occupancy - Many Spots Free
7/15/2026,16,2026-07-15 16:08:59,16:08:59,Slot_08,Standard,Zone C,Free,0,Online,0.0,1,1,1.5,16,90.0,2.0,Low Occupancy - Many Spots Free
7/15/2026,16,2026-07-15 16:08:59,16:08:59,Slot_06,Standard,Zone D,Free,0,Online,0.0,1,1,1.5,16,90.0,0.71,Low Occupancy - Many Spots Free
7/15/2026,16,2026-07-15 16:13:59,16:13:59,Slot_01,Standard,Zone D,Free,0,Online,0.0,1,1,1.5,16,90.0,1.95,Low Occupancy - Many Spots Free
7/15/2026,16,2026-07-15 16:13:59,16:13:59,Slot_03,Standard,Zone D,Free,0,Online,0.0,1,1,1.5,16,90.0,0.94,Low Occupancy - Many Spots Free
7/15/2026,16,2026-07-15 16:13:59,16:13:59,Slot_05,Standard,Zone C,Free,0,Online,0.0,1,1,1.5,16,90.0,1.08,Low Occupancy - Many Spots Free
7/15/2026,16,2026-07-15 16:13:59,16:13:59,Slot_04,Standard,Zone D,Free,0,Online,0.0,1,1,1.5,16,90.0,1.51,Low Occupancy - Many Spots Free
7/15/2026,16,2026-07-15 16:13:59,16:13:59,Slot_06,Standard,Zone D,Free,0,Online,0.0,1,1,1.5,16,90.0,2.25,Low Occupancy - Many Spots Free
7/15/2026,16,2026-07-15 16:13:59,16:13:59,Slot_08,Standard,Zone C,Free,0,Online,0.0,1,1,1.5,16,90.0,0.77,Low Occupancy - Many Spots Free
7/15/2026,16,2026-07-15 16:18:59,16:18:59,Slot_01,Standard,Zone D,Free,0,Online,0.0,1,1,1.5,16,90.0,2.01,Low Occupancy - Many Spots Free
7/15/2026,16,2026-07-15 16:18:59,16:18:59,Slot_03,Standard,Zone D,Free,0,Online,0.0,1,1,1.5,16,90.0,0.58,Low Occupancy - Many Spots Free
7/15/2026,16,2026-07-15 16:18:59,16:18:59,Slot_05,Standard,Zone C,Free,0,Online,0.0,1,1,1.5,16,90.0,1.61,Low Occupancy - Many Spots Free
7/15/2026,16,2026-07-15 16:18:59,16:18:59,Slot_06,Standard,Zone D,Free,0,Online,0.0,1,1,1.5,16,90.0,0.73,Low Occupancy - Many Spots Free
7/15/2026,16,2026-07-15 16:18:59,16:18:59,Slot_04,Standard,Zone D,Free,0,Online,0.0,1,1,1.5,16,90.0,1.65,Low Occupancy - Many Spots Free
7/15/2026,16,2026-07-15 16:18:59,16:18:59,Slot_08,Standard,Zone C,Free,0,Online,0.0,1,1,1.5,16,90.0,2.95,Low Occupancy - Many Spots Free
7/15/2026,16,2026-07-15 16:23:59,16:23:59,Slot_01,Standard,Zone D,Free,0,Online,0.0,1,1,1.5,16,105.0,2.76,Low Occupancy - Many Spots Free
7/15/2026,16,2026-07-15 16:23:59,16:23:59,Slot_03,Standard,Zone D,Free,0,Online,0.0,1,1,1.5,16,105.0,1.05,Low Occupancy - Many Spots Free
7/15/2026,16,2026-07-15 16:23:59,16:23:59,Slot_05,Standard,Zone C,Free,0,Online,0.0,1,1,1.5,16,105.0,2.63,Low Occupancy - Many Spots Free
7/15/2026,16,2026-07-15 16:23:59,16:23:59,Slot_06,Standard,Zone D,Free,0,Online,0.0,1,1,1.5,16,105.0,2.57,Low Occupancy - Many Spots Free
7/15/2026,16,2026-07-15 16:23:59,16:23:59,Slot_04,Standard,Zone D,Free,0,Online,0.0,1,1,1.5,16,105.0,0.98,Low Occupancy - Many Spots Free
7/15/2026,16,2026-07-15 16:23:59,16:23:59,Slot_07,Standard,Zone C,Free,0,Online,0.0,1,1,1.5,16,105.0,2.46,Low Occupancy - Many Spots Free
7/15/2026,16,2026-07-15 16:23:59,16:23:59,Slot_08,Standard,Zone C,Free,0,Online,0.0,1,1,1.5,16,105.0,2.99,Low Occupancy - Many Spots Free
7/15/2026,16,2026-07-15 16:28:59,16:28:59,Slot_01,Standard,Zone D,Free,0,Online,0.0,1,1,1.5,16,105.0,1.49,Low Occupancy - Many Spots Free
7/15/2026,16,2026-07-15 16:28:59,16:28:59,Slot_03,Standard,Zone D,Free,0,Online,0.0,1,1,1.5,16,105.0,0.73,Low Occupancy - Many Spots Free
7/15/2026,16,2026-07-15 16:28:59,16:28:59,Slot_06,Standard,Zone D,Free,0,Online,0.0,1,1,1.5,16,105.0,1.51,Low Occupancy - Many Spots Free
7/15/2026,16,2026-07-15 16:28:59,16:28:59,Slot_05,Standard,Zone C,Free,0,Online,0.0,1,1,1.5,16,105.0,1.07,Low Occupancy - Many Spots Free
7/15/2026,16,2026-07-15 16:28:59,16:28:59,Slot_07,Standard,Zone C,Free,0,Online,0.0,1,1,1.5,16,105.0,1.47,Low Occupancy - Many Spots Free
7/15/2026,16,2026-07-15 16:28:59,16:28:59,Slot_04,Standard,Zone D,Free,0,Online,0.0,1,1,1.5,16,105.0,1.67,Low Occupancy - Many Spots Free
7/15/2026,16,2026-07-15 16:28:59,16:28:59,Slot_08,Standard,Zone C,Free,0,Online,0.0,1,1,1.5,16,105.0,1.65,Low Occupancy - Many Spots Free
7/15/2026,16,2026-07-15 16:33:59,16:33:59,Slot_01,Standard,Zone D,Free,0,Online,0.0,1,1,1.5,16,105.0,1.54,Low Occupancy - Many Spots Free
7/15/2026,16,2026-07-15 16:33:59,16:33:59,Slot_03,Standard,Zone D,Free,0,Online,0.0,1,1,1.5,16,105.0,2.95,Low Occupancy - Many Spots Free
7/15/2026,16,2026-07-15 16:33:59,16:33:59,Slot_06,Standard,Zone D,Free,0,Online,0.0,1,1,1.5,16,105.0,2.94,Low Occupancy - Many Spots Free
7/15/2026,16,2026-07-15 16:33:59,16:33:59,Slot_05,Standard,Zone C,Free,0,Online,0.0,1,1,1.5,16,105.0,0.87,Low Occupancy - Many Spots Free
7/15/2026,16,2026-07-15 16:33:59,16:33:59,Slot_07,Standard,Zone C,Free,0,Online,0.0,1,1,1.5,16,105.0,1.48,Low Occupancy - Many Spots Free
7/15/2026,16,2026-07-15 16:33:59,16:33:59,Slot_04,Standard,Zone D,Free,0,Online,0.0,1,1,1.5,16,105.0,1.6,Low Occupancy - Many Spots Free
7/15/2026,16,2026-07-15 16:33:59,16:33:59,Slot_08,Standard,Zone C,Free,0,Online,0.0,1,1,1.5,16,105.0,1.15,Low Occupancy - Many Spots Free
7/15/2026,16,2026-07-15 16:38:59,16:38:59,Slot_01,Standard,Zone D,Free,0,Online,0.0,1,1,1.5,16,105.0,0.78,Low Occupancy - Many Spots Free
7/15/2026,16,2026-07-15 16:38:59,16:38:59,Slot_03,Standard,Zone D,Free,0,Online,0.0,1,1,1.5,16,105.0,0.58,Low Occupancy - Many Spots Free
7/15/2026,16,2026-07-15 16:38:59,16:38:59,Slot_06,Standard,Zone D,Free,0,Online,0.0,1,1,1.5,16,105.0,0.58,Low Occupancy - Many Spots Free
7/15/2026,16,2026-07-15 16:38:59,16:38:59,Slot_05,Standard,Zone C,Free,0,Online,0.0,1,1,1.5,16,105.0,2.55,Low Occupancy - Many Spots Free
7/15/2026,16,2026-07-15 16:38:59,16:38:59,Slot_07,Standard,Zone C,Free,0,Online,0.0,1,1,1.5,16,105.0,1.46,Low Occupancy - Many Spots Free
7/15/2026,16,2026-07-15 16:38:59,16:38:59,Slot_04,Standard,Zone D,Free,0,Online,0.0,1,1,1.5,16,105.0,2.2,Low Occupancy - Many Spots Free
7/15/2026,16,2026-07-15 16:38:59,16:38:59,Slot_08,Standard,Zone C,Free,0,Online,0.0,1,1,1.5,16,105.0,2.06,Low Occupancy - Many Spots Free
7/15/2026,16,2026-07-15 16:43:59,16:43:59,Slot_01,Standard,Zone D,Free,0,Online,0.0,1,1,1.5,16,105.0,2.07,Low Occupancy - Many Spots Free
7/15/2026,16,2026-07-15 16:43:59,16:43:59,Slot_03,Standard,Zone D,Free,0,Online,0.0,1,1,1.5,16,105.0,2.69,Low Occupancy - Many Spots Free
7/15/2026,16,2026-07-15 16:43:59,16:43:59,Slot_06,Standard,Zone D,Free,0,Online,0.0,1,1,1.5,16,105.0,2.04,Low Occupancy - Many Spots Free
7/15/2026,16,2026-07-15 16:43:59,16:43:59,Slot_05,Standard,Zone C,Free,0,Online,0.0,1,1,1.5,16,105.0,1.74,Low Occupancy - Many Spots Free
7/15/2026,16,2026-07-15 16:43:59,16:43:59,Slot_07,Standard,Zone C,Free,0,Online,0.0,1,1,1.5,16,105.0,1.09,Low Occupancy - Many Spots Free
7/15/2026,16,2026-07-15 16:43:59,16:43:59,Slot_04,Standard,Zone D,Free,0,Online,0.0,1,1,1.5,16,105.0,1.07,Low Occupancy - Many Spots Free
7/15/2026,16,2026-07-15 16:43:59,16:43:59,Slot_08,Standard,Zone C,Free,0,Online,0.0,1,1,1.5,16,105.0,0.72,Low Occupancy - Many Spots Free
7/15/2026,16,2026-07-15 16:48:59,16:48:59,Slot_01,Standard,Zone D,Free,0,Online,0.0,1,1,1.5,16,105.0,1.75,Low Occupancy - Many Spots Free
7/15/2026,16,2026-07-15 16:48:59,16:48:59,Slot_03,Standard,Zone D,Free,0,Online,0.0,1,1,1.5,16,105.0,0.7,Low Occupancy - Many Spots Free
7/15/2026,16,2026-07-15 16:48:59,16:48:59,Slot_05,Standard,Zone C,Free,0,Online,0.0,1,1,1.5,16,105.0,2.18,Low Occupancy - Many Spots Free
7/15/2026,16,2026-07-15 16:48:59,16:48:59,Slot_06,Standard,Zone D,Free,0,Online,0.0,1,1,1.5,16,105.0,2.59,Low Occupancy - Many Spots Free
7/15/2026,16,2026-07-15 16:48:59,16:48:59,Slot_07,Standard,Zone C,Free,0,Online,0.0,1,1,1.5,16,105.0,1.86,Low Occupancy - Many Spots Free
7/15/2026,16,2026-07-15 16:48:59,16:48:59,Slot_04,Standard,Zone D,Free,0,Online,0.0,1,1,1.5,16,105.0,2.45,Low Occupancy - Many Spots Free
7/15/2026,16,2026-07-15 16:48:59,16:48:59,Slot_08,Standard,Zone C,Free,0,Online,0.0,1,1,1.5,16,105.0,1.41,Low Occupancy - Many Spots Free
7/15/2026,16,2026-07-15 16:53:59,16:53:59,Slot_01,Standard,Zone D,Free,0,Online,0.0,1,1,1.5,16,105.0,0.94,Low Occupancy - Many Spots Free
7/15/2026,16,2026-07-15 16:53:59,16:53:59,Slot_03,Standard,Zone D,Free,0,Online,0.0,1,1,1.5,16,105.0,2.59,Low Occupancy - Many Spots Free
7/15/2026,16,2026-07-15 16:53:59,16:53:59,Slot_05,Standard,Zone C,Free,0,Online,0.0,1,1,1.5,16,105.0,2.52,Low Occupancy - Many Spots Free
7/15/2026,16,2026-07-15 16:53:59,16:53:59,Slot_06,Standard,Zone D,Free,0,Online,0.0,1,1,1.5,16,105.0,1.03,Low Occupancy - Many Spots Free
7/15/2026,16,2026-07-15 16:53:59,16:53:59,Slot_07,Standard,Zone C,Free,0,Online,0.0,1,1,1.5,16,105.0,2.56,Low Occupancy - Many Spots Free
7/15/2026,16,2026-07-15 16:53:59,16:53:59,Slot_04,Standard,Zone D,Free,0,Online,0.0,1,1,1.5,16,105.0,1.41,Low Occupancy - Many Spots Free
7/15/2026,16,2026-07-15 16:53:59,16:53:59,Slot_08,Standard,Zone C,Free,0,Online,0.0,1,1,1.5,16,105.0,2.63,Low Occupancy - Many Spots Free
7/15/2026,16,2026-07-15 16:58:59,16:58:59,Slot_01,Standard,Zone D,Free,0,Online,0.0,1,1,1.5,16,105.0,0.57,Low Occupancy - Many Spots Free
7/15/2026,16,2026-07-15 16:58:59,16:58:59,Slot_03,Standard,Zone D,Free,0,Online,0.0,1,1,1.5,16,105.0,2.7,Low Occupancy - Many Spots Free
7/15/2026,16,2026-07-15 16:58:59,16:58:59,Slot_06,Standard,Zone D,Free,0,Online,0.0,1,1,1.5,16,105.0,2.02,Low Occupancy - Many Spots Free
7/15/2026,16,2026-07-15 16:58:59,16:58:59,Slot_05,Standard,Zone C,Free,0,Online,0.0,1,1,1.5,16,105.0,1.03,Low Occupancy - Many Spots Free
7/15/2026,16,2026-07-15 16:58:59,16:58:59,Slot_07,Standard,Zone C,Free,0,Online,0.0,1,1,1.5,16,105.0,2.96,Low Occupancy - Many Spots Free
7/15/2026,16,2026-07-15 16:58:59,16:58:59,Slot_04,Standard,Zone D,Free,0,Online,0.0,1,1,1.5,16,105.0,1.45,Low Occupancy - Many Spots Free
7/15/2026,16,2026-07-15 16:58:59,16:58:59,Slot_08,Standard,Zone C,Free,0,Online,0.0,1,1,1.5,16,105.0,0.75,Low Occupancy - Many Spots Free
7/15/2026,17,2026-07-15 17:03:59,17:03:59,Slot_01,Standard,Zone D,Free,0,Online,0.0,1,1,1.5,17,105.0,2.32,Low Occupancy - Many Spots Free
7/15/2026,17,2026-07-15 17:03:59,17:03:59,Slot_03,Standard,Zone D,Free,0,Online,0.0,1,1,1.5,17,105.0,2.73,Low Occupancy - Many Spots Free
7/15/2026,17,2026-07-15 17:03:59,17:03:59,Slot_05,Standard,Zone C,Free,0,Online,0.0,1,1,1.5,17,105.0,2.14,Low Occupancy - Many Spots Free
7/15/2026,17,2026-07-15 17:03:59,17:03:59,Slot_07,Standard,Zone C,Free,0,Online,0.0,1,1,1.5,17,105.0,1.75,Low Occupancy - Many Spots Free
7/15/2026,17,2026-07-15 17:03:59,17:03:59,Slot_06,Standard,Zone D,Free,0,Online,0.0,1,1,1.5,17,105.0,1.14,Low Occupancy - Many Spots Free
7/15/2026,17,2026-07-15 17:03:59,17:03:59,Slot_04,Standard,Zone D,Free,0,Online,0.0,1,1,1.5,17,105.0,0.54,Low Occupancy - Many Spots Free
7/15/2026,17,2026-07-15 17:03:59,17:03:59,Slot_08,Standard,Zone C,Free,0,Online,0.0,1,1,1.5,17,105.0,1.51,Low Occupancy - Many Spots Free
7/15/2026,17,2026-07-15 17:08:59,17:08:59,Slot_01,Standard,Zone D,Free,0,Online,0.0,1,1,1.5,17,105.0,1.58,Low Occupancy - Many Spots Free
7/15/2026,17,2026-07-15 17:08:59,17:08:59,Slot_03,Standard,Zone D,Free,0,Online,0.0,1,1,1.5,17,105.0,2.04,Low Occupancy - Many Spots Free
7/15/2026,17,2026-07-15 17:08:59,17:08:59,Slot_05,Standard,Zone C,Free,0,Online,0.0,1,1,1.5,17,105.0,1.71,Low Occupancy - Many Spots Free
7/15/2026,17,2026-07-15 17:08:59,17:08:59,Slot_07,Standard,Zone C,Free,0,Online,0.0,1,1,1.5,17,105.0,2.33,Low Occupancy - Many Spots Free
7/15/2026,17,2026-07-15 17:08:59,17:08:59,Slot_06,Standard,Zone D,Free,0,Online,0.0,1,1,1.5,17,105.0,1.37,Low Occupancy - Many Spots Free
7/15/2026,17,2026-07-15 17:08:59,17:08:59,Slot_04,Standard,Zone D,Free,0,Online,0.0,1,1,1.5,17,105.0,1.99,Low Occupancy - Many Spots Free
7/15/2026,17,2026-07-15 17:08:59,17:08:59,Slot_08,Standard,Zone C,Free,0,Online,0.0,1,1,1.5,17,105.0,1.53,Low Occupancy - Many Spots Free
7/15/2026,17,2026-07-15 17:13:59,17:13:59,Slot_01,Standard,Zone D,Free,0,Online,0.0,1,1,1.5,17,105.0,2.04,Low Occupancy - Many Spots Free
7/15/2026,17,2026-07-15 17:13:59,17:13:59,Slot_03,Standard,Zone D,Free,0,Online,0.0,1,1,1.5,17,105.0,0.83,Low Occupancy - Many Spots Free
7/15/2026,17,2026-07-15 17:13:59,17:13:59,Slot_05,Standard,Zone C,Free,0,Online,0.0,1,1,1.5,17,105.0,0.52,Low Occupancy - Many Spots Free
7/15/2026,17,2026-07-15 17:13:59,17:13:59,Slot_07,Standard,Zone C,Free,0,Online,0.0,1,1,1.5,17,105.0,1.35,Low Occupancy - Many Spots Free
7/15/2026,17,2026-07-15 17:13:59,17:13:59,Slot_04,Standard,Zone D,Free,0,Online,0.0,1,1,1.5,17,105.0,3.0,Low Occupancy - Many Spots Free
7/15/2026,17,2026-07-15 17:13:59,17:13:59,Slot_08,Standard,Zone C,Free,0,Online,0.0,1,1,1.5,17,105.0,1.66,Low Occupancy - Many Spots Free
7/15/2026,17,2026-07-15 17:13:59,17:13:59,Slot_06,Standard,Zone D,Free,0,Online,0.0,1,1,1.5,17,105.0,2.37,Low Occupancy - Many Spots Free
7/15/2026,17,2026-07-15 17:18:59,17:18:59,Slot_01,Standard,Zone D,Free,0,Online,0.0,1,1,1.5,17,105.0,2.62,Low Occupancy - Many Spots Free
7/15/2026,17,2026-07-15 17:18:59,17:18:59,Slot_03,Standard,Zone D,Free,0,Online,0.0,1,1,1.5,17,105.0,0.69,Low Occupancy - Many Spots Free
7/15/2026,17,2026-07-15 17:18:59,17:18:59,Slot_05,Standard,Zone C,Free,0,Online,0.0,1,1,1.5,17,105.0,0.69,Low Occupancy - Many Spots Free
7/15/2026,17,2026-07-15 17:18:59,17:18:59,Slot_07,Standard,Zone C,Free,0,Online,0.0,1,1,1.5,17,105.0,2.21,Low Occupancy - Many Spots Free
7/15/2026,17,2026-07-15 17:18:59,17:18:59,Slot_04,Standard,Zone D,Free,0,Online,0.0,1,1,1.5,17,105.0,2.71,Low Occupancy - Many Spots Free
7/15/2026,17,2026-07-15 17:18:59,17:18:59,Slot_08,Standard,Zone C,Free,0,Online,0.0,1,1,1.5,17,105.0,0.97,Low Occupancy - Many Spots Free
7/15/2026,17,2026-07-15 17:18:59,17:18:59,Slot_06,Standard,Zone D,Free,0,Online,0.0,1,1,1.5,17,105.0,1.72,Low Occupancy - Many Spots Free
7/15/2026,17,2026-07-15 17:23:59,17:23:59,Slot_01,Standard,Zone D,Free,0,Online,0.0,1,1,1.5,17,90.0,1.46,Low Occupancy - Many Spots Free
7/15/2026,17,2026-07-15 17:23:59,17:23:59,Slot_03,Standard,Zone D,Free,0,Online,0.0,1,1,1.5,17,90.0,1.24,Low Occupancy - Many Spots Free
7/15/2026,17,2026-07-15 17:23:59,17:23:59,Slot_05,Standard,Zone C,Free,0,Online,0.0,1,1,1.5,17,90.0,2.38,Low Occupancy - Many Spots Free
7/15/2026,17,2026-07-15 17:23:59,17:23:59,Slot_07,Standard,Zone C,Free,0,Online,0.0,1,1,1.5,17,90.0,1.51,Low Occupancy - Many Spots Free
7/15/2026,17,2026-07-15 17:23:59,17:23:59,Slot_04,Standard,Zone D,Free,0,Online,0.0,1,1,1.5,17,90.0,1.34,Low Occupancy - Many Spots Free
7/15/2026,17,2026-07-15 17:23:59,17:23:59,Slot_08,Standard,Zone C,Free,0,Online,0.0,1,1,1.5,17,90.0,1.84,Low Occupancy - Many Spots Free
7/15/2026,17,2026-07-15 17:28:59,17:28:59,Slot_01,Standard,Zone D,Free,0,Online,0.0,1,1,1.5,17,105.0,1.29,Low Occupancy - Many Spots Free
7/15/2026,17,2026-07-15 17:28:59,17:28:59,Slot_03,Standard,Zone D,Free,0,Online,0.0,1,1,1.5,17,105.0,2.33,Low Occupancy - Many Spots Free
7/15/2026,17,2026-07-15 17:28:59,17:28:59,Slot_05,Standard,Zone C,Free,0,Online,0.0,1,1,1.5,17,105.0,2.85,Low Occupancy - Many Spots Free
7/15/2026,17,2026-07-15 17:28:59,17:28:59,Slot_07,Standard,Zone C,Free,0,Online,0.0,1,1,1.5,17,105.0,2.0,Low Occupancy - Many Spots Free
7/15/2026,17,2026-07-15 17:28:59,17:28:59,Slot_04,Standard,Zone D,Free,0,Online,0.0,1,1,1.5,17,105.0,0.51,Low Occupancy - Many Spots Free
7/15/2026,17,2026-07-15 17:28:59,17:28:59,Slot_08,Standard,Zone C,Free,0,Online,0.0,1,1,1.5,17,105.0,2.39,Low Occupancy - Many Spots Free
7/15/2026,17,2026-07-15 17:28:59,17:28:59,Slot_06,Standard,Zone D,Free,0,Online,0.0,1,1,1.5,17,105.0,1.92,Low Occupancy - Many Spots Free
7/15/2026,17,2026-07-15 17:33:59,17:33:59,Slot_01,Standard,Zone D,Free,0,Online,0.0,1,1,1.5,17,105.0,2.68,Low Occupancy - Many Spots Free
7/15/2026,17,2026-07-15 17:33:59,17:33:59,Slot_03,Standard,Zone D,Free,0,Online,0.0,1,1,1.5,17,105.0,2.88,Low Occupancy - Many Spots Free
7/15/2026,17,2026-07-15 17:33:59,17:33:59,Slot_05,Standard,Zone C,Free,0,Online,0.0,1,1,1.5,17,105.0,2.33,Low Occupancy - Many Spots Free
7/15/2026,17,2026-07-15 17:33:59,17:33:59,Slot_07,Standard,Zone C,Free,0,Online,0.0,1,1,1.5,17,105.0,2.01,Low Occupancy - Many Spots Free
7/15/2026,17,2026-07-15 17:33:59,17:33:59,Slot_04,Standard,Zone D,Free,0,Online,0.0,1,1,1.5,17,105.0,0.74,Low Occupancy - Many Spots Free
7/15/2026,17,2026-07-15 17:33:59,17:33:59,Slot_08,Standard,Zone C,Free,0,Online,0.0,1,1,1.5,17,105.0,1.6,Low Occupancy - Many Spots Free
7/15/2026,17,2026-07-15 17:33:59,17:33:59,Slot_06,Standard,Zone D,Free,0,Online,0.0,1,1,1.5,17,105.0,0.93,Low Occupancy - Many Spots Free
7/15/2026,17,2026-07-15 17:38:59,17:38:59,Slot_01,Standard,Zone D,Free,0,Online,0.0,1,1,1.5,17,105.0,2.21,Low Occupancy - Many Spots Free
7/15/2026,17,2026-07-15 17:38:59,17:38:59,Slot_03,Standard,Zone D,Free,0,Online,0.0,1,1,1.5,17,105.0,2.28,Low Occupancy - Many Spots Free
7/15/2026,17,2026-07-15 17:38:59,17:38:59,Slot_05,Standard,Zone C,Free,0,Online,0.0,1,1,1.5,17,105.0,2.11,Low Occupancy - Many Spots Free
7/15/2026,17,2026-07-15 17:38:59,17:38:59,Slot_07,Standard,Zone C,Free,0,Online,0.0,1,1,1.5,17,105.0,2.16,Low Occupancy - Many Spots Free
7/15/2026,17,2026-07-15 17:38:59,17:38:59,Slot_04,Standard,Zone D,Free,0,Online,0.0,1,1,1.5,17,105.0,0.83,Low Occupancy - Many Spots Free
7/15/2026,17,2026-07-15 17:38:59,17:38:59,Slot_06,Standard,Zone D,Free,0,Online,0.0,1,1,1.5,17,105.0,2.03,Low Occupancy - Many Spots Free
7/15/2026,17,2026-07-15 17:38:59,17:38:59,Slot_08,Standard,Zone C,Free,0,Online,0.0,1,1,1.5,17,105.0,2.11,Low Occupancy - Many Spots Free
7/15/2026,17,2026-07-15 17:43:59,17:43:59,Slot_01,Standard,Zone D,Free,0,Online,0.0,1,1,1.5,17,105.0,1.72,Low Occupancy - Many Spots Free
7/15/2026,17,2026-07-15 17:43:59,17:43:59,Slot_03,Standard,Zone D,Free,0,Online,0.0,1,1,1.5,17,105.0,1.59,Low Occupancy - Many Spots Free
7/15/2026,17,2026-07-15 17:43:59,17:43:59,Slot_05,Standard,Zone C,Free,0,Online,0.0,1,1,1.5,17,105.0,2.88,Low Occupancy - Many Spots Free
7/15/2026,17,2026-07-15 17:43:59,17:43:59,Slot_07,Standard,Zone C,Free,0,Online,0.0,1,1,1.5,17,105.0,2.95,Low Occupancy - Many Spots Free
7/15/2026,17,2026-07-15 17:43:59,17:43:59,Slot_04,Standard,Zone D,Free,0,Online,0.0,1,1,1.5,17,105.0,2.64,Low Occupancy - Many Spots Free
7/15/2026,17,2026-07-15 17:43:59,17:43:59,Slot_06,Standard,Zone D,Free,0,Online,0.0,1,1,1.5,17,105.0,1.94,Low Occupancy - Many Spots Free
7/15/2026,17,2026-07-15 17:43:59,17:43:59,Slot_08,Standard,Zone C,Free,0,Online,0.0,1,1,1.5,17,105.0,1.43,Low Occupancy - Many Spots Free
7/15/2026,17,2026-07-15 17:48:59,17:48:59,Slot_01,Standard,Zone D,Free,0,Online,0.0,1,1,1.5,17,105.0,1.43,Low Occupancy - Many Spots Free
7/15/2026,17,2026-07-15 17:48:59,17:48:59,Slot_03,Standard,Zone D,Free,0,Online,0.0,1,1,1.5,17,105.0,2.2,Low Occupancy - Many Spots Free
7/15/2026,17,2026-07-15 17:48:59,17:48:59,Slot_05,Standard,Zone C,Free,0,Online,0.0,1,1,1.5,17,105.0,1.73,Low Occupancy - Many Spots Free
7/15/2026,17,2026-07-15 17:48:59,17:48:59,Slot_07,Standard,Zone C,Free,0,Online,0.0,1,1,1.5,17,105.0,2.33,Low Occupancy - Many Spots Free
7/15/2026,17,2026-07-15 17:48:59,17:48:59,Slot_04,Standard,Zone D,Free,0,Online,0.0,1,1,1.5,17,105.0,2.46,Low Occupancy - Many Spots Free
7/15/2026,17,2026-07-15 17:48:59,17:48:59,Slot_08,Standard,Zone C,Free,0,Online,0.0,1,1,1.5,17,105.0,1.33,Low Occupancy - Many Spots Free
7/15/2026,17,2026-07-15 17:48:59,17:48:59,Slot_06,Standard,Zone D,Free,0,Online,0.0,1,1,1.5,17,105.0,2.51,Low Occupancy - Many Spots Free
7/15/2026,17,2026-07-15 17:53:59,17:53:59,Slot_01,Standard,Zone D,Free,0,Online,0.0,1,1,1.5,17,105.0,1.73,Low Occupancy - Many Spots Free
7/15/2026,17,2026-07-15 17:53:59,17:53:59,Slot_03,Standard,Zone D,Free,0,Online,0.0,1,1,1.5,17,105.0,1.34,Low Occupancy - Many Spots Free
7/15/2026,17,2026-07-15 17:53:59,17:53:59,Slot_05,Standard,Zone C,Free,0,Online,0.0,1,1,1.5,17,105.0,1.55,Low Occupancy - Many Spots Free
7/15/2026,17,2026-07-15 17:53:59,17:53:59,Slot_07,Standard,Zone C,Free,0,Online,0.0,1,1,1.5,17,105.0,2.63,Low Occupancy - Many Spots Free
7/15/2026,17,2026-07-15 17:53:59,17:53:59,Slot_04,Standard,Zone D,Free,0,Online,0.0,1,1,1.5,17,105.0,2.5,Low Occupancy - Many Spots Free
7/15/2026,17,2026-07-15 17:53:59,17:53:59,Slot_08,Standard,Zone C,Free,0,Online,0.0,1,1,1.5,17,105.0,0.93,Low Occupancy - Many Spots Free
7/15/2026,17,2026-07-15 17:53:59,17:53:59,Slot_06,Standard,Zone D,Free,0,Online,0.0,1,1,1.5,17,105.0,0.93,Low Occupancy - Many Spots Free
7/15/2026,17,2026-07-15 17:58:59,17:58:59,Slot_01,Standard,Zone D,Free,0,Online,0.0,1,1,1.5,17,105.0,2.1,Low Occupancy - Many Spots Free
7/15/2026,17,2026-07-15 17:58:59,17:58:59,Slot_03,Standard,Zone D,Free,0,Online,0.0,1,1,1.5,17,105.0,1.15,Low Occupancy - Many Spots Free
7/15/2026,17,2026-07-15 17:58:59,17:58:59,Slot_05,Standard,Zone C,Free,0,Online,0.0,1,1,1.5,17,105.0,2.24,Low Occupancy - Many Spots Free
7/15/2026,17,2026-07-15 17:58:59,17:58:59,Slot_07,Standard,Zone C,Free,0,Online,0.0,1,1,1.5,17,105.0,0.91,Low Occupancy - Many Spots Free
7/15/2026,17,2026-07-15 17:58:59,17:58:59,Slot_04,Standard,Zone D,Free,0,Online,0.0,1,1,1.5,17,105.0,1.2,Low Occupancy - Many Spots Free
7/15/2026,17,2026-07-15 17:58:59,17:58:59,Slot_08,Standard,Zone C,Free,0,Online,0.0,1,1,1.5,17,105.0,1.95,Low Occupancy - Many Spots Free
7/15/2026,17,2026-07-15 17:58:59,17:58:59,Slot_06,Standard,Zone D,Free,0,Online,0.0,1,1,1.5,17,105.0,0.6,Low Occupancy - Many Spots Free
7/15/2026,18,2026-07-15 18:03:59,18:03:59,Slot_01,Standard,Zone D,Free,0,Online,0.0,1,1,1.5,18,105.0,1.14,Low Occupancy - Many Spots Free
7/15/2026,18,2026-07-15 18:03:59,18:03:59,Slot_03,Standard,Zone D,Free,0,Online,0.0,1,1,1.5,18,105.0,2.5,Low Occupancy - Many Spots Free
7/15/2026,18,2026-07-15 18:03:59,18:03:59,Slot_05,Standard,Zone C,Free,0,Online,0.0,1,1,1.5,18,105.0,2.6,Low Occupancy - Many Spots Free
7/15/2026,18,2026-07-15 18:03:59,18:03:59,Slot_07,Standard,Zone C,Free,0,Online,0.0,1,1,1.5,18,105.0,1.65,Low Occupancy - Many Spots Free
7/15/2026,18,2026-07-15 18:03:59,18:03:59,Slot_04,Standard,Zone D,Free,0,Online,0.0,1,1,1.5,18,105.0,1.54,Low Occupancy - Many Spots Free
7/15/2026,18,2026-07-15 18:03:59,18:03:59,Slot_06,Standard,Zone D,Free,0,Online,0.0,1,1,1.5,18,105.0,2.27,Low Occupancy - Many Spots Free
7/15/2026,18,2026-07-15 18:03:59,18:03:59,Slot_08,Standard,Zone C,Free,0,Online,0.0,1,1,1.5,18,105.0,1.05,Low Occupancy - Many Spots Free
7/15/2026,18,2026-07-15 18:08:59,18:08:59,Slot_01,Standard,Zone D,Free,0,Online,0.0,1,1,1.5,18,105.0,1.68,Low Occupancy - Many Spots Free
7/15/2026,18,2026-07-15 18:08:59,18:08:59,Slot_03,Standard,Zone D,Free,0,Online,0.0,1,1,1.5,18,105.0,0.67,Low Occupancy - Many Spots Free
7/15/2026,18,2026-07-15 18:08:59,18:08:59,Slot_05,Standard,Zone C,Free,0,Online,0.0,1,1,1.5,18,105.0,1.69,Low Occupancy - Many Spots Free
7/15/2026,18,2026-07-15 18:08:59,18:08:59,Slot_07,Standard,Zone C,Free,0,Online,0.0,1,1,1.5,18,105.0,1.84,Low Occupancy - Many Spots Free
7/15/2026,18,2026-07-15 18:08:59,18:08:59,Slot_04,Standard,Zone D,Free,0,Online,0.0,1,1,1.5,18,105.0,1.49,Low Occupancy - Many Spots Free
7/15/2026,18,2026-07-15 18:08:59,18:08:59,Slot_08,Standard,Zone C,Free,0,Online,0.0,1,1,1.5,18,105.0,2.5,Low Occupancy - Many Spots Free
7/15/2026,18,2026-07-15 18:08:59,18:08:59,Slot_06,Standard,Zone D,Free,0,Online,0.0,1,1,1.5,18,105.0,2.42,Low Occupancy - Many Spots Free
7/15/2026,18,2026-07-15 18:13:59,18:13:59,Slot_01,Standard,Zone D,Free,0,Online,0.0,1,1,1.5,18,105.0,1.86,Low Occupancy - Many Spots Free
7/15/2026,18,2026-07-15 18:13:59,18:13:59,Slot_03,Standard,Zone D,Free,0,Online,0.0,1,1,1.5,18,105.0,2.66,Low Occupancy - Many Spots Free
7/15/2026,18,2026-07-15 18:13:59,18:13:59,Slot_05,Standard,Zone C,Free,0,Online,0.0,1,1,1.5,18,105.0,1.68,Low Occupancy - Many Spots Free
7/15/2026,18,2026-07-15 18:13:59,18:13:59,Slot_07,Standard,Zone C,Free,0,Online,0.0,1,1,1.5,18,105.0,0.95,Low Occupancy - Many Spots Free
7/15/2026,18,2026-07-15 18:13:59,18:13:59,Slot_04,Standard,Zone D,Free,0,Online,0.0,1,1,1.5,18,105.0,2.19,Low Occupancy - Many Spots Free
7/15/2026,18,2026-07-15 18:13:59,18:13:59,Slot_08,Standard,Zone C,Free,0,Online,0.0,1,1,1.5,18,105.0,0.99,Low Occupancy - Many Spots Free
7/15/2026,18,2026-07-15 18:13:59,18:13:59,Slot_06,Standard,Zone D,Free,0,Online,0.0,1,1,1.5,18,105.0,1.22,Low Occupancy - Many Spots Free
7/15/2026,18,2026-07-15 18:18:59,18:18:59,Slot_01,Standard,Zone D,Free,0,Online,0.0,1,1,1.5,18,105.0,0.57,Low Occupancy - Many Spots Free
7/15/2026,18,2026-07-15 18:18:59,18:18:59,Slot_03,Standard,Zone D,Free,0,Online,0.0,1,1,1.5,18,105.0,2.21,Low Occupancy - Many Spots Free
7/15/2026,18,2026-07-15 18:18:59,18:18:59,Slot_05,Standard,Zone C,Free,0,Online,0.0,1,1,1.5,18,105.0,2.06,Low Occupancy - Many Spots Free
7/15/2026,18,2026-07-15 18:18:59,18:18:59,Slot_07,Standard,Zone C,Free,0,Online,0.0,1,1,1.5,18,105.0,2.99,Low Occupancy - Many Spots Free
7/15/2026,18,2026-07-15 18:18:59,18:18:59,Slot_04,Standard,Zone D,Free,0,Online,0.0,1,1,1.5,18,105.0,2.25,Low Occupancy - Many Spots Free
7/15/2026,18,2026-07-15 18:18:59,18:18:59,Slot_08,Standard,Zone C,Free,0,Online,0.0,1,1,1.5,18,105.0,1.5,Low Occupancy - Many Spots Free
7/15/2026,18,2026-07-15 18:18:59,18:18:59,Slot_06,Standard,Zone D,Free,0,Online,0.0,1,1,1.5,18,105.0,1.55,Low Occupancy - Many Spots Free
7/15/2026,18,2026-07-15 18:23:59,18:23:59,Slot_01,Standard,Zone D,Free,0,Online,0.0,1,1,1.5,18,105.0,0.6,Low Occupancy - Many Spots Free
7/15/2026,18,2026-07-15 18:23:59,18:23:59,Slot_03,Standard,Zone D,Free,0,Online,0.0,1,1,1.5,18,105.0,1.75,Low Occupancy - Many Spots Free
7/15/2026,18,2026-07-15 18:23:59,18:23:59,Slot_05,Standard,Zone C,Free,0,Online,0.0,1,1,1.5,18,105.0,1.56,Low Occupancy - Many Spots Free
7/15/2026,18,2026-07-15 18:23:59,18:23:59,Slot_07,Standard,Zone C,Free,0,Online,0.0,1,1,1.5,18,105.0,1.8,Low Occupancy - Many Spots Free
7/15/2026,18,2026-07-15 18:23:59,18:23:59,Slot_04,Standard,Zone D,Free,0,Online,0.0,1,1,1.5,18,105.0,1.59,Low Occupancy - Many Spots Free
7/15/2026,18,2026-07-15 18:23:59,18:23:59,Slot_08,Standard,Zone C,Free,0,Online,0.0,1,1,1.5,18,105.0,1.9,Low Occupancy - Many Spots Free
7/15/2026,18,2026-07-15 18:23:59,18:23:59,Slot_06,Standard,Zone D,Free,0,Online,0.0,1,1,1.5,18,105.0,2.56,Low Occupancy - Many Spots Free
7/15/2026,18,2026-07-15 18:28:59,18:28:59,Slot_01,Standard,Zone D,Free,0,Online,0.0,1,1,1.5,18,90.0,2.08,Low Occupancy - Many Spots Free
7/15/2026,18,2026-07-15 18:28:59,18:28:59,Slot_03,Standard,Zone D,Free,0,Online,0.0,1,1,1.5,18,90.0,0.84,Low Occupancy - Many Spots Free
7/15/2026,18,2026-07-15 18:28:59,18:28:59,Slot_05,Standard,Zone C,Free,0,Online,0.0,1,1,1.5,18,90.0,2.67,Low Occupancy - Many Spots Free
7/15/2026,18,2026-07-15 18:28:59,18:28:59,Slot_07,Standard,Zone C,Free,0,Online,0.0,1,1,1.5,18,90.0,1.95,Low Occupancy - Many Spots Free
7/15/2026,18,2026-07-15 18:28:59,18:28:59,Slot_04,Standard,Zone D,Free,0,Online,0.0,1,1,1.5,18,90.0,0.8,Low Occupancy - Many Spots Free
7/15/2026,18,2026-07-15 18:28:59,18:28:59,Slot_08,Standard,Zone C,Free,0,Online,0.0,1,1,1.5,18,90.0,1.39,Low Occupancy - Many Spots Free
7/15/2026,18,2026-07-15 18:33:59,18:33:59,Slot_01,Standard,Zone D,Free,0,Online,0.0,1,1,1.5,18,90.0,2.31,Low Occupancy - Many Spots Free
7/15/2026,18,2026-07-15 18:33:59,18:33:59,Slot_03,Standard,Zone D,Free,0,Online,0.0,1,1,1.5,18,90.0,0.85,Low Occupancy - Many Spots Free
7/15/2026,18,2026-07-15 18:33:59,18:33:59,Slot_05,Standard,Zone C,Free,0,Online,0.0,1,1,1.5,18,90.0,2.56,Low Occupancy - Many Spots Free
7/15/2026,18,2026-07-15 18:33:59,18:33:59,Slot_07,Standard,Zone C,Free,0,Online,0.0,1,1,1.5,18,90.0,1.93,Low Occupancy - Many Spots Free
7/15/2026,18,2026-07-15 18:33:59,18:33:59,Slot_04,Standard,Zone D,Free,0,Online,0.0,1,1,1.5,18,90.0,2.3,Low Occupancy - Many Spots Free
7/15/2026,18,2026-07-15 18:33:59,18:33:59,Slot_08,Standard,Zone C,Free,0,Online,0.0,1,1,1.5,18,90.0,2.85,Low Occupancy - Many Spots Free
7/15/2026,18,2026-07-15 18:38:59,18:38:59,Slot_01,Standard,Zone D,Free,0,Online,0.0,1,1,1.5,18,90.0,1.77,Low Occupancy - Many Spots Free
7/15/2026,18,2026-07-15 18:38:59,18:38:59,Slot_03,Standard,Zone D,Free,0,Online,0.0,1,1,1.5,18,90.0,1.07,Low Occupancy - Many Spots Free
7/15/2026,18,2026-07-15 18:38:59,18:38:59,Slot_05,Standard,Zone C,Free,0,Online,0.0,1,1,1.5,18,90.0,1.6,Low Occupancy - Many Spots Free
7/15/2026,18,2026-07-15 18:38:59,18:38:59,Slot_07,Standard,Zone C,Free,0,Online,0.0,1,1,1.5,18,90.0,1.78,Low Occupancy - Many Spots Free
7/15/2026,18,2026-07-15 18:38:59,18:38:59,Slot_04,Standard,Zone D,Free,0,Online,0.0,1,1,1.5,18,90.0,2.2,Low Occupancy - Many Spots Free
7/15/2026,18,2026-07-15 18:38:59,18:38:59,Slot_08,Standard,Zone C,Free,0,Online,0.0,1,1,1.5,18,90.0,2.07,Low Occupancy - Many Spots Free
7/15/2026,18,2026-07-15 18:43:59,18:43:59,Slot_01,Standard,Zone D,Free,0,Online,0.0,1,1,1.5,18,90.0,1.62,Low Occupancy - Many Spots Free
7/15/2026,18,2026-07-15 18:43:59,18:43:59,Slot_03,Standard,Zone D,Free,0,Online,0.0,1,1,1.5,18,90.0,2.62,Low Occupancy - Many Spots Free
7/15/2026,18,2026-07-15 18:43:59,18:43:59,Slot_05,Standard,Zone C,Free,0,Online,0.0,1,1,1.5,18,90.0,0.75,Low Occupancy - Many Spots Free
7/15/2026,18,2026-07-15 18:43:59,18:43:59,Slot_07,Standard,Zone C,Free,0,Online,0.0,1,1,1.5,18,90.0,1.5,Low Occupancy - Many Spots Free
7/15/2026,18,2026-07-15 18:43:59,18:43:59,Slot_04,Standard,Zone D,Free,0,Online,0.0,1,1,1.5,18,90.0,0.79,Low Occupancy - Many Spots Free
7/15/2026,18,2026-07-15 18:43:59,18:43:59,Slot_08,Standard,Zone C,Free,0,Online,0.0,1,1,1.5,18,90.0,1.08,Low Occupancy - Many Spots Free
