Timestamp,Date,Time,Hour,Slot_ID,Zone,Status_Code,Status
2026-07-13 00:00:00,2026-07-13,00:00:00,0,Slot_01,Zone_A,0,Free
2026-07-13 00:00:00,2026-07-13,00:00:00,0,Slot_02,Zone_A,0,Free
2026-07-13 00:00:00,2026-07-13,00:00:00,0,Slot_03,Zone_A,0,Free
2026-07-13 00:00:00,2026-07-13,00:00:00,0,Slot_04,Zone_A,0,Free
2026-07-13 00:00:00,2026-07-13,00:00:00,0,Slot_05,Zone_A,1,Busy
2026-07-13 00:00:00,2026-07-13,00:00:00,0,Slot_06,Zone_A,1,Busy
2026-07-13 00:00:00,2026-07-13,00:00:00,0,Slot_07,Zone_A,1,Busy
2026-07-13 00:00:00,2026-07-13,00:00:00,0,Slot_08,Zone_A,0,Free
2026-07-13 00:00:00,2026-07-13,00:00:00,0,Slot_09,Zone_A,0,Free
2026-07-13 00:00:00,2026-07-13,00:00:00,0,Slot_10,Zone_A,0,Free
2026-07-13 00:00:00,2026-07-13,00:00:00,0,Slot_11,Zone_A,1,Busy
2026-07-13 00:00:00,2026-07-13,00:00:00,0,Slot_12,Zone_A,0,Free
2026-07-13 00:00:00,2026-07-13,00:00:00,0,Slot_13,Zone_A,0,Free
2026-07-13 00:00:00,2026-07-13,00:00:00,0,Slot_14,Zone_A,1,Busy
2026-07-13 00:00:00,2026-07-13,00:00:00,0,Slot_15,Zone_A,1,Busy
2026-07-13 00:00:00,2026-07-13,00:00:00,0,Slot_16,Zone_B,0,Free
2026-07-13 00:00:00,2026-07-13,00:00:00,0,Slot_17,Zone_B,0,Free
2026-07-13 00:00:00,2026-07-13,00:00:00,0,Slot_18,Zone_B,0,Free
2026-07-13 00:00:00,2026-07-13,00:00:00,0,Slot_19,Zone_B,0,Free
2026-07-13 00:00:00,2026-07-13,00:00:00,0,Slot_20,Zone_B,0,Free
2026-07-13 00:00:00,2026-07-13,00:00:00,0,Slot_21,Zone_B,0,Free
2026-07-13 00:00:00,2026-07-13,00:00:00,0,Slot_22,Zone_B,1,Busy
2026-07-13 00:00:00,2026-07-13,00:00:00,0,Slot_23,Zone_B,0,Free
2026-07-13 00:00:00,2026-07-13,00:00:00,0,Slot_24,Zone_B,0,Free
2026-07-13 00:00:00,2026-07-13,00:00:00,0,Slot_25,Zone_B,0,Free
2026-07-13 00:00:00,2026-07-13,00:00:00,0,Slot_26,Zone_B,0,Free
2026-07-13 00:00:00,2026-07-13,00:00:00,0,Slot_27,Zone_B,0,Free
2026-07-13 00:00:00,2026-07-13,00:00:00,0,Slot_28,Zone_B,0,Free
2026-07-13 00:00:00,2026-07-13,00:00:00,0,Slot_29,Zone_B,0,Free
2026-07-13 00:00:00,2026-07-13,00:00:00,0,Slot_30,Zone_B,1,Busy
2026-07-13 00:00:00,2026-07-13,00:00:00,0,Slot_31,Zone_C,0,Free
2026-07-13 00:00:00,2026-07-13,00:00:00,0,Slot_32,Zone_C,0,Free
2026-07-13 00:00:00,2026-07-13,00:00:00,0,Slot_33,Zone_C,0,Free
2026-07-13 00:00:00,2026-07-13,00:00:00,0,Slot_34,Zone_C,0,Free
2026-07-13 00:00:00,2026-07-13,00:00:00,0,Slot_35,Zone_C,0,Free
2026-07-13 00:00:00,2026-07-13,00:00:00,0,Slot_36,Zone_C,0,Free
2026-07-13 00:00:00,2026-07-13,00:00:00,0,Slot_37,Zone_C,0,Free
2026-07-13 00:00:00,2026-07-13,00:00:00,0,Slot_38,Zone_C,0,Free
2026-07-13 00:00:00,2026-07-13,00:00:00,0,Slot_39,Zone_C,0,Free
2026-07-13 00:00:00,2026-07-13,00:00:00,0,Slot_40,Zone_C,0,Free
2026-07-13 00:15:00,2026-07-13,00:15:00,0,Slot_01,Zone_A,1,Busy
2026-07-13 00:15:00,2026-07-13,00:15:00,0,Slot_02,Zone_A,0,Free
2026-07-13 00:15:00,2026-07-13,00:15:00,0,Slot_03,Zone_A,1,Busy
2026-07-13 00:15:00,2026-07-13,00:15:00,0,Slot_04,Zone_A,0,Free
2026-07-13 00:15:00,2026-07-13,00:15:00,0,Slot_05,Zone_A,0,Free
2026-07-13 00:15:00,2026-07-13,00:15:00,0,Slot_06,Zone_A,0,Free
2026-07-13 00:15:00,2026-07-13,00:15:00,0,Slot_07,Zone_A,0,Free
2026-07-13 00:15:00,2026-07-13,00:15:00,0,Slot_08,Zone_A,0,Free
2026-07-13 00:15:00,2026-07-13,00:15:00,0,Slot_09,Zone_A,0,Free
2026-07-13 00:15:00,2026-07-13,00:15:00,0,Slot_10,Zone_A,1,Busy
2026-07-13 00:15:00,2026-07-13,00:15:00,0,Slot_11,Zone_A,0,Free
2026-07-13 00:15:00,2026-07-13,00:15:00,0,Slot_12,Zone_A,0,Free
2026-07-13 00:15:00,2026-07-13,00:15:00,0,Slot_13,Zone_A,0,Free
2026-07-13 00:15:00,2026-07-13,00:15:00,0,Slot_14,Zone_A,0,Free
2026-07-13 00:15:00,2026-07-13,00:15:00,0,Slot_15,Zone_A,0,Free
2026-07-13 00:15:00,2026-07-13,00:15:00,0,Slot_16,Zone_B,0,Free
2026-07-13 00:15:00,2026-07-13,00:15:00,0,Slot_17,Zone_B,1,Busy
2026-07-13 00:15:00,2026-07-13,00:15:00,0,Slot_18,Zone_B,0,Free
2026-07-13 00:15:00,2026-07-13,00:15:00,0,Slot_19,Zone_B,1,Busy
2026-07-13 00:15:00,2026-07-13,00:15:00,0,Slot_20,Zone_B,0,Free
2026-07-13 00:15:00,2026-07-13,00:15:00,0,Slot_21,Zone_B,0,Free
2026-07-13 00:15:00,2026-07-13,00:15:00,0,Slot_22,Zone_B,0,Free
2026-07-13 00:15:00,2026-07-13,00:15:00,0,Slot_23,Zone_B,0,Free
2026-07-13 00:15:00,2026-07-13,00:15:00,0,Slot_24,Zone_B,0,Free
2026-07-13 00:15:00,2026-07-13,00:15:00,0,Slot_25,Zone_B,0,Free
2026-07-13 00:15:00,2026-07-13,00:15:00,0,Slot_26,Zone_B,0,Free
2026-07-13 00:15:00,2026-07-13,00:15:00,0,Slot_27,Zone_B,1,Busy
2026-07-13 00:15:00,2026-07-13,00:15:00,0,Slot_28,Zone_B,0,Free
2026-07-13 00:15:00,2026-07-13,00:15:00,0,Slot_29,Zone_B,1,Busy
2026-07-13 00:15:00,2026-07-13,00:15:00,0,Slot_30,Zone_B,0,Free
2026-07-13 00:15:00,2026-07-13,00:15:00,0,Slot_31,Zone_C,0,Free
2026-07-13 00:15:00,2026-07-13,00:15:00,0,Slot_32,Zone_C,0,Free
2026-07-13 00:15:00,2026-07-13,00:15:00,0,Slot_33,Zone_C,1,Busy
2026-07-13 00:15:00,2026-07-13,00:15:00,0,Slot_34,Zone_C,0,Free
2026-07-13 00:15:00,2026-07-13,00:15:00,0,Slot_35,Zone_C,0,Free
2026-07-13 00:15:00,2026-07-13,00:15:00,0,Slot_36,Zone_C,0,Free
2026-07-13 00:15:00,2026-07-13,00:15:00,0,Slot_37,Zone_C,0,Free
2026-07-13 00:15:00,2026-07-13,00:15:00,0,Slot_38,Zone_C,0,Free
2026-07-13 00:15:00,2026-07-13,00:15:00,0,Slot_39,Zone_C,0,Free
2026-07-13 00:15:00,2026-07-13,00:15:00,0,Slot_40,Zone_C,0,Free
2026-07-13 00:30:00,2026-07-13,00:30:00,0,Slot_01,Zone_A,0,Free
2026-07-13 00:30:00,2026-07-13,00:30:00,0,Slot_02,Zone_A,0,Free
2026-07-13 00:30:00,2026-07-13,00:30:00,0,Slot_03,Zone_A,0,Free
2026-07-13 00:30:00,2026-07-13,00:30:00,0,Slot_04,Zone_A,1,Busy
2026-07-13 00:30:00,2026-07-13,00:30:00,0,Slot_05,Zone_A,0,Free
2026-07-13 00:30:00,2026-07-13,00:30:00,0,Slot_06,Zone_A,0,Free
2026-07-13 00:30:00,2026-07-13,00:30:00,0,Slot_07,Zone_A,0,Free
2026-07-13 00:30:00,2026-07-13,00:30:00,0,Slot_08,Zone_A,0,Free
2026-07-13 00:30:00,2026-07-13,00:30:00,0,Slot_09,Zone_A,0,Free
2026-07-13 00:30:00,2026-07-13,00:30:00,0,Slot_10,Zone_A,0,Free
2026-07-13 00:30:00,2026-07-13,00:30:00,0,Slot_11,Zone_A,1,Busy
2026-07-13 00:30:00,2026-07-13,00:30:00,0,Slot_12,Zone_A,0,Free
2026-07-13 00:30:00,2026-07-13,00:30:00,0,Slot_13,Zone_A,0,Free
2026-07-13 00:30:00,2026-07-13,00:30:00,0,Slot_14,Zone_A,0,Free
2026-07-13 00:30:00,2026-07-13,00:30:00,0,Slot_15,Zone_A,0,Free
2026-07-13 00:30:00,2026-07-13,00:30:00,0,Slot_16,Zone_B,0,Free
2026-07-13 00:30:00,2026-07-13,00:30:00,0,Slot_17,Zone_B,0,Free
2026-07-13 00:30:00,2026-07-13,00:30:00,0,Slot_18,Zone_B,0,Free
2026-07-13 00:30:00,2026-07-13,00:30:00,0,Slot_19,Zone_B,1,Busy
2026-07-13 00:30:00,2026-07-13,00:30:00,0,Slot_20,Zone_B,1,Busy
2026-07-13 00:30:00,2026-07-13,00:30:00,0,Slot_21,Zone_B,1,Busy
2026-07-13 00:30:00,2026-07-13,00:30:00,0,Slot_22,Zone_B,0,Free
2026-07-13 00:30:00,2026-07-13,00:30:00,0,Slot_23,Zone_B,0,Free
2026-07-13 00:30:00,2026-07-13,00:30:00,0,Slot_24,Zone_B,0,Free
2026-07-13 00:30:00,2026-07-13,00:30:00,0,Slot_25,Zone_B,0,Free
2026-07-13 00:30:00,2026-07-13,00:30:00,0,Slot_26,Zone_B,0,Free
2026-07-13 00:30:00,2026-07-13,00:30:00,0,Slot_27,Zone_B,0,Free
2026-07-13 00:30:00,2026-07-13,00:30:00,0,Slot_28,Zone_B,0,Free
2026-07-13 00:30:00,2026-07-13,00:30:00,0,Slot_29,Zone_B,0,Free
2026-07-13 00:30:00,2026-07-13,00:30:00,0,Slot_30,Zone_B,1,Busy
2026-07-13 00:30:00,2026-07-13,00:30:00,0,Slot_31,Zone_C,0,Free
2026-07-13 00:30:00,2026-07-13,00:30:00,0,Slot_32,Zone_C,0,Free
2026-07-13 00:30:00,2026-07-13,00:30:00,0,Slot_33,Zone_C,0,Free
2026-07-13 00:30:00,2026-07-13,00:30:00,0,Slot_34,Zone_C,0,Free
2026-07-13 00:30:00,2026-07-13,00:30:00,0,Slot_35,Zone_C,0,Free
2026-07-13 00:30:00,2026-07-13,00:30:00,0,Slot_36,Zone_C,0,Free
2026-07-13 00:30:00,2026-07-13,00:30:00,0,Slot_37,Zone_C,0,Free
2026-07-13 00:30:00,2026-07-13,00:30:00,0,Slot_38,Zone_C,0,Free
2026-07-13 00:30:00,2026-07-13,00:30:00,0,Slot_39,Zone_C,0,Free
2026-07-13 00:30:00,2026-07-13,00:30:00,0,Slot_40,Zone_C,0,Free
2026-07-13 00:45:00,2026-07-13,00:45:00,0,Slot_01,Zone_A,0,Free
2026-07-13 00:45:00,2026-07-13,00:45:00,0,Slot_02,Zone_A,0,Free
2026-07-13 00:45:00,2026-07-13,00:45:00,0,Slot_03,Zone_A,0,Free
2026-07-13 00:45:00,2026-07-13,00:45:00,0,Slot_04,Zone_A,1,Busy
2026-07-13 00:45:00,2026-07-13,00:45:00,0,Slot_05,Zone_A,1,Busy
2026-07-13 00:45:00,2026-07-13,00:45:00,0,Slot_06,Zone_A,0,Free
2026-07-13 00:45:00,2026-07-13,00:45:00,0,Slot_07,Zone_A,0,Free
2026-07-13 00:45:00,2026-07-13,00:45:00,0,Slot_08,Zone_A,0,Free
2026-07-13 00:45:00,2026-07-13,00:45:00,0,Slot_09,Zone_A,1,Busy
2026-07-13 00:45:00,2026-07-13,00:45:00,0,Slot_10,Zone_A,0,Free
2026-07-13 00:45:00,2026-07-13,00:45:00,0,Slot_11,Zone_A,0,Free
2026-07-13 00:45:00,2026-07-13,00:45:00,0,Slot_12,Zone_A,1,Busy
2026-07-13 00:45:00,2026-07-13,00:45:00,0,Slot_13,Zone_A,1,Busy
2026-07-13 00:45:00,2026-07-13,00:45:00,0,Slot_14,Zone_A,0,Free
2026-07-13 00:45:00,2026-07-13,00:45:00,0,Slot_15,Zone_A,0,Free
2026-07-13 00:45:00,2026-07-13,00:45:00,0,Slot_16,Zone_B,0,Free
2026-07-13 00:45:00,2026-07-13,00:45:00,0,Slot_17,Zone_B,0,Free
2026-07-13 00:45:00,2026-07-13,00:45:00,0,Slot_18,Zone_B,0,Free
2026-07-13 00:45:00,2026-07-13,00:45:00,0,Slot_19,Zone_B,0,Free
2026-07-13 00:45:00,2026-07-13,00:45:00,0,Slot_20,Zone_B,0,Free
2026-07-13 00:45:00,2026-07-13,00:45:00,0,Slot_21,Zone_B,0,Free
2026-07-13 00:45:00,2026-07-13,00:45:00,0,Slot_22,Zone_B,0,Free
2026-07-13 00:45:00,2026-07-13,00:45:00,0,Slot_23,Zone_B,0,Free
2026-07-13 00:45:00,2026-07-13,00:45:00,0,Slot_24,Zone_B,0,Free
2026-07-13 00:45:00,2026-07-13,00:45:00,0,Slot_25,Zone_B,0,Free
2026-07-13 00:45:00,2026-07-13,00:45:00,0,Slot_26,Zone_B,1,Busy
2026-07-13 00:45:00,2026-07-13,00:45:00,0,Slot_27,Zone_B,0,Free
2026-07-13 00:45:00,2026-07-13,00:45:00,0,Slot_28,Zone_B,0,Free
2026-07-13 00:45:00,2026-07-13,00:45:00,0,Slot_29,Zone_B,1,Busy
2026-07-13 00:45:00,2026-07-13,00:45:00,0,Slot_30,Zone_B,0,Free
2026-07-13 00:45:00,2026-07-13,00:45:00,0,Slot_31,Zone_C,0,Free
2026-07-13 00:45:00,2026-07-13,00:45:00,0,Slot_32,Zone_C,0,Free
2026-07-13 00:45:00,2026-07-13,00:45:00,0,Slot_33,Zone_C,0,Free
2026-07-13 00:45:00,2026-07-13,00:45:00,0,Slot_34,Zone_C,0,Free
2026-07-13 00:45:00,2026-07-13,00:45:00,0,Slot_35,Zone_C,0,Free
2026-07-13 00:45:00,2026-07-13,00:45:00,0,Slot_36,Zone_C,0,Free
2026-07-13 00:45:00,2026-07-13,00:45:00,0,Slot_37,Zone_C,0,Free
2026-07-13 00:45:00,2026-07-13,00:45:00,0,Slot_38,Zone_C,0,Free
2026-07-13 00:45:00,2026-07-13,00:45:00,0,Slot_39,Zone_C,0,Free
2026-07-13 00:45:00,2026-07-13,00:45:00,0,Slot_40,Zone_C,0,Free
2026-07-13 01:00:00,2026-07-13,01:00:00,1,Slot_01,Zone_A,0,Free
2026-07-13 01:00:00,2026-07-13,01:00:00,1,Slot_02,Zone_A,0,Free
2026-07-13 01:00:00,2026-07-13,01:00:00,1,Slot_03,Zone_A,0,Free
2026-07-13 01:00:00,2026-07-13,01:00:00,1,Slot_04,Zone_A,0,Free
2026-07-13 01:00:00,2026-07-13,01:00:00,1,Slot_05,Zone_A,1,Busy
2026-07-13 01:00:00,2026-07-13,01:00:00,1,Slot_06,Zone_A,0,Free
2026-07-13 01:00:00,2026-07-13,01:00:00,1,Slot_07,Zone_A,0,Free
2026-07-13 01:00:00,2026-07-13,01:00:00,1,Slot_08,Zone_A,1,Busy
2026-07-13 01:00:00,2026-07-13,01:00:00,1,Slot_09,Zone_A,1,Busy
2026-07-13 01:00:00,2026-07-13,01:00:00,1,Slot_10,Zone_A,0,Free
2026-07-13 01:00:00,2026-07-13,01:00:00,1,Slot_11,Zone_A,0,Free
2026-07-13 01:00:00,2026-07-13,01:00:00,1,Slot_12,Zone_A,1,Busy
2026-07-13 01:00:00,2026-07-13,01:00:00,1,Slot_13,Zone_A,0,Free
2026-07-13 01:00:00,2026-07-13,01:00:00,1,Slot_14,Zone_A,1,Busy
2026-07-13 01:00:00,2026-07-13,01:00:00,1,Slot_15,Zone_A,0,Free
2026-07-13 01:00:00,2026-07-13,01:00:00,1,Slot_16,Zone_B,0,Free
2026-07-13 01:00:00,2026-07-13,01:00:00,1,Slot_17,Zone_B,0,Free
2026-07-13 01:00:00,2026-07-13,01:00:00,1,Slot_18,Zone_B,0,Free
2026-07-13 01:00:00,2026-07-13,01:00:00,1,Slot_19,Zone_B,0,Free
2026-07-13 01:00:00,2026-07-13,01:00:00,1,Slot_20,Zone_B,1,Busy
2026-07-13 01:00:00,2026-07-13,01:00:00,1,Slot_21,Zone_B,0,Free
2026-07-13 01:00:00,2026-07-13,01:00:00,1,Slot_22,Zone_B,1,Busy
2026-07-13 01:00:00,2026-07-13,01:00:00,1,Slot_23,Zone_B,0,Free
2026-07-13 01:00:00,2026-07-13,01:00:00,1,Slot_24,Zone_B,0,Free
2026-07-13 01:00:00,2026-07-13,01:00:00,1,Slot_25,Zone_B,0,Free
2026-07-13 01:00:00,2026-07-13,01:00:00,1,Slot_26,Zone_B,0,Free
2026-07-13 01:00:00,2026-07-13,01:00:00,1,Slot_27,Zone_B,0,Free
2026-07-13 01:00:00,2026-07-13,01:00:00,1,Slot_28,Zone_B,0,Free
2026-07-13 01:00:00,2026-07-13,01:00:00,1,Slot_29,Zone_B,0,Free
2026-07-13 01:00:00,2026-07-13,01:00:00,1,Slot_30,Zone_B,0,Free
2026-07-13 01:00:00,2026-07-13,01:00:00,1,Slot_31,Zone_C,0,Free
2026-07-13 01:00:00,2026-07-13,01:00:00,1,Slot_32,Zone_C,0,Free
2026-07-13 01:00:00,2026-07-13,01:00:00,1,Slot_33,Zone_C,0,Free
2026-07-13 01:00:00,2026-07-13,01:00:00,1,Slot_34,Zone_C,0,Free
2026-07-13 01:00:00,2026-07-13,01:00:00,1,Slot_35,Zone_C,0,Free
2026-07-13 01:00:00,2026-07-13,01:00:00,1,Slot_36,Zone_C,0,Free
2026-07-13 01:00:00,2026-07-13,01:00:00,1,Slot_37,Zone_C,0,Free
2026-07-13 01:00:00,2026-07-13,01:00:00,1,Slot_38,Zone_C,0,Free
2026-07-13 01:00:00,2026-07-13,01:00:00,1,Slot_39,Zone_C,0,Free
2026-07-13 01:00:00,2026-07-13,01:00:00,1,Slot_40,Zone_C,0,Free
2026-07-13 01:15:00,2026-07-13,01:15:00,1,Slot_01,Zone_A,0,Free
2026-07-13 01:15:00,2026-07-13,01:15:00,1,Slot_02,Zone_A,1,Busy
2026-07-13 01:15:00,2026-07-13,01:15:00,1,Slot_03,Zone_A,1,Busy
2026-07-13 01:15:00,2026-07-13,01:15:00,1,Slot_04,Zone_A,0,Free
2026-07-13 01:15:00,2026-07-13,01:15:00,1,Slot_05,Zone_A,0,Free
2026-07-13 01:15:00,2026-07-13,01:15:00,1,Slot_06,Zone_A,1,Busy
2026-07-13 01:15:00,2026-07-13,01:15:00,1,Slot_07,Zone_A,1,Busy
2026-07-13 01:15:00,2026-07-13,01:15:00,1,Slot_08,Zone_A,0,Free
2026-07-13 01:15:00,2026-07-13,01:15:00,1,Slot_09,Zone_A,1,Busy
2026-07-13 01:15:00,2026-07-13,01:15:00,1,Slot_10,Zone_A,1,Busy
2026-07-13 01:15:00,2026-07-13,01:15:00,1,Slot_11,Zone_A,0,Free
2026-07-13 01:15:00,2026-07-13,01:15:00,1,Slot_12,Zone_A,0,Free
2026-07-13 01:15:00,2026-07-13,01:15:00,1,Slot_13,Zone_A,0,Free
2026-07-13 01:15:00,2026-07-13,01:15:00,1,Slot_14,Zone_A,1,Busy
2026-07-13 01:15:00,2026-07-13,01:15:00,1,Slot_15,Zone_A,0,Free
2026-07-13 01:15:00,2026-07-13,01:15:00,1,Slot_16,Zone_B,0,Free
2026-07-13 01:15:00,2026-07-13,01:15:00,1,Slot_17,Zone_B,0,Free
2026-07-13 01:15:00,2026-07-13,01:15:00,1,Slot_18,Zone_B,0,Free
2026-07-13 01:15:00,2026-07-13,01:15:00,1,Slot_19,Zone_B,0,Free
2026-07-13 01:15:00,2026-07-13,01:15:00,1,Slot_20,Zone_B,0,Free
2026-07-13 01:15:00,2026-07-13,01:15:00,1,Slot_21,Zone_B,0,Free
2026-07-13 01:15:00,2026-07-13,01:15:00,1,Slot_22,Zone_B,0,Free
2026-07-13 01:15:00,2026-07-13,01:15:00,1,Slot_23,Zone_B,1,Busy
2026-07-13 01:15:00,2026-07-13,01:15:00,1,Slot_24,Zone_B,0,Free
2026-07-13 01:15:00,2026-07-13,01:15:00,1,Slot_25,Zone_B,0,Free
2026-07-13 01:15:00,2026-07-13,01:15:00,1,Slot_26,Zone_B,0,Free
2026-07-13 01:15:00,2026-07-13,01:15:00,1,Slot_27,Zone_B,0,Free
2026-07-13 01:15:00,2026-07-13,01:15:00,1,Slot_28,Zone_B,0,Free
2026-07-13 01:15:00,2026-07-13,01:15:00,1,Slot_29,Zone_B,0,Free
2026-07-13 01:15:00,2026-07-13,01:15:00,1,Slot_30,Zone_B,0,Free
2026-07-13 01:15:00,2026-07-13,01:15:00,1,Slot_31,Zone_C,0,Free
2026-07-13 01:15:00,2026-07-13,01:15:00,1,Slot_32,Zone_C,0,Free
2026-07-13 01:15:00,2026-07-13,01:15:00,1,Slot_33,Zone_C,0,Free
2026-07-13 01:15:00,2026-07-13,01:15:00,1,Slot_34,Zone_C,0,Free
2026-07-13 01:15:00,2026-07-13,01:15:00,1,Slot_35,Zone_C,0,Free
2026-07-13 01:15:00,2026-07-13,01:15:00,1,Slot_36,Zone_C,0,Free
2026-07-13 01:15:00,2026-07-13,01:15:00,1,Slot_37,Zone_C,0,Free
2026-07-13 01:15:00,2026-07-13,01:15:00,1,Slot_38,Zone_C,1,Busy
2026-07-13 01:15:00,2026-07-13,01:15:00,1,Slot_39,Zone_C,0,Free
2026-07-13 01:15:00,2026-07-13,01:15:00,1,Slot_40,Zone_C,0,Free
2026-07-13 01:30:00,2026-07-13,01:30:00,1,Slot_01,Zone_A,0,Free
2026-07-13 01:30:00,2026-07-13,01:30:00,1,Slot_02,Zone_A,0,Free
2026-07-13 01:30:00,2026-07-13,01:30:00,1,Slot_03,Zone_A,0,Free
2026-07-13 01:30:00,2026-07-13,01:30:00,1,Slot_04,Zone_A,0,Free
2026-07-13 01:30:00,2026-07-13,01:30:00,1,Slot_05,Zone_A,1,Busy
2026-07-13 01:30:00,2026-07-13,01:30:00,1,Slot_06,Zone_A,0,Free
2026-07-13 01:30:00,2026-07-13,01:30:00,1,Slot_07,Zone_A,0,Free
2026-07-13 01:30:00,2026-07-13,01:30:00,1,Slot_08,Zone_A,0,Free
2026-07-13 01:30:00,2026-07-13,01:30:00,1,Slot_09,Zone_A,0,Free
2026-07-13 01:30:00,2026-07-13,01:30:00,1,Slot_10,Zone_A,0,Free
2026-07-13 01:30:00,2026-07-13,01:30:00,1,Slot_11,Zone_A,0,Free
2026-07-13 01:30:00,2026-07-13,01:30:00,1,Slot_12,Zone_A,0,Free
2026-07-13 01:30:00,2026-07-13,01:30:00,1,Slot_13,Zone_A,0,Free
2026-07-13 01:30:00,2026-07-13,01:30:00,1,Slot_14,Zone_A,0,Free
2026-07-13 01:30:00,2026-07-13,01:30:00,1,Slot_15,Zone_A,1,Busy
2026-07-13 01:30:00,2026-07-13,01:30:00,1,Slot_16,Zone_B,0,Free
2026-07-13 01:30:00,2026-07-13,01:30:00,1,Slot_17,Zone_B,0,Free
2026-07-13 01:30:00,2026-07-13,01:30:00,1,Slot_18,Zone_B,0,Free
2026-07-13 01:30:00,2026-07-13,01:30:00,1,Slot_19,Zone_B,0,Free
2026-07-13 01:30:00,2026-07-13,01:30:00,1,Slot_20,Zone_B,1,Busy
2026-07-13 01:30:00,2026-07-13,01:30:00,1,Slot_21,Zone_B,0,Free
2026-07-13 01:30:00,2026-07-13,01:30:00,1,Slot_22,Zone_B,0,Free
2026-07-13 01:30:00,2026-07-13,01:30:00,1,Slot_23,Zone_B,1,Busy
2026-07-13 01:30:00,2026-07-13,01:30:00,1,Slot_24,Zone_B,0,Free
2026-07-13 01:30:00,2026-07-13,01:30:00,1,Slot_25,Zone_B,0,Free
2026-07-13 01:30:00,2026-07-13,01:30:00,1,Slot_26,Zone_B,0,Free
2026-07-13 01:30:00,2026-07-13,01:30:00,1,Slot_27,Zone_B,0,Free
2026-07-13 01:30:00,2026-07-13,01:30:00,1,Slot_28,Zone_B,0,Free
2026-07-13 01:30:00,2026-07-13,01:30:00,1,Slot_29,Zone_B,0,Free
2026-07-13 01:30:00,2026-07-13,01:30:00,1,Slot_30,Zone_B,0,Free
2026-07-13 01:30:00,2026-07-13,01:30:00,1,Slot_31,Zone_C,0,Free
2026-07-13 01:30:00,2026-07-13,01:30:00,1,Slot_32,Zone_C,0,Free
2026-07-13 01:30:00,2026-07-13,01:30:00,1,Slot_33,Zone_C,0,Free
2026-07-13 01:30:00,2026-07-13,01:30:00,1,Slot_34,Zone_C,0,Free
2026-07-13 01:30:00,2026-07-13,01:30:00,1,Slot_35,Zone_C,0,Free
2026-07-13 01:30:00,2026-07-13,01:30:00,1,Slot_36,Zone_C,0,Free
2026-07-13 01:30:00,2026-07-13,01:30:00,1,Slot_37,Zone_C,0,Free
2026-07-13 01:30:00,2026-07-13,01:30:00,1,Slot_38,Zone_C,0,Free
2026-07-13 01:30:00,2026-07-13,01:30:00,1,Slot_39,Zone_C,0,Free
2026-07-13 01:30:00,2026-07-13,01:30:00,1,Slot_40,Zone_C,0,Free
2026-07-13 01:45:00,2026-07-13,01:45:00,1,Slot_01,Zone_A,0,Free
2026-07-13 01:45:00,2026-07-13,01:45:00,1,Slot_02,Zone_A,0,Free
2026-07-13 01:45:00,2026-07-13,01:45:00,1,Slot_03,Zone_A,0,Free
2026-07-13 01:45:00,2026-07-13,01:45:00,1,Slot_04,Zone_A,1,Busy
2026-07-13 01:45:00,2026-07-13,01:45:00,1,Slot_05,Zone_A,0,Free
2026-07-13 01:45:00,2026-07-13,01:45:00,1,Slot_06,Zone_A,1,Busy
2026-07-13 01:45:00,2026-07-13,01:45:00,1,Slot_07,Zone_A,0,Free
2026-07-13 01:45:00,2026-07-13,01:45:00,1,Slot_08,Zone_A,0,Free
2026-07-13 01:45:00,2026-07-13,01:45:00,1,Slot_09,Zone_A,0,Free
2026-07-13 01:45:00,2026-07-13,01:45:00,1,Slot_10,Zone_A,0,Free
2026-07-13 01:45:00,2026-07-13,01:45:00,1,Slot_11,Zone_A,1,Busy
2026-07-13 01:45:00,2026-07-13,01:45:00,1,Slot_12,Zone_A,1,Busy
2026-07-13 01:45:00,2026-07-13,01:45:00,1,Slot_13,Zone_A,0,Free
2026-07-13 01:45:00,2026-07-13,01:45:00,1,Slot_14,Zone_A,0,Free
2026-07-13 01:45:00,2026-07-13,01:45:00,1,Slot_15,Zone_A,1,Busy
2026-07-13 01:45:00,2026-07-13,01:45:00,1,Slot_16,Zone_B,0,Free
2026-07-13 01:45:00,2026-07-13,01:45:00,1,Slot_17,Zone_B,0,Free
2026-07-13 01:45:00,2026-07-13,01:45:00,1,Slot_18,Zone_B,0,Free
2026-07-13 01:45:00,2026-07-13,01:45:00,1,Slot_19,Zone_B,0,Free
2026-07-13 01:45:00,2026-07-13,01:45:00,1,Slot_20,Zone_B,1,Busy
2026-07-13 01:45:00,2026-07-13,01:45:00,1,Slot_21,Zone_B,1,Busy
2026-07-13 01:45:00,2026-07-13,01:45:00,1,Slot_22,Zone_B,0,Free
2026-07-13 01:45:00,2026-07-13,01:45:00,1,Slot_23,Zone_B,0,Free
2026-07-13 01:45:00,2026-07-13,01:45:00,1,Slot_24,Zone_B,0,Free
2026-07-13 01:45:00,2026-07-13,01:45:00,1,Slot_25,Zone_B,0,Free
2026-07-13 01:45:00,2026-07-13,01:45:00,1,Slot_26,Zone_B,0,Free
2026-07-13 01:45:00,2026-07-13,01:45:00,1,Slot_27,Zone_B,0,Free
2026-07-13 01:45:00,2026-07-13,01:45:00,1,Slot_28,Zone_B,0,Free
2026-07-13 01:45:00,2026-07-13,01:45:00,1,Slot_29,Zone_B,0,Free
2026-07-13 01:45:00,2026-07-13,01:45:00,1,Slot_30,Zone_B,0,Free
2026-07-13 01:45:00,2026-07-13,01:45:00,1,Slot_31,Zone_C,0,Free
2026-07-13 01:45:00,2026-07-13,01:45:00,1,Slot_32,Zone_C,0,Free
2026-07-13 01:45:00,2026-07-13,01:45:00,1,Slot_33,Zone_C,1,Busy
2026-07-13 01:45:00,2026-07-13,01:45:00,1,Slot_34,Zone_C,0,Free
2026-07-13 01:45:00,2026-07-13,01:45:00,1,Slot_35,Zone_C,0,Free
2026-07-13 01:45:00,2026-07-13,01:45:00,1,Slot_36,Zone_C,0,Free
2026-07-13 01:45:00,2026-07-13,01:45:00,1,Slot_37,Zone_C,0,Free
2026-07-13 01:45:00,2026-07-13,01:45:00,1,Slot_38,Zone_C,0,Free
2026-07-13 01:45:00,2026-07-13,01:45:00,1,Slot_39,Zone_C,0,Free
2026-07-13 01:45:00,2026-07-13,01:45:00,1,Slot_40,Zone_C,0,Free
2026-07-13 02:00:00,2026-07-13,02:00:00,2,Slot_01,Zone_A,0,Free
2026-07-13 02:00:00,2026-07-13,02:00:00,2,Slot_02,Zone_A,0,Free
2026-07-13 02:00:00,2026-07-13,02:00:00,2,Slot_03,Zone_A,0,Free
2026-07-13 02:00:00,2026-07-13,02:00:00,2,Slot_04,Zone_A,0,Free
2026-07-13 02:00:00,2026-07-13,02:00:00,2,Slot_05,Zone_A,0,Free
2026-07-13 02:00:00,2026-07-13,02:00:00,2,Slot_06,Zone_A,0,Free
2026-07-13 02:00:00,2026-07-13,02:00:00,2,Slot_07,Zone_A,0,Free
2026-07-13 02:00:00,2026-07-13,02:00:00,2,Slot_08,Zone_A,0,Free
2026-07-13 02:00:00,2026-07-13,02:00:00,2,Slot_09,Zone_A,0,Free
2026-07-13 02:00:00,2026-07-13,02:00:00,2,Slot_10,Zone_A,1,Busy
2026-07-13 02:00:00,2026-07-13,02:00:00,2,Slot_11,Zone_A,0,Free
2026-07-13 02:00:00,2026-07-13,02:00:00,2,Slot_12,Zone_A,0,Free
2026-07-13 02:00:00,2026-07-13,02:00:00,2,Slot_13,Zone_A,1,Busy
2026-07-13 02:00:00,2026-07-13,02:00:00,2,Slot_14,Zone_A,1,Busy
2026-07-13 02:00:00,2026-07-13,02:00:00,2,Slot_15,Zone_A,1,Busy
2026-07-13 02:00:00,2026-07-13,02:00:00,2,Slot_16,Zone_B,1,Busy
2026-07-13 02:00:00,2026-07-13,02:00:00,2,Slot_17,Zone_B,0,Free
2026-07-13 02:00:00,2026-07-13,02:00:00,2,Slot_18,Zone_B,0,Free
2026-07-13 02:00:00,2026-07-13,02:00:00,2,Slot_19,Zone_B,0,Free
2026-07-13 02:00:00,2026-07-13,02:00:00,2,Slot_20,Zone_B,1,Busy
2026-07-13 02:00:00,2026-07-13,02:00:00,2,Slot_21,Zone_B,0,Free
2026-07-13 02:00:00,2026-07-13,02:00:00,2,Slot_22,Zone_B,0,Free
2026-07-13 02:00:00,2026-07-13,02:00:00,2,Slot_23,Zone_B,0,Free
2026-07-13 02:00:00,2026-07-13,02:00:00,2,Slot_24,Zone_B,0,Free
2026-07-13 02:00:00,2026-07-13,02:00:00,2,Slot_25,Zone_B,0,Free
2026-07-13 02:00:00,2026-07-13,02:00:00,2,Slot_26,Zone_B,0,Free
2026-07-13 02:00:00,2026-07-13,02:00:00,2,Slot_27,Zone_B,0,Free
2026-07-13 02:00:00,2026-07-13,02:00:00,2,Slot_28,Zone_B,1,Busy
2026-07-13 02:00:00,2026-07-13,02:00:00,2,Slot_29,Zone_B,0,Free
2026-07-13 02:00:00,2026-07-13,02:00:00,2,Slot_30,Zone_B,0,Free
2026-07-13 02:00:00,2026-07-13,02:00:00,2,Slot_31,Zone_C,0,Free
2026-07-13 02:00:00,2026-07-13,02:00:00,2,Slot_32,Zone_C,0,Free
2026-07-13 02:00:00,2026-07-13,02:00:00,2,Slot_33,Zone_C,0,Free
2026-07-13 02:00:00,2026-07-13,02:00:00,2,Slot_34,Zone_C,0,Free
2026-07-13 02:00:00,2026-07-13,02:00:00,2,Slot_35,Zone_C,0,Free
2026-07-13 02:00:00,2026-07-13,02:00:00,2,Slot_36,Zone_C,0,Free
2026-07-13 02:00:00,2026-07-13,02:00:00,2,Slot_37,Zone_C,1,Busy
2026-07-13 02:00:00,2026-07-13,02:00:00,2,Slot_38,Zone_C,0,Free
2026-07-13 02:00:00,2026-07-13,02:00:00,2,Slot_39,Zone_C,0,Free
2026-07-13 02:00:00,2026-07-13,02:00:00,2,Slot_40,Zone_C,0,Free
2026-07-13 02:15:00,2026-07-13,02:15:00,2,Slot_01,Zone_A,0,Free
2026-07-13 02:15:00,2026-07-13,02:15:00,2,Slot_02,Zone_A,0,Free
2026-07-13 02:15:00,2026-07-13,02:15:00,2,Slot_03,Zone_A,0,Free
2026-07-13 02:15:00,2026-07-13,02:15:00,2,Slot_04,Zone_A,0,Free
2026-07-13 02:15:00,2026-07-13,02:15:00,2,Slot_05,Zone_A,0,Free
2026-07-13 02:15:00,2026-07-13,02:15:00,2,Slot_06,Zone_A,0,Free
2026-07-13 02:15:00,2026-07-13,02:15:00,2,Slot_07,Zone_A,0,Free
2026-07-13 02:15:00,2026-07-13,02:15:00,2,Slot_08,Zone_A,0,Free
2026-07-13 02:15:00,2026-07-13,02:15:00,2,Slot_09,Zone_A,1,Busy
2026-07-13 02:15:00,2026-07-13,02:15:00,2,Slot_10,Zone_A,1,Busy
2026-07-13 02:15:00,2026-07-13,02:15:00,2,Slot_11,Zone_A,1,Busy
2026-07-13 02:15:00,2026-07-13,02:15:00,2,Slot_12,Zone_A,1,Busy
2026-07-13 02:15:00,2026-07-13,02:15:00,2,Slot_13,Zone_A,1,Busy
2026-07-13 02:15:00,2026-07-13,02:15:00,2,Slot_14,Zone_A,0,Free
2026-07-13 02:15:00,2026-07-13,02:15:00,2,Slot_15,Zone_A,1,Busy
2026-07-13 02:15:00,2026-07-13,02:15:00,2,Slot_16,Zone_B,0,Free
2026-07-13 02:15:00,2026-07-13,02:15:00,2,Slot_17,Zone_B,0,Free
2026-07-13 02:15:00,2026-07-13,02:15:00,2,Slot_18,Zone_B,1,Busy
2026-07-13 02:15:00,2026-07-13,02:15:00,2,Slot_19,Zone_B,0,Free
2026-07-13 02:15:00,2026-07-13,02:15:00,2,Slot_20,Zone_B,0,Free
2026-07-13 02:15:00,2026-07-13,02:15:00,2,Slot_21,Zone_B,1,Busy
2026-07-13 02:15:00,2026-07-13,02:15:00,2,Slot_22,Zone_B,0,Free
2026-07-13 02:15:00,2026-07-13,02:15:00,2,Slot_23,Zone_B,0,Free
2026-07-13 02:15:00,2026-07-13,02:15:00,2,Slot_24,Zone_B,0,Free
2026-07-13 02:15:00,2026-07-13,02:15:00,2,Slot_25,Zone_B,0,Free
2026-07-13 02:15:00,2026-07-13,02:15:00,2,Slot_26,Zone_B,0,Free
2026-07-13 02:15:00,2026-07-13,02:15:00,2,Slot_27,Zone_B,0,Free
2026-07-13 02:15:00,2026-07-13,02:15:00,2,Slot_28,Zone_B,0,Free
2026-07-13 02:15:00,2026-07-13,02:15:00,2,Slot_29,Zone_B,0,Free
2026-07-13 02:15:00,2026-07-13,02:15:00,2,Slot_30,Zone_B,0,Free
2026-07-13 02:15:00,2026-07-13,02:15:00,2,Slot_31,Zone_C,0,Free
2026-07-13 02:15:00,2026-07-13,02:15:00,2,Slot_32,Zone_C,0,Free
2026-07-13 02:15:00,2026-07-13,02:15:00,2,Slot_33,Zone_C,0,Free
2026-07-13 02:15:00,2026-07-13,02:15:00,2,Slot_34,Zone_C,0,Free
2026-07-13 02:15:00,2026-07-13,02:15:00,2,Slot_35,Zone_C,0,Free
2026-07-13 02:15:00,2026-07-13,02:15:00,2,Slot_36,Zone_C,0,Free
2026-07-13 02:15:00,2026-07-13,02:15:00,2,Slot_37,Zone_C,0,Free
2026-07-13 02:15:00,2026-07-13,02:15:00,2,Slot_38,Zone_C,0,Free
2026-07-13 02:15:00,2026-07-13,02:15:00,2,Slot_39,Zone_C,0,Free
2026-07-13 02:15:00,2026-07-13,02:15:00,2,Slot_40,Zone_C,0,Free
2026-07-13 02:30:00,2026-07-13,02:30:00,2,Slot_01,Zone_A,1,Busy
2026-07-13 02:30:00,2026-07-13,02:30:00,2,Slot_02,Zone_A,0,Free
2026-07-13 02:30:00,2026-07-13,02:30:00,2,Slot_03,Zone_A,0,Free
2026-07-13 02:30:00,2026-07-13,02:30:00,2,Slot_04,Zone_A,0,Free
2026-07-13 02:30:00,2026-07-13,02:30:00,2,Slot_05,Zone_A,0,Free
2026-07-13 02:30:00,2026-07-13,02:30:00,2,Slot_06,Zone_A,0,Free
2026-07-13 02:30:00,2026-07-13,02:30:00,2,Slot_07,Zone_A,0,Free
2026-07-13 02:30:00,2026-07-13,02:30:00,2,Slot_08,Zone_A,1,Busy
2026-07-13 02:30:00,2026-07-13,02:30:00,2,Slot_09,Zone_A,0,Free
2026-07-13 02:30:00,2026-07-13,02:30:00,2,Slot_10,Zone_A,1,Busy
2026-07-13 02:30:00,2026-07-13,02:30:00,2,Slot_11,Zone_A,0,Free
2026-07-13 02:30:00,2026-07-13,02:30:00,2,Slot_12,Zone_A,0,Free
2026-07-13 02:30:00,2026-07-13,02:30:00,2,Slot_13,Zone_A,0,Free
2026-07-13 02:30:00,2026-07-13,02:30:00,2,Slot_14,Zone_A,0,Free
2026-07-13 02:30:00,2026-07-13,02:30:00,2,Slot_15,Zone_A,0,Free
2026-07-13 02:30:00,2026-07-13,02:30:00,2,Slot_16,Zone_B,0,Free
2026-07-13 02:30:00,2026-07-13,02:30:00,2,Slot_17,Zone_B,0,Free
2026-07-13 02:30:00,2026-07-13,02:30:00,2,Slot_18,Zone_B,0,Free
2026-07-13 02:30:00,2026-07-13,02:30:00,2,Slot_19,Zone_B,0,Free
2026-07-13 02:30:00,2026-07-13,02:30:00,2,Slot_20,Zone_B,0,Free
2026-07-13 02:30:00,2026-07-13,02:30:00,2,Slot_21,Zone_B,0,Free
2026-07-13 02:30:00,2026-07-13,02:30:00,2,Slot_22,Zone_B,0,Free
2026-07-13 02:30:00,2026-07-13,02:30:00,2,Slot_23,Zone_B,1,Busy
2026-07-13 02:30:00,2026-07-13,02:30:00,2,Slot_24,Zone_B,0,Free
2026-07-13 02:30:00,2026-07-13,02:30:00,2,Slot_25,Zone_B,1,Busy
2026-07-13 02:30:00,2026-07-13,02:30:00,2,Slot_26,Zone_B,0,Free
2026-07-13 02:30:00,2026-07-13,02:30:00,2,Slot_27,Zone_B,0,Free
2026-07-13 02:30:00,2026-07-13,02:30:00,2,Slot_28,Zone_B,0,Free
2026-07-13 02:30:00,2026-07-13,02:30:00,2,Slot_29,Zone_B,0,Free
2026-07-13 02:30:00,2026-07-13,02:30:00,2,Slot_30,Zone_B,1,Busy
2026-07-13 02:30:00,2026-07-13,02:30:00,2,Slot_31,Zone_C,0,Free
2026-07-13 02:30:00,2026-07-13,02:30:00,2,Slot_32,Zone_C,0,Free
2026-07-13 02:30:00,2026-07-13,02:30:00,2,Slot_33,Zone_C,0,Free
2026-07-13 02:30:00,2026-07-13,02:30:00,2,Slot_34,Zone_C,0,Free
2026-07-13 02:30:00,2026-07-13,02:30:00,2,Slot_35,Zone_C,0,Free
2026-07-13 02:30:00,2026-07-13,02:30:00,2,Slot_36,Zone_C,0,Free
2026-07-13 02:30:00,2026-07-13,02:30:00,2,Slot_37,Zone_C,0,Free
2026-07-13 02:30:00,2026-07-13,02:30:00,2,Slot_38,Zone_C,0,Free
2026-07-13 02:30:00,2026-07-13,02:30:00,2,Slot_39,Zone_C,0,Free
2026-07-13 02:30:00,2026-07-13,02:30:00,2,Slot_40,Zone_C,0,Free
2026-07-13 02:45:00,2026-07-13,02:45:00,2,Slot_01,Zone_A,1,Busy
2026-07-13 02:45:00,2026-07-13,02:45:00,2,Slot_02,Zone_A,0,Free
2026-07-13 02:45:00,2026-07-13,02:45:00,2,Slot_03,Zone_A,0,Free
2026-07-13 02:45:00,2026-07-13,02:45:00,2,Slot_04,Zone_A,0,Free
2026-07-13 02:45:00,2026-07-13,02:45:00,2,Slot_05,Zone_A,0,Free
2026-07-13 02:45:00,2026-07-13,02:45:00,2,Slot_06,Zone_A,0,Free
2026-07-13 02:45:00,2026-07-13,02:45:00,2,Slot_07,Zone_A,0,Free
2026-07-13 02:45:00,2026-07-13,02:45:00,2,Slot_08,Zone_A,0,Free
2026-07-13 02:45:00,2026-07-13,02:45:00,2,Slot_09,Zone_A,0,Free
2026-07-13 02:45:00,2026-07-13,02:45:00,2,Slot_10,Zone_A,1,Busy
2026-07-13 02:45:00,2026-07-13,02:45:00,2,Slot_11,Zone_A,0,Free
2026-07-13 02:45:00,2026-07-13,02:45:00,2,Slot_12,Zone_A,0,Free
2026-07-13 02:45:00,2026-07-13,02:45:00,2,Slot_13,Zone_A,0,Free
2026-07-13 02:45:00,2026-07-13,02:45:00,2,Slot_14,Zone_A,0,Free
2026-07-13 02:45:00,2026-07-13,02:45:00,2,Slot_15,Zone_A,1,Busy
2026-07-13 02:45:00,2026-07-13,02:45:00,2,Slot_16,Zone_B,0,Free
2026-07-13 02:45:00,2026-07-13,02:45:00,2,Slot_17,Zone_B,1,Busy
2026-07-13 02:45:00,2026-07-13,02:45:00,2,Slot_18,Zone_B,0,Free
2026-07-13 02:45:00,2026-07-13,02:45:00,2,Slot_19,Zone_B,1,Busy
2026-07-13 02:45:00,2026-07-13,02:45:00,2,Slot_20,Zone_B,1,Busy
2026-07-13 02:45:00,2026-07-13,02:45:00,2,Slot_21,Zone_B,1,Busy
2026-07-13 02:45:00,2026-07-13,02:45:00,2,Slot_22,Zone_B,0,Free
2026-07-13 02:45:00,2026-07-13,02:45:00,2,Slot_23,Zone_B,0,Free
2026-07-13 02:45:00,2026-07-13,02:45:00,2,Slot_24,Zone_B,0,Free
2026-07-13 02:45:00,2026-07-13,02:45:00,2,Slot_25,Zone_B,0,Free
2026-07-13 02:45:00,2026-07-13,02:45:00,2,Slot_26,Zone_B,0,Free
2026-07-13 02:45:00,2026-07-13,02:45:00,2,Slot_27,Zone_B,0,Free
2026-07-13 02:45:00,2026-07-13,02:45:00,2,Slot_28,Zone_B,0,Free
2026-07-13 02:45:00,2026-07-13,02:45:00,2,Slot_29,Zone_B,0,Free
2026-07-13 02:45:00,2026-07-13,02:45:00,2,Slot_30,Zone_B,0,Free
2026-07-13 02:45:00,2026-07-13,02:45:00,2,Slot_31,Zone_C,1,Busy
2026-07-13 02:45:00,2026-07-13,02:45:00,2,Slot_32,Zone_C,0,Free
2026-07-13 02:45:00,2026-07-13,02:45:00,2,Slot_33,Zone_C,1,Busy
2026-07-13 02:45:00,2026-07-13,02:45:00,2,Slot_34,Zone_C,0,Free
2026-07-13 02:45:00,2026-07-13,02:45:00,2,Slot_35,Zone_C,0,Free
2026-07-13 02:45:00,2026-07-13,02:45:00,2,Slot_36,Zone_C,0,Free
2026-07-13 02:45:00,2026-07-13,02:45:00,2,Slot_37,Zone_C,0,Free
2026-07-13 02:45:00,2026-07-13,02:45:00,2,Slot_38,Zone_C,0,Free
2026-07-13 02:45:00,2026-07-13,02:45:00,2,Slot_39,Zone_C,0,Free
2026-07-13 02:45:00,2026-07-13,02:45:00,2,Slot_40,Zone_C,0,Free
2026-07-13 03:00:00,2026-07-13,03:00:00,3,Slot_01,Zone_A,0,Free
2026-07-13 03:00:00,2026-07-13,03:00:00,3,Slot_02,Zone_A,0,Free
2026-07-13 03:00:00,2026-07-13,03:00:00,3,Slot_03,Zone_A,0,Free
2026-07-13 03:00:00,2026-07-13,03:00:00,3,Slot_04,Zone_A,0,Free
2026-07-13 03:00:00,2026-07-13,03:00:00,3,Slot_05,Zone_A,0,Free
2026-07-13 03:00:00,2026-07-13,03:00:00,3,Slot_06,Zone_A,0,Free
2026-07-13 03:00:00,2026-07-13,03:00:00,3,Slot_07,Zone_A,1,Busy
2026-07-13 03:00:00,2026-07-13,03:00:00,3,Slot_08,Zone_A,0,Free
2026-07-13 03:00:00,2026-07-13,03:00:00,3,Slot_09,Zone_A,0,Free
2026-07-13 03:00:00,2026-07-13,03:00:00,3,Slot_10,Zone_A,0,Free
2026-07-13 03:00:00,2026-07-13,03:00:00,3,Slot_11,Zone_A,0,Free
2026-07-13 03:00:00,2026-07-13,03:00:00,3,Slot_12,Zone_A,0,Free
2026-07-13 03:00:00,2026-07-13,03:00:00,3,Slot_13,Zone_A,0,Free
2026-07-13 03:00:00,2026-07-13,03:00:00,3,Slot_14,Zone_A,1,Busy
2026-07-13 03:00:00,2026-07-13,03:00:00,3,Slot_15,Zone_A,0,Free
2026-07-13 03:00:00,2026-07-13,03:00:00,3,Slot_16,Zone_B,0,Free
2026-07-13 03:00:00,2026-07-13,03:00:00,3,Slot_17,Zone_B,0,Free
2026-07-13 03:00:00,2026-07-13,03:00:00,3,Slot_18,Zone_B,1,Busy
2026-07-13 03:00:00,2026-07-13,03:00:00,3,Slot_19,Zone_B,0,Free
2026-07-13 03:00:00,2026-07-13,03:00:00,3,Slot_20,Zone_B,0,Free
2026-07-13 03:00:00,2026-07-13,03:00:00,3,Slot_21,Zone_B,0,Free
2026-07-13 03:00:00,2026-07-13,03:00:00,3,Slot_22,Zone_B,0,Free
2026-07-13 03:00:00,2026-07-13,03:00:00,3,Slot_23,Zone_B,0,Free
2026-07-13 03:00:00,2026-07-13,03:00:00,3,Slot_24,Zone_B,0,Free
2026-07-13 03:00:00,2026-07-13,03:00:00,3,Slot_25,Zone_B,0,Free
2026-07-13 03:00:00,2026-07-13,03:00:00,3,Slot_26,Zone_B,0,Free
2026-07-13 03:00:00,2026-07-13,03:00:00,3,Slot_27,Zone_B,0,Free
2026-07-13 03:00:00,2026-07-13,03:00:00,3,Slot_28,Zone_B,0,Free
2026-07-13 03:00:00,2026-07-13,03:00:00,3,Slot_29,Zone_B,0,Free
2026-07-13 03:00:00,2026-07-13,03:00:00,3,Slot_30,Zone_B,0,Free
2026-07-13 03:00:00,2026-07-13,03:00:00,3,Slot_31,Zone_C,0,Free
2026-07-13 03:00:00,2026-07-13,03:00:00,3,Slot_32,Zone_C,0,Free
2026-07-13 03:00:00,2026-07-13,03:00:00,3,Slot_33,Zone_C,0,Free
2026-07-13 03:00:00,2026-07-13,03:00:00,3,Slot_34,Zone_C,0,Free
2026-07-13 03:00:00,2026-07-13,03:00:00,3,Slot_35,Zone_C,1,Busy
2026-07-13 03:00:00,2026-07-13,03:00:00,3,Slot_36,Zone_C,1,Busy
2026-07-13 03:00:00,2026-07-13,03:00:00,3,Slot_37,Zone_C,0,Free
2026-07-13 03:00:00,2026-07-13,03:00:00,3,Slot_38,Zone_C,0,Free
2026-07-13 03:00:00,2026-07-13,03:00:00,3,Slot_39,Zone_C,0,Free
2026-07-13 03:00:00,2026-07-13,03:00:00,3,Slot_40,Zone_C,0,Free
2026-07-13 03:15:00,2026-07-13,03:15:00,3,Slot_01,Zone_A,0,Free
2026-07-13 03:15:00,2026-07-13,03:15:00,3,Slot_02,Zone_A,0,Free
2026-07-13 03:15:00,2026-07-13,03:15:00,3,Slot_03,Zone_A,0,Free
2026-07-13 03:15:00,2026-07-13,03:15:00,3,Slot_04,Zone_A,0,Free
2026-07-13 03:15:00,2026-07-13,03:15:00,3,Slot_05,Zone_A,0,Free
2026-07-13 03:15:00,2026-07-13,03:15:00,3,Slot_06,Zone_A,0,Free
2026-07-13 03:15:00,2026-07-13,03:15:00,3,Slot_07,Zone_A,0,Free
2026-07-13 03:15:00,2026-07-13,03:15:00,3,Slot_08,Zone_A,0,Free
2026-07-13 03:15:00,2026-07-13,03:15:00,3,Slot_09,Zone_A,1,Busy
2026-07-13 03:15:00,2026-07-13,03:15:00,3,Slot_10,Zone_A,0,Free
2026-07-13 03:15:00,2026-07-13,03:15:00,3,Slot_11,Zone_A,0,Free
2026-07-13 03:15:00,2026-07-13,03:15:00,3,Slot_12,Zone_A,0,Free
2026-07-13 03:15:00,2026-07-13,03:15:00,3,Slot_13,Zone_A,0,Free
2026-07-13 03:15:00,2026-07-13,03:15:00,3,Slot_14,Zone_A,0,Free
2026-07-13 03:15:00,2026-07-13,03:15:00,3,Slot_15,Zone_A,0,Free
2026-07-13 03:15:00,2026-07-13,03:15:00,3,Slot_16,Zone_B,0,Free
2026-07-13 03:15:00,2026-07-13,03:15:00,3,Slot_17,Zone_B,0,Free
2026-07-13 03:15:00,2026-07-13,03:15:00,3,Slot_18,Zone_B,0,Free
2026-07-13 03:15:00,2026-07-13,03:15:00,3,Slot_19,Zone_B,0,Free
2026-07-13 03:15:00,2026-07-13,03:15:00,3,Slot_20,Zone_B,1,Busy
2026-07-13 03:15:00,2026-07-13,03:15:00,3,Slot_21,Zone_B,0,Free
2026-07-13 03:15:00,2026-07-13,03:15:00,3,Slot_22,Zone_B,0,Free
2026-07-13 03:15:00,2026-07-13,03:15:00,3,Slot_23,Zone_B,0,Free
2026-07-13 03:15:00,2026-07-13,03:15:00,3,Slot_24,Zone_B,0,Free
2026-07-13 03:15:00,2026-07-13,03:15:00,3,Slot_25,Zone_B,0,Free
2026-07-13 03:15:00,2026-07-13,03:15:00,3,Slot_26,Zone_B,0,Free
2026-07-13 03:15:00,2026-07-13,03:15:00,3,Slot_27,Zone_B,1,Busy
2026-07-13 03:15:00,2026-07-13,03:15:00,3,Slot_28,Zone_B,0,Free
2026-07-13 03:15:00,2026-07-13,03:15:00,3,Slot_29,Zone_B,0,Free
2026-07-13 03:15:00,2026-07-13,03:15:00,3,Slot_30,Zone_B,0,Free
2026-07-13 03:15:00,2026-07-13,03:15:00,3,Slot_31,Zone_C,0,Free
2026-07-13 03:15:00,2026-07-13,03:15:00,3,Slot_32,Zone_C,0,Free
2026-07-13 03:15:00,2026-07-13,03:15:00,3,Slot_33,Zone_C,0,Free
2026-07-13 03:15:00,2026-07-13,03:15:00,3,Slot_34,Zone_C,0,Free
2026-07-13 03:15:00,2026-07-13,03:15:00,3,Slot_35,Zone_C,0,Free
2026-07-13 03:15:00,2026-07-13,03:15:00,3,Slot_36,Zone_C,0,Free
2026-07-13 03:15:00,2026-07-13,03:15:00,3,Slot_37,Zone_C,0,Free
2026-07-13 03:15:00,2026-07-13,03:15:00,3,Slot_38,Zone_C,1,Busy
2026-07-13 03:15:00,2026-07-13,03:15:00,3,Slot_39,Zone_C,0,Free
2026-07-13 03:15:00,2026-07-13,03:15:00,3,Slot_40,Zone_C,0,Free
2026-07-13 03:30:00,2026-07-13,03:30:00,3,Slot_01,Zone_A,0,Free
2026-07-13 03:30:00,2026-07-13,03:30:00,3,Slot_02,Zone_A,1,Busy
2026-07-13 03:30:00,2026-07-13,03:30:00,3,Slot_03,Zone_A,1,Busy
2026-07-13 03:30:00,2026-07-13,03:30:00,3,Slot_04,Zone_A,1,Busy
2026-07-13 03:30:00,2026-07-13,03:30:00,3,Slot_05,Zone_A,0,Free
2026-07-13 03:30:00,2026-07-13,03:30:00,3,Slot_06,Zone_A,0,Free
2026-07-13 03:30:00,2026-07-13,03:30:00,3,Slot_07,Zone_A,0,Free
2026-07-13 03:30:00,2026-07-13,03:30:00,3,Slot_08,Zone_A,0,Free
2026-07-13 03:30:00,2026-07-13,03:30:00,3,Slot_09,Zone_A,0,Free
2026-07-13 03:30:00,2026-07-13,03:30:00,3,Slot_10,Zone_A,0,Free
2026-07-13 03:30:00,2026-07-13,03:30:00,3,Slot_11,Zone_A,0,Free
2026-07-13 03:30:00,2026-07-13,03:30:00,3,Slot_12,Zone_A,0,Free
2026-07-13 03:30:00,2026-07-13,03:30:00,3,Slot_13,Zone_A,0,Free
2026-07-13 03:30:00,2026-07-13,03:30:00,3,Slot_14,Zone_A,0,Free
2026-07-13 03:30:00,2026-07-13,03:30:00,3,Slot_15,Zone_A,0,Free
2026-07-13 03:30:00,2026-07-13,03:30:00,3,Slot_16,Zone_B,0,Free
2026-07-13 03:30:00,2026-07-13,03:30:00,3,Slot_17,Zone_B,1,Busy
2026-07-13 03:30:00,2026-07-13,03:30:00,3,Slot_18,Zone_B,0,Free
2026-07-13 03:30:00,2026-07-13,03:30:00,3,Slot_19,Zone_B,0,Free
2026-07-13 03:30:00,2026-07-13,03:30:00,3,Slot_20,Zone_B,0,Free
2026-07-13 03:30:00,2026-07-13,03:30:00,3,Slot_21,Zone_B,0,Free
2026-07-13 03:30:00,2026-07-13,03:30:00,3,Slot_22,Zone_B,0,Free
2026-07-13 03:30:00,2026-07-13,03:30:00,3,Slot_23,Zone_B,0,Free
2026-07-13 03:30:00,2026-07-13,03:30:00,3,Slot_24,Zone_B,0,Free
2026-07-13 03:30:00,2026-07-13,03:30:00,3,Slot_25,Zone_B,0,Free
2026-07-13 03:30:00,2026-07-13,03:30:00,3,Slot_26,Zone_B,0,Free
2026-07-13 03:30:00,2026-07-13,03:30:00,3,Slot_27,Zone_B,1,Busy
2026-07-13 03:30:00,2026-07-13,03:30:00,3,Slot_28,Zone_B,1,Busy
2026-07-13 03:30:00,2026-07-13,03:30:00,3,Slot_29,Zone_B,1,Busy
2026-07-13 03:30:00,2026-07-13,03:30:00,3,Slot_30,Zone_B,0,Free
2026-07-13 03:30:00,2026-07-13,03:30:00,3,Slot_31,Zone_C,0,Free
2026-07-13 03:30:00,2026-07-13,03:30:00,3,Slot_32,Zone_C,0,Free
2026-07-13 03:30:00,2026-07-13,03:30:00,3,Slot_33,Zone_C,0,Free
2026-07-13 03:30:00,2026-07-13,03:30:00,3,Slot_34,Zone_C,0,Free
2026-07-13 03:30:00,2026-07-13,03:30:00,3,Slot_35,Zone_C,0,Free
2026-07-13 03:30:00,2026-07-13,03:30:00,3,Slot_36,Zone_C,0,Free
2026-07-13 03:30:00,2026-07-13,03:30:00,3,Slot_37,Zone_C,0,Free
2026-07-13 03:30:00,2026-07-13,03:30:00,3,Slot_38,Zone_C,0,Free
2026-07-13 03:30:00,2026-07-13,03:30:00,3,Slot_39,Zone_C,0,Free
2026-07-13 03:30:00,2026-07-13,03:30:00,3,Slot_40,Zone_C,1,Busy
2026-07-13 03:45:00,2026-07-13,03:45:00,3,Slot_01,Zone_A,1,Busy
2026-07-13 03:45:00,2026-07-13,03:45:00,3,Slot_02,Zone_A,0,Free
2026-07-13 03:45:00,2026-07-13,03:45:00,3,Slot_03,Zone_A,1,Busy
2026-07-13 03:45:00,2026-07-13,03:45:00,3,Slot_04,Zone_A,1,Busy
2026-07-13 03:45:00,2026-07-13,03:45:00,3,Slot_05,Zone_A,1,Busy
2026-07-13 03:45:00,2026-07-13,03:45:00,3,Slot_06,Zone_A,0,Free
2026-07-13 03:45:00,2026-07-13,03:45:00,3,Slot_07,Zone_A,1,Busy
2026-07-13 03:45:00,2026-07-13,03:45:00,3,Slot_08,Zone_A,0,Free
2026-07-13 03:45:00,2026-07-13,03:45:00,3,Slot_09,Zone_A,0,Free
2026-07-13 03:45:00,2026-07-13,03:45:00,3,Slot_10,Zone_A,0,Free
2026-07-13 03:45:00,2026-07-13,03:45:00,3,Slot_11,Zone_A,1,Busy
2026-07-13 03:45:00,2026-07-13,03:45:00,3,Slot_12,Zone_A,0,Free
2026-07-13 03:45:00,2026-07-13,03:45:00,3,Slot_13,Zone_A,0,Free
2026-07-13 03:45:00,2026-07-13,03:45:00,3,Slot_14,Zone_A,1,Busy
2026-07-13 03:45:00,2026-07-13,03:45:00,3,Slot_15,Zone_A,0,Free
2026-07-13 03:45:00,2026-07-13,03:45:00,3,Slot_16,Zone_B,0,Free
2026-07-13 03:45:00,2026-07-13,03:45:00,3,Slot_17,Zone_B,1,Busy
2026-07-13 03:45:00,2026-07-13,03:45:00,3,Slot_18,Zone_B,0,Free
2026-07-13 03:45:00,2026-07-13,03:45:00,3,Slot_19,Zone_B,0,Free
2026-07-13 03:45:00,2026-07-13,03:45:00,3,Slot_20,Zone_B,0,Free
2026-07-13 03:45:00,2026-07-13,03:45:00,3,Slot_21,Zone_B,0,Free
2026-07-13 03:45:00,2026-07-13,03:45:00,3,Slot_22,Zone_B,0,Free
2026-07-13 03:45:00,2026-07-13,03:45:00,3,Slot_23,Zone_B,0,Free
2026-07-13 03:45:00,2026-07-13,03:45:00,3,Slot_24,Zone_B,0,Free
2026-07-13 03:45:00,2026-07-13,03:45:00,3,Slot_25,Zone_B,0,Free
2026-07-13 03:45:00,2026-07-13,03:45:00,3,Slot_26,Zone_B,0,Free
2026-07-13 03:45:00,2026-07-13,03:45:00,3,Slot_27,Zone_B,0,Free
2026-07-13 03:45:00,2026-07-13,03:45:00,3,Slot_28,Zone_B,0,Free
2026-07-13 03:45:00,2026-07-13,03:45:00,3,Slot_29,Zone_B,1,Busy
2026-07-13 03:45:00,2026-07-13,03:45:00,3,Slot_30,Zone_B,0,Free
2026-07-13 03:45:00,2026-07-13,03:45:00,3,Slot_31,Zone_C,0,Free
2026-07-13 03:45:00,2026-07-13,03:45:00,3,Slot_32,Zone_C,0,Free
2026-07-13 03:45:00,2026-07-13,03:45:00,3,Slot_33,Zone_C,0,Free
2026-07-13 03:45:00,2026-07-13,03:45:00,3,Slot_34,Zone_C,0,Free
2026-07-13 03:45:00,2026-07-13,03:45:00,3,Slot_35,Zone_C,0,Free
2026-07-13 03:45:00,2026-07-13,03:45:00,3,Slot_36,Zone_C,0,Free
2026-07-13 03:45:00,2026-07-13,03:45:00,3,Slot_37,Zone_C,0,Free
2026-07-13 03:45:00,2026-07-13,03:45:00,3,Slot_38,Zone_C,0,Free
2026-07-13 03:45:00,2026-07-13,03:45:00,3,Slot_39,Zone_C,0,Free
2026-07-13 03:45:00,2026-07-13,03:45:00,3,Slot_40,Zone_C,0,Free
2026-07-13 04:00:00,2026-07-13,04:00:00,4,Slot_01,Zone_A,1,Busy
2026-07-13 04:00:00,2026-07-13,04:00:00,4,Slot_02,Zone_A,0,Free
2026-07-13 04:00:00,2026-07-13,04:00:00,4,Slot_03,Zone_A,1,Busy
2026-07-13 04:00:00,2026-07-13,04:00:00,4,Slot_04,Zone_A,0,Free
2026-07-13 04:00:00,2026-07-13,04:00:00,4,Slot_05,Zone_A,1,Busy
2026-07-13 04:00:00,2026-07-13,04:00:00,4,Slot_06,Zone_A,0,Free
2026-07-13 04:00:00,2026-07-13,04:00:00,4,Slot_07,Zone_A,0,Free
2026-07-13 04:00:00,2026-07-13,04:00:00,4,Slot_08,Zone_A,0,Free
2026-07-13 04:00:00,2026-07-13,04:00:00,4,Slot_09,Zone_A,0,Free
2026-07-13 04:00:00,2026-07-13,04:00:00,4,Slot_10,Zone_A,0,Free
2026-07-13 04:00:00,2026-07-13,04:00:00,4,Slot_11,Zone_A,1,Busy
2026-07-13 04:00:00,2026-07-13,04:00:00,4,Slot_12,Zone_A,0,Free
2026-07-13 04:00:00,2026-07-13,04:00:00,4,Slot_13,Zone_A,0,Free
2026-07-13 04:00:00,2026-07-13,04:00:00,4,Slot_14,Zone_A,0,Free
2026-07-13 04:00:00,2026-07-13,04:00:00,4,Slot_15,Zone_A,0,Free
2026-07-13 04:00:00,2026-07-13,04:00:00,4,Slot_16,Zone_B,1,Busy
2026-07-13 04:00:00,2026-07-13,04:00:00,4,Slot_17,Zone_B,0,Free
2026-07-13 04:00:00,2026-07-13,04:00:00,4,Slot_18,Zone_B,0,Free
2026-07-13 04:00:00,2026-07-13,04:00:00,4,Slot_19,Zone_B,0,Free
2026-07-13 04:00:00,2026-07-13,04:00:00,4,Slot_20,Zone_B,0,Free
2026-07-13 04:00:00,2026-07-13,04:00:00,4,Slot_21,Zone_B,0,Free
2026-07-13 04:00:00,2026-07-13,04:00:00,4,Slot_22,Zone_B,0,Free
2026-07-13 04:00:00,2026-07-13,04:00:00,4,Slot_23,Zone_B,0,Free
2026-07-13 04:00:00,2026-07-13,04:00:00,4,Slot_24,Zone_B,0,Free
2026-07-13 04:00:00,2026-07-13,04:00:00,4,Slot_25,Zone_B,1,Busy
2026-07-13 04:00:00,2026-07-13,04:00:00,4,Slot_26,Zone_B,0,Free
2026-07-13 04:00:00,2026-07-13,04:00:00,4,Slot_27,Zone_B,0,Free
2026-07-13 04:00:00,2026-07-13,04:00:00,4,Slot_28,Zone_B,0,Free
2026-07-13 04:00:00,2026-07-13,04:00:00,4,Slot_29,Zone_B,0,Free
2026-07-13 04:00:00,2026-07-13,04:00:00,4,Slot_30,Zone_B,0,Free
2026-07-13 04:00:00,2026-07-13,04:00:00,4,Slot_31,Zone_C,0,Free
2026-07-13 04:00:00,2026-07-13,04:00:00,4,Slot_32,Zone_C,0,Free
2026-07-13 04:00:00,2026-07-13,04:00:00,4,Slot_33,Zone_C,0,Free
2026-07-13 04:00:00,2026-07-13,04:00:00,4,Slot_34,Zone_C,0,Free
2026-07-13 04:00:00,2026-07-13,04:00:00,4,Slot_35,Zone_C,0,Free
2026-07-13 04:00:00,2026-07-13,04:00:00,4,Slot_36,Zone_C,0,Free
2026-07-13 04:00:00,2026-07-13,04:00:00,4,Slot_37,Zone_C,0,Free
2026-07-13 04:00:00,2026-07-13,04:00:00,4,Slot_38,Zone_C,0,Free
2026-07-13 04:00:00,2026-07-13,04:00:00,4,Slot_39,Zone_C,0,Free
2026-07-13 04:00:00,2026-07-13,04:00:00,4,Slot_40,Zone_C,0,Free
2026-07-13 04:15:00,2026-07-13,04:15:00,4,Slot_01,Zone_A,0,Free
2026-07-13 04:15:00,2026-07-13,04:15:00,4,Slot_02,Zone_A,0,Free
2026-07-13 04:15:00,2026-07-13,04:15:00,4,Slot_03,Zone_A,1,Busy
2026-07-13 04:15:00,2026-07-13,04:15:00,4,Slot_04,Zone_A,0,Free
2026-07-13 04:15:00,2026-07-13,04:15:00,4,Slot_05,Zone_A,0,Free
2026-07-13 04:15:00,2026-07-13,04:15:00,4,Slot_06,Zone_A,0,Free
2026-07-13 04:15:00,2026-07-13,04:15:00,4,Slot_07,Zone_A,0,Free
2026-07-13 04:15:00,2026-07-13,04:15:00,4,Slot_08,Zone_A,0,Free
2026-07-13 04:15:00,2026-07-13,04:15:00,4,Slot_09,Zone_A,0,Free
2026-07-13 04:15:00,2026-07-13,04:15:00,4,Slot_10,Zone_A,1,Busy
2026-07-13 04:15:00,2026-07-13,04:15:00,4,Slot_11,Zone_A,0,Free
2026-07-13 04:15:00,2026-07-13,04:15:00,4,Slot_12,Zone_A,0,Free
2026-07-13 04:15:00,2026-07-13,04:15:00,4,Slot_13,Zone_A,0,Free
2026-07-13 04:15:00,2026-07-13,04:15:00,4,Slot_14,Zone_A,1,Busy
2026-07-13 04:15:00,2026-07-13,04:15:00,4,Slot_15,Zone_A,1,Busy
2026-07-13 04:15:00,2026-07-13,04:15:00,4,Slot_16,Zone_B,0,Free
2026-07-13 04:15:00,2026-07-13,04:15:00,4,Slot_17,Zone_B,0,Free
2026-07-13 04:15:00,2026-07-13,04:15:00,4,Slot_18,Zone_B,0,Free
2026-07-13 04:15:00,2026-07-13,04:15:00,4,Slot_19,Zone_B,0,Free
2026-07-13 04:15:00,2026-07-13,04:15:00,4,Slot_20,Zone_B,0,Free
2026-07-13 04:15:00,2026-07-13,04:15:00,4,Slot_21,Zone_B,0,Free
2026-07-13 04:15:00,2026-07-13,04:15:00,4,Slot_22,Zone_B,1,Busy
2026-07-13 04:15:00,2026-07-13,04:15:00,4,Slot_23,Zone_B,0,Free
2026-07-13 04:15:00,2026-07-13,04:15:00,4,Slot_24,Zone_B,1,Busy
2026-07-13 04:15:00,2026-07-13,04:15:00,4,Slot_25,Zone_B,1,Busy
2026-07-13 04:15:00,2026-07-13,04:15:00,4,Slot_26,Zone_B,0,Free
2026-07-13 04:15:00,2026-07-13,04:15:00,4,Slot_27,Zone_B,0,Free
2026-07-13 04:15:00,2026-07-13,04:15:00,4,Slot_28,Zone_B,0,Free
2026-07-13 04:15:00,2026-07-13,04:15:00,4,Slot_29,Zone_B,0,Free
2026-07-13 04:15:00,2026-07-13,04:15:00,4,Slot_30,Zone_B,0,Free
2026-07-13 04:15:00,2026-07-13,04:15:00,4,Slot_31,Zone_C,0,Free
2026-07-13 04:15:00,2026-07-13,04:15:00,4,Slot_32,Zone_C,0,Free
2026-07-13 04:15:00,2026-07-13,04:15:00,4,Slot_33,Zone_C,0,Free
2026-07-13 04:15:00,2026-07-13,04:15:00,4,Slot_34,Zone_C,0,Free
2026-07-13 04:15:00,2026-07-13,04:15:00,4,Slot_35,Zone_C,0,Free
2026-07-13 04:15:00,2026-07-13,04:15:00,4,Slot_36,Zone_C,0,Free
2026-07-13 04:15:00,2026-07-13,04:15:00,4,Slot_37,Zone_C,0,Free
2026-07-13 04:15:00,2026-07-13,04:15:00,4,Slot_38,Zone_C,0,Free
2026-07-13 04:15:00,2026-07-13,04:15:00,4,Slot_39,Zone_C,0,Free
2026-07-13 04:15:00,2026-07-13,04:15:00,4,Slot_40,Zone_C,0,Free
2026-07-13 04:30:00,2026-07-13,04:30:00,4,Slot_01,Zone_A,0,Free
2026-07-13 04:30:00,2026-07-13,04:30:00,4,Slot_02,Zone_A,1,Busy
2026-07-13 04:30:00,2026-07-13,04:30:00,4,Slot_03,Zone_A,1,Busy
2026-07-13 04:30:00,2026-07-13,04:30:00,4,Slot_04,Zone_A,0,Free
2026-07-13 04:30:00,2026-07-13,04:30:00,4,Slot_05,Zone_A,0,Free
2026-07-13 04:30:00,2026-07-13,04:30:00,4,Slot_06,Zone_A,0,Free
2026-07-13 04:30:00,2026-07-13,04:30:00,4,Slot_07,Zone_A,1,Busy
2026-07-13 04:30:00,2026-07-13,04:30:00,4,Slot_08,Zone_A,0,Free
2026-07-13 04:30:00,2026-07-13,04:30:00,4,Slot_09,Zone_A,1,Busy
2026-07-13 04:30:00,2026-07-13,04:30:00,4,Slot_10,Zone_A,1,Busy
2026-07-13 04:30:00,2026-07-13,04:30:00,4,Slot_11,Zone_A,1,Busy
2026-07-13 04:30:00,2026-07-13,04:30:00,4,Slot_12,Zone_A,0,Free
2026-07-13 04:30:00,2026-07-13,04:30:00,4,Slot_13,Zone_A,0,Free
2026-07-13 04:30:00,2026-07-13,04:30:00,4,Slot_14,Zone_A,0,Free
2026-07-13 04:30:00,2026-07-13,04:30:00,4,Slot_15,Zone_A,0,Free
2026-07-13 04:30:00,2026-07-13,04:30:00,4,Slot_16,Zone_B,0,Free
2026-07-13 04:30:00,2026-07-13,04:30:00,4,Slot_17,Zone_B,0,Free
2026-07-13 04:30:00,2026-07-13,04:30:00,4,Slot_18,Zone_B,0,Free
2026-07-13 04:30:00,2026-07-13,04:30:00,4,Slot_19,Zone_B,0,Free
2026-07-13 04:30:00,2026-07-13,04:30:00,4,Slot_20,Zone_B,0,Free
2026-07-13 04:30:00,2026-07-13,04:30:00,4,Slot_21,Zone_B,0,Free
2026-07-13 04:30:00,2026-07-13,04:30:00,4,Slot_22,Zone_B,0,Free
2026-07-13 04:30:00,2026-07-13,04:30:00,4,Slot_23,Zone_B,0,Free
2026-07-13 04:30:00,2026-07-13,04:30:00,4,Slot_24,Zone_B,0,Free
2026-07-13 04:30:00,2026-07-13,04:30:00,4,Slot_25,Zone_B,0,Free
2026-07-13 04:30:00,2026-07-13,04:30:00,4,Slot_26,Zone_B,0,Free
2026-07-13 04:30:00,2026-07-13,04:30:00,4,Slot_27,Zone_B,0,Free
2026-07-13 04:30:00,2026-07-13,04:30:00,4,Slot_28,Zone_B,0,Free
2026-07-13 04:30:00,2026-07-13,04:30:00,4,Slot_29,Zone_B,0,Free
2026-07-13 04:30:00,2026-07-13,04:30:00,4,Slot_30,Zone_B,0,Free
2026-07-13 04:30:00,2026-07-13,04:30:00,4,Slot_31,Zone_C,0,Free
2026-07-13 04:30:00,2026-07-13,04:30:00,4,Slot_32,Zone_C,0,Free
2026-07-13 04:30:00,2026-07-13,04:30:00,4,Slot_33,Zone_C,0,Free
2026-07-13 04:30:00,2026-07-13,04:30:00,4,Slot_34,Zone_C,0,Free
2026-07-13 04:30:00,2026-07-13,04:30:00,4,Slot_35,Zone_C,0,Free
2026-07-13 04:30:00,2026-07-13,04:30:00,4,Slot_36,Zone_C,0,Free
2026-07-13 04:30:00,2026-07-13,04:30:00,4,Slot_37,Zone_C,0,Free
2026-07-13 04:30:00,2026-07-13,04:30:00,4,Slot_38,Zone_C,0,Free
2026-07-13 04:30:00,2026-07-13,04:30:00,4,Slot_39,Zone_C,0,Free
2026-07-13 04:30:00,2026-07-13,04:30:00,4,Slot_40,Zone_C,0,Free
2026-07-13 04:45:00,2026-07-13,04:45:00,4,Slot_01,Zone_A,1,Busy
2026-07-13 04:45:00,2026-07-13,04:45:00,4,Slot_02,Zone_A,0,Free
2026-07-13 04:45:00,2026-07-13,04:45:00,4,Slot_03,Zone_A,1,Busy
2026-07-13 04:45:00,2026-07-13,04:45:00,4,Slot_04,Zone_A,0,Free
2026-07-13 04:45:00,2026-07-13,04:45:00,4,Slot_05,Zone_A,1,Busy
2026-07-13 04:45:00,2026-07-13,04:45:00,4,Slot_06,Zone_A,0,Free
2026-07-13 04:45:00,2026-07-13,04:45:00,4,Slot_07,Zone_A,0,Free
2026-07-13 04:45:00,2026-07-13,04:45:00,4,Slot_08,Zone_A,0,Free
2026-07-13 04:45:00,2026-07-13,04:45:00,4,Slot_09,Zone_A,0,Free
2026-07-13 04:45:00,2026-07-13,04:45:00,4,Slot_10,Zone_A,0,Free
2026-07-13 04:45:00,2026-07-13,04:45:00,4,Slot_11,Zone_A,1,Busy
2026-07-13 04:45:00,2026-07-13,04:45:00,4,Slot_12,Zone_A,0,Free
2026-07-13 04:45:00,2026-07-13,04:45:00,4,Slot_13,Zone_A,1,Busy
2026-07-13 04:45:00,2026-07-13,04:45:00,4,Slot_14,Zone_A,0,Free
2026-07-13 04:45:00,2026-07-13,04:45:00,4,Slot_15,Zone_A,0,Free
2026-07-13 04:45:00,2026-07-13,04:45:00,4,Slot_16,Zone_B,1,Busy
2026-07-13 04:45:00,2026-07-13,04:45:00,4,Slot_17,Zone_B,0,Free
2026-07-13 04:45:00,2026-07-13,04:45:00,4,Slot_18,Zone_B,0,Free
2026-07-13 04:45:00,2026-07-13,04:45:00,4,Slot_19,Zone_B,0,Free
2026-07-13 04:45:00,2026-07-13,04:45:00,4,Slot_20,Zone_B,0,Free
2026-07-13 04:45:00,2026-07-13,04:45:00,4,Slot_21,Zone_B,0,Free
2026-07-13 04:45:00,2026-07-13,04:45:00,4,Slot_22,Zone_B,0,Free
2026-07-13 04:45:00,2026-07-13,04:45:00,4,Slot_23,Zone_B,0,Free
2026-07-13 04:45:00,2026-07-13,04:45:00,4,Slot_24,Zone_B,0,Free
2026-07-13 04:45:00,2026-07-13,04:45:00,4,Slot_25,Zone_B,0,Free
2026-07-13 04:45:00,2026-07-13,04:45:00,4,Slot_26,Zone_B,0,Free
2026-07-13 04:45:00,2026-07-13,04:45:00,4,Slot_27,Zone_B,0,Free
2026-07-13 04:45:00,2026-07-13,04:45:00,4,Slot_28,Zone_B,0,Free
2026-07-13 04:45:00,2026-07-13,04:45:00,4,Slot_29,Zone_B,0,Free
2026-07-13 04:45:00,2026-07-13,04:45:00,4,Slot_30,Zone_B,0,Free
2026-07-13 04:45:00,2026-07-13,04:45:00,4,Slot_31,Zone_C,0,Free
2026-07-13 04:45:00,2026-07-13,04:45:00,4,Slot_32,Zone_C,0,Free
2026-07-13 04:45:00,2026-07-13,04:45:00,4,Slot_33,Zone_C,0,Free
2026-07-13 04:45:00,2026-07-13,04:45:00,4,Slot_34,Zone_C,0,Free
2026-07-13 04:45:00,2026-07-13,04:45:00,4,Slot_35,Zone_C,1,Busy
2026-07-13 04:45:00,2026-07-13,04:45:00,4,Slot_36,Zone_C,0,Free
2026-07-13 04:45:00,2026-07-13,04:45:00,4,Slot_37,Zone_C,0,Free
2026-07-13 04:45:00,2026-07-13,04:45:00,4,Slot_38,Zone_C,0,Free
2026-07-13 04:45:00,2026-07-13,04:45:00,4,Slot_39,Zone_C,0,Free
2026-07-13 04:45:00,2026-07-13,04:45:00,4,Slot_40,Zone_C,0,Free
2026-07-13 05:00:00,2026-07-13,05:00:00,5,Slot_01,Zone_A,0,Free
2026-07-13 05:00:00,2026-07-13,05:00:00,5,Slot_02,Zone_A,1,Busy
2026-07-13 05:00:00,2026-07-13,05:00:00,5,Slot_03,Zone_A,0,Free
2026-07-13 05:00:00,2026-07-13,05:00:00,5,Slot_04,Zone_A,0,Free
2026-07-13 05:00:00,2026-07-13,05:00:00,5,Slot_05,Zone_A,0,Free
2026-07-13 05:00:00,2026-07-13,05:00:00,5,Slot_06,Zone_A,0,Free
2026-07-13 05:00:00,2026-07-13,05:00:00,5,Slot_07,Zone_A,0,Free
2026-07-13 05:00:00,2026-07-13,05:00:00,5,Slot_08,Zone_A,0,Free
2026-07-13 05:00:00,2026-07-13,05:00:00,5,Slot_09,Zone_A,0,Free
2026-07-13 05:00:00,2026-07-13,05:00:00,5,Slot_10,Zone_A,1,Busy
2026-07-13 05:00:00,2026-07-13,05:00:00,5,Slot_11,Zone_A,0,Free
2026-07-13 05:00:00,2026-07-13,05:00:00,5,Slot_12,Zone_A,0,Free
2026-07-13 05:00:00,2026-07-13,05:00:00,5,Slot_13,Zone_A,1,Busy
2026-07-13 05:00:00,2026-07-13,05:00:00,5,Slot_14,Zone_A,0,Free
2026-07-13 05:00:00,2026-07-13,05:00:00,5,Slot_15,Zone_A,0,Free
2026-07-13 05:00:00,2026-07-13,05:00:00,5,Slot_16,Zone_B,0,Free
2026-07-13 05:00:00,2026-07-13,05:00:00,5,Slot_17,Zone_B,0,Free
2026-07-13 05:00:00,2026-07-13,05:00:00,5,Slot_18,Zone_B,0,Free
2026-07-13 05:00:00,2026-07-13,05:00:00,5,Slot_19,Zone_B,1,Busy
2026-07-13 05:00:00,2026-07-13,05:00:00,5,Slot_20,Zone_B,0,Free
2026-07-13 05:00:00,2026-07-13,05:00:00,5,Slot_21,Zone_B,0,Free
2026-07-13 05:00:00,2026-07-13,05:00:00,5,Slot_22,Zone_B,1,Busy
2026-07-13 05:00:00,2026-07-13,05:00:00,5,Slot_23,Zone_B,0,Free
2026-07-13 05:00:00,2026-07-13,05:00:00,5,Slot_24,Zone_B,0,Free
2026-07-13 05:00:00,2026-07-13,05:00:00,5,Slot_25,Zone_B,0,Free
2026-07-13 05:00:00,2026-07-13,05:00:00,5,Slot_26,Zone_B,0,Free
2026-07-13 05:00:00,2026-07-13,05:00:00,5,Slot_27,Zone_B,0,Free
2026-07-13 05:00:00,2026-07-13,05:00:00,5,Slot_28,Zone_B,0,Free
2026-07-13 05:00:00,2026-07-13,05:00:00,5,Slot_29,Zone_B,0,Free
2026-07-13 05:00:00,2026-07-13,05:00:00,5,Slot_30,Zone_B,0,Free
2026-07-13 05:00:00,2026-07-13,05:00:00,5,Slot_31,Zone_C,0,Free
2026-07-13 05:00:00,2026-07-13,05:00:00,5,Slot_32,Zone_C,0,Free
2026-07-13 05:00:00,2026-07-13,05:00:00,5,Slot_33,Zone_C,0,Free
2026-07-13 05:00:00,2026-07-13,05:00:00,5,Slot_34,Zone_C,0,Free
2026-07-13 05:00:00,2026-07-13,05:00:00,5,Slot_35,Zone_C,0,Free
2026-07-13 05:00:00,2026-07-13,05:00:00,5,Slot_36,Zone_C,0,Free
2026-07-13 05:00:00,2026-07-13,05:00:00,5,Slot_37,Zone_C,0,Free
2026-07-13 05:00:00,2026-07-13,05:00:00,5,Slot_38,Zone_C,0,Free
2026-07-13 05:00:00,2026-07-13,05:00:00,5,Slot_39,Zone_C,0,Free
2026-07-13 05:00:00,2026-07-13,05:00:00,5,Slot_40,Zone_C,0,Free
2026-07-13 05:15:00,2026-07-13,05:15:00,5,Slot_01,Zone_A,1,Busy
2026-07-13 05:15:00,2026-07-13,05:15:00,5,Slot_02,Zone_A,0,Free
2026-07-13 05:15:00,2026-07-13,05:15:00,5,Slot_03,Zone_A,1,Busy
2026-07-13 05:15:00,2026-07-13,05:15:00,5,Slot_04,Zone_A,0,Free
2026-07-13 05:15:00,2026-07-13,05:15:00,5,Slot_05,Zone_A,1,Busy
2026-07-13 05:15:00,2026-07-13,05:15:00,5,Slot_06,Zone_A,0,Free
2026-07-13 05:15:00,2026-07-13,05:15:00,5,Slot_07,Zone_A,1,Busy
2026-07-13 05:15:00,2026-07-13,05:15:00,5,Slot_08,Zone_A,0,Free
2026-07-13 05:15:00,2026-07-13,05:15:00,5,Slot_09,Zone_A,0,Free
2026-07-13 05:15:00,2026-07-13,05:15:00,5,Slot_10,Zone_A,0,Free
2026-07-13 05:15:00,2026-07-13,05:15:00,5,Slot_11,Zone_A,1,Busy
2026-07-13 05:15:00,2026-07-13,05:15:00,5,Slot_12,Zone_A,0,Free
2026-07-13 05:15:00,2026-07-13,05:15:00,5,Slot_13,Zone_A,1,Busy
2026-07-13 05:15:00,2026-07-13,05:15:00,5,Slot_14,Zone_A,0,Free
2026-07-13 05:15:00,2026-07-13,05:15:00,5,Slot_15,Zone_A,1,Busy
2026-07-13 05:15:00,2026-07-13,05:15:00,5,Slot_16,Zone_B,0,Free
2026-07-13 05:15:00,2026-07-13,05:15:00,5,Slot_17,Zone_B,1,Busy
2026-07-13 05:15:00,2026-07-13,05:15:00,5,Slot_18,Zone_B,0,Free
2026-07-13 05:15:00,2026-07-13,05:15:00,5,Slot_19,Zone_B,0,Free
2026-07-13 05:15:00,2026-07-13,05:15:00,5,Slot_20,Zone_B,1,Busy
2026-07-13 05:15:00,2026-07-13,05:15:00,5,Slot_21,Zone_B,0,Free
2026-07-13 05:15:00,2026-07-13,05:15:00,5,Slot_22,Zone_B,0,Free
2026-07-13 05:15:00,2026-07-13,05:15:00,5,Slot_23,Zone_B,0,Free
2026-07-13 05:15:00,2026-07-13,05:15:00,5,Slot_24,Zone_B,0,Free
2026-07-13 05:15:00,2026-07-13,05:15:00,5,Slot_25,Zone_B,0,Free
2026-07-13 05:15:00,2026-07-13,05:15:00,5,Slot_26,Zone_B,0,Free
2026-07-13 05:15:00,2026-07-13,05:15:00,5,Slot_27,Zone_B,0,Free
2026-07-13 05:15:00,2026-07-13,05:15:00,5,Slot_28,Zone_B,0,Free
2026-07-13 05:15:00,2026-07-13,05:15:00,5,Slot_29,Zone_B,0,Free
2026-07-13 05:15:00,2026-07-13,05:15:00,5,Slot_30,Zone_B,0,Free
2026-07-13 05:15:00,2026-07-13,05:15:00,5,Slot_31,Zone_C,0,Free
2026-07-13 05:15:00,2026-07-13,05:15:00,5,Slot_32,Zone_C,0,Free
2026-07-13 05:15:00,2026-07-13,05:15:00,5,Slot_33,Zone_C,0,Free
2026-07-13 05:15:00,2026-07-13,05:15:00,5,Slot_34,Zone_C,0,Free
2026-07-13 05:15:00,2026-07-13,05:15:00,5,Slot_35,Zone_C,1,Busy
2026-07-13 05:15:00,2026-07-13,05:15:00,5,Slot_36,Zone_C,0,Free
2026-07-13 05:15:00,2026-07-13,05:15:00,5,Slot_37,Zone_C,0,Free
2026-07-13 05:15:00,2026-07-13,05:15:00,5,Slot_38,Zone_C,0,Free
2026-07-13 05:15:00,2026-07-13,05:15:00,5,Slot_39,Zone_C,1,Busy
2026-07-13 05:15:00,2026-07-13,05:15:00,5,Slot_40,Zone_C,0,Free
2026-07-13 05:30:00,2026-07-13,05:30:00,5,Slot_01,Zone_A,1,Busy
2026-07-13 05:30:00,2026-07-13,05:30:00,5,Slot_02,Zone_A,0,Free
2026-07-13 05:30:00,2026-07-13,05:30:00,5,Slot_03,Zone_A,1,Busy
2026-07-13 05:30:00,2026-07-13,05:30:00,5,Slot_04,Zone_A,1,Busy
2026-07-13 05:30:00,2026-07-13,05:30:00,5,Slot_05,Zone_A,0,Free
2026-07-13 05:30:00,2026-07-13,05:30:00,5,Slot_06,Zone_A,1,Busy
2026-07-13 05:30:00,2026-07-13,05:30:00,5,Slot_07,Zone_A,0,Free
2026-07-13 05:30:00,2026-07-13,05:30:00,5,Slot_08,Zone_A,1,Busy
2026-07-13 05:30:00,2026-07-13,05:30:00,5,Slot_09,Zone_A,1,Busy
2026-07-13 05:30:00,2026-07-13,05:30:00,5,Slot_10,Zone_A,1,Busy
2026-07-13 05:30:00,2026-07-13,05:30:00,5,Slot_11,Zone_A,0,Free
2026-07-13 05:30:00,2026-07-13,05:30:00,5,Slot_12,Zone_A,0,Free
2026-07-13 05:30:00,2026-07-13,05:30:00,5,Slot_13,Zone_A,0,Free
2026-07-13 05:30:00,2026-07-13,05:30:00,5,Slot_14,Zone_A,0,Free
2026-07-13 05:30:00,2026-07-13,05:30:00,5,Slot_15,Zone_A,0,Free
2026-07-13 05:30:00,2026-07-13,05:30:00,5,Slot_16,Zone_B,0,Free
2026-07-13 05:30:00,2026-07-13,05:30:00,5,Slot_17,Zone_B,0,Free
2026-07-13 05:30:00,2026-07-13,05:30:00,5,Slot_18,Zone_B,0,Free
2026-07-13 05:30:00,2026-07-13,05:30:00,5,Slot_19,Zone_B,1,Busy
2026-07-13 05:30:00,2026-07-13,05:30:00,5,Slot_20,Zone_B,1,Busy
2026-07-13 05:30:00,2026-07-13,05:30:00,5,Slot_21,Zone_B,0,Free
2026-07-13 05:30:00,2026-07-13,05:30:00,5,Slot_22,Zone_B,1,Busy
2026-07-13 05:30:00,2026-07-13,05:30:00,5,Slot_23,Zone_B,0,Free
2026-07-13 05:30:00,2026-07-13,05:30:00,5,Slot_24,Zone_B,0,Free
2026-07-13 05:30:00,2026-07-13,05:30:00,5,Slot_25,Zone_B,0,Free
2026-07-13 05:30:00,2026-07-13,05:30:00,5,Slot_26,Zone_B,0,Free
2026-07-13 05:30:00,2026-07-13,05:30:00,5,Slot_27,Zone_B,0,Free
2026-07-13 05:30:00,2026-07-13,05:30:00,5,Slot_28,Zone_B,0,Free
2026-07-13 05:30:00,2026-07-13,05:30:00,5,Slot_29,Zone_B,0,Free
2026-07-13 05:30:00,2026-07-13,05:30:00,5,Slot_30,Zone_B,0,Free
2026-07-13 05:30:00,2026-07-13,05:30:00,5,Slot_31,Zone_C,0,Free
2026-07-13 05:30:00,2026-07-13,05:30:00,5,Slot_32,Zone_C,0,Free
2026-07-13 05:30:00,2026-07-13,05:30:00,5,Slot_33,Zone_C,0,Free
2026-07-13 05:30:00,2026-07-13,05:30:00,5,Slot_34,Zone_C,0,Free
2026-07-13 05:30:00,2026-07-13,05:30:00,5,Slot_35,Zone_C,0,Free
2026-07-13 05:30:00,2026-07-13,05:30:00,5,Slot_36,Zone_C,0,Free
2026-07-13 05:30:00,2026-07-13,05:30:00,5,Slot_37,Zone_C,0,Free
2026-07-13 05:30:00,2026-07-13,05:30:00,5,Slot_38,Zone_C,0,Free
2026-07-13 05:30:00,2026-07-13,05:30:00,5,Slot_39,Zone_C,0,Free
2026-07-13 05:30:00,2026-07-13,05:30:00,5,Slot_40,Zone_C,0,Free
2026-07-13 05:45:00,2026-07-13,05:45:00,5,Slot_01,Zone_A,0,Free
2026-07-13 05:45:00,2026-07-13,05:45:00,5,Slot_02,Zone_A,0,Free
2026-07-13 05:45:00,2026-07-13,05:45:00,5,Slot_03,Zone_A,0,Free
2026-07-13 05:45:00,2026-07-13,05:45:00,5,Slot_04,Zone_A,0,Free
2026-07-13 05:45:00,2026-07-13,05:45:00,5,Slot_05,Zone_A,0,Free
2026-07-13 05:45:00,2026-07-13,05:45:00,5,Slot_06,Zone_A,1,Busy
2026-07-13 05:45:00,2026-07-13,05:45:00,5,Slot_07,Zone_A,0,Free
2026-07-13 05:45:00,2026-07-13,05:45:00,5,Slot_08,Zone_A,0,Free
2026-07-13 05:45:00,2026-07-13,05:45:00,5,Slot_09,Zone_A,0,Free
2026-07-13 05:45:00,2026-07-13,05:45:00,5,Slot_10,Zone_A,0,Free
2026-07-13 05:45:00,2026-07-13,05:45:00,5,Slot_11,Zone_A,1,Busy
2026-07-13 05:45:00,2026-07-13,05:45:00,5,Slot_12,Zone_A,0,Free
2026-07-13 05:45:00,2026-07-13,05:45:00,5,Slot_13,Zone_A,0,Free
2026-07-13 05:45:00,2026-07-13,05:45:00,5,Slot_14,Zone_A,0,Free
2026-07-13 05:45:00,2026-07-13,05:45:00,5,Slot_15,Zone_A,1,Busy
2026-07-13 05:45:00,2026-07-13,05:45:00,5,Slot_16,Zone_B,0,Free
2026-07-13 05:45:00,2026-07-13,05:45:00,5,Slot_17,Zone_B,1,Busy
2026-07-13 05:45:00,2026-07-13,05:45:00,5,Slot_18,Zone_B,0,Free
2026-07-13 05:45:00,2026-07-13,05:45:00,5,Slot_19,Zone_B,1,Busy
2026-07-13 05:45:00,2026-07-13,05:45:00,5,Slot_20,Zone_B,0,Free
2026-07-13 05:45:00,2026-07-13,05:45:00,5,Slot_21,Zone_B,0,Free
2026-07-13 05:45:00,2026-07-13,05:45:00,5,Slot_22,Zone_B,0,Free
2026-07-13 05:45:00,2026-07-13,05:45:00,5,Slot_23,Zone_B,0,Free
2026-07-13 05:45:00,2026-07-13,05:45:00,5,Slot_24,Zone_B,0,Free
2026-07-13 05:45:00,2026-07-13,05:45:00,5,Slot_25,Zone_B,0,Free
2026-07-13 05:45:00,2026-07-13,05:45:00,5,Slot_26,Zone_B,1,Busy
2026-07-13 05:45:00,2026-07-13,05:45:00,5,Slot_27,Zone_B,1,Busy
2026-07-13 05:45:00,2026-07-13,05:45:00,5,Slot_28,Zone_B,0,Free
2026-07-13 05:45:00,2026-07-13,05:45:00,5,Slot_29,Zone_B,0,Free
2026-07-13 05:45:00,2026-07-13,05:45:00,5,Slot_30,Zone_B,0,Free
2026-07-13 05:45:00,2026-07-13,05:45:00,5,Slot_31,Zone_C,0,Free
2026-07-13 05:45:00,2026-07-13,05:45:00,5,Slot_32,Zone_C,0,Free
2026-07-13 05:45:00,2026-07-13,05:45:00,5,Slot_33,Zone_C,0,Free
2026-07-13 05:45:00,2026-07-13,05:45:00,5,Slot_34,Zone_C,0,Free
2026-07-13 05:45:00,2026-07-13,05:45:00,5,Slot_35,Zone_C,0,Free
2026-07-13 05:45:00,2026-07-13,05:45:00,5,Slot_36,Zone_C,0,Free
2026-07-13 05:45:00,2026-07-13,05:45:00,5,Slot_37,Zone_C,0,Free
2026-07-13 05:45:00,2026-07-13,05:45:00,5,Slot_38,Zone_C,1,Busy
2026-07-13 05:45:00,2026-07-13,05:45:00,5,Slot_39,Zone_C,0,Free
2026-07-13 05:45:00,2026-07-13,05:45:00,5,Slot_40,Zone_C,0,Free
2026-07-13 06:00:00,2026-07-13,06:00:00,6,Slot_01,Zone_A,1,Busy
2026-07-13 06:00:00,2026-07-13,06:00:00,6,Slot_02,Zone_A,0,Free
2026-07-13 06:00:00,2026-07-13,06:00:00,6,Slot_03,Zone_A,1,Busy
2026-07-13 06:00:00,2026-07-13,06:00:00,6,Slot_04,Zone_A,1,Busy
2026-07-13 06:00:00,2026-07-13,06:00:00,6,Slot_05,Zone_A,1,Busy
2026-07-13 06:00:00,2026-07-13,06:00:00,6,Slot_06,Zone_A,1,Busy
2026-07-13 06:00:00,2026-07-13,06:00:00,6,Slot_07,Zone_A,0,Free
2026-07-13 06:00:00,2026-07-13,06:00:00,6,Slot_08,Zone_A,1,Busy
2026-07-13 06:00:00,2026-07-13,06:00:00,6,Slot_09,Zone_A,0,Free
2026-07-13 06:00:00,2026-07-13,06:00:00,6,Slot_10,Zone_A,1,Busy
2026-07-13 06:00:00,2026-07-13,06:00:00,6,Slot_11,Zone_A,0,Free
2026-07-13 06:00:00,2026-07-13,06:00:00,6,Slot_12,Zone_A,0,Free
2026-07-13 06:00:00,2026-07-13,06:00:00,6,Slot_13,Zone_A,0,Free
2026-07-13 06:00:00,2026-07-13,06:00:00,6,Slot_14,Zone_A,1,Busy
2026-07-13 06:00:00,2026-07-13,06:00:00,6,Slot_15,Zone_A,1,Busy
2026-07-13 06:00:00,2026-07-13,06:00:00,6,Slot_16,Zone_B,1,Busy
2026-07-13 06:00:00,2026-07-13,06:00:00,6,Slot_17,Zone_B,0,Free
2026-07-13 06:00:00,2026-07-13,06:00:00,6,Slot_18,Zone_B,1,Busy
2026-07-13 06:00:00,2026-07-13,06:00:00,6,Slot_19,Zone_B,0,Free
2026-07-13 06:00:00,2026-07-13,06:00:00,6,Slot_20,Zone_B,0,Free
2026-07-13 06:00:00,2026-07-13,06:00:00,6,Slot_21,Zone_B,1,Busy
2026-07-13 06:00:00,2026-07-13,06:00:00,6,Slot_22,Zone_B,0,Free
2026-07-13 06:00:00,2026-07-13,06:00:00,6,Slot_23,Zone_B,1,Busy
2026-07-13 06:00:00,2026-07-13,06:00:00,6,Slot_24,Zone_B,1,Busy
2026-07-13 06:00:00,2026-07-13,06:00:00,6,Slot_25,Zone_B,0,Free
2026-07-13 06:00:00,2026-07-13,06:00:00,6,Slot_26,Zone_B,0,Free
2026-07-13 06:00:00,2026-07-13,06:00:00,6,Slot_27,Zone_B,0,Free
2026-07-13 06:00:00,2026-07-13,06:00:00,6,Slot_28,Zone_B,1,Busy
2026-07-13 06:00:00,2026-07-13,06:00:00,6,Slot_29,Zone_B,1,Busy
2026-07-13 06:00:00,2026-07-13,06:00:00,6,Slot_30,Zone_B,0,Free
2026-07-13 06:00:00,2026-07-13,06:00:00,6,Slot_31,Zone_C,0,Free
2026-07-13 06:00:00,2026-07-13,06:00:00,6,Slot_32,Zone_C,0,Free
2026-07-13 06:00:00,2026-07-13,06:00:00,6,Slot_33,Zone_C,1,Busy
2026-07-13 06:00:00,2026-07-13,06:00:00,6,Slot_34,Zone_C,0,Free
2026-07-13 06:00:00,2026-07-13,06:00:00,6,Slot_35,Zone_C,0,Free
2026-07-13 06:00:00,2026-07-13,06:00:00,6,Slot_36,Zone_C,1,Busy
2026-07-13 06:00:00,2026-07-13,06:00:00,6,Slot_37,Zone_C,0,Free
2026-07-13 06:00:00,2026-07-13,06:00:00,6,Slot_38,Zone_C,1,Busy
2026-07-13 06:00:00,2026-07-13,06:00:00,6,Slot_39,Zone_C,0,Free
2026-07-13 06:00:00,2026-07-13,06:00:00,6,Slot_40,Zone_C,0,Free
2026-07-13 06:15:00,2026-07-13,06:15:00,6,Slot_01,Zone_A,1,Busy
2026-07-13 06:15:00,2026-07-13,06:15:00,6,Slot_02,Zone_A,1,Busy
2026-07-13 06:15:00,2026-07-13,06:15:00,6,Slot_03,Zone_A,0,Free
2026-07-13 06:15:00,2026-07-13,06:15:00,6,Slot_04,Zone_A,0,Free
2026-07-13 06:15:00,2026-07-13,06:15:00,6,Slot_05,Zone_A,0,Free
2026-07-13 06:15:00,2026-07-13,06:15:00,6,Slot_06,Zone_A,0,Free
2026-07-13 06:15:00,2026-07-13,06:15:00,6,Slot_07,Zone_A,0,Free
2026-07-13 06:15:00,2026-07-13,06:15:00,6,Slot_08,Zone_A,0,Free
2026-07-13 06:15:00,2026-07-13,06:15:00,6,Slot_09,Zone_A,1,Busy
2026-07-13 06:15:00,2026-07-13,06:15:00,6,Slot_10,Zone_A,1,Busy
2026-07-13 06:15:00,2026-07-13,06:15:00,6,Slot_11,Zone_A,1,Busy
2026-07-13 06:15:00,2026-07-13,06:15:00,6,Slot_12,Zone_A,0,Free
2026-07-13 06:15:00,2026-07-13,06:15:00,6,Slot_13,Zone_A,0,Free
2026-07-13 06:15:00,2026-07-13,06:15:00,6,Slot_14,Zone_A,1,Busy
2026-07-13 06:15:00,2026-07-13,06:15:00,6,Slot_15,Zone_A,0,Free
2026-07-13 06:15:00,2026-07-13,06:15:00,6,Slot_16,Zone_B,0,Free
2026-07-13 06:15:00,2026-07-13,06:15:00,6,Slot_17,Zone_B,1,Busy
2026-07-13 06:15:00,2026-07-13,06:15:00,6,Slot_18,Zone_B,0,Free
2026-07-13 06:15:00,2026-07-13,06:15:00,6,Slot_19,Zone_B,0,Free
2026-07-13 06:15:00,2026-07-13,06:15:00,6,Slot_20,Zone_B,1,Busy
2026-07-13 06:15:00,2026-07-13,06:15:00,6,Slot_21,Zone_B,0,Free
2026-07-13 06:15:00,2026-07-13,06:15:00,6,Slot_22,Zone_B,1,Busy
2026-07-13 06:15:00,2026-07-13,06:15:00,6,Slot_23,Zone_B,0,Free
2026-07-13 06:15:00,2026-07-13,06:15:00,6,Slot_24,Zone_B,0,Free
2026-07-13 06:15:00,2026-07-13,06:15:00,6,Slot_25,Zone_B,0,Free
2026-07-13 06:15:00,2026-07-13,06:15:00,6,Slot_26,Zone_B,0,Free
2026-07-13 06:15:00,2026-07-13,06:15:00,6,Slot_27,Zone_B,0,Free
2026-07-13 06:15:00,2026-07-13,06:15:00,6,Slot_28,Zone_B,0,Free
2026-07-13 06:15:00,2026-07-13,06:15:00,6,Slot_29,Zone_B,1,Busy
2026-07-13 06:15:00,2026-07-13,06:15:00,6,Slot_30,Zone_B,0,Free
2026-07-13 06:15:00,2026-07-13,06:15:00,6,Slot_31,Zone_C,1,Busy
2026-07-13 06:15:00,2026-07-13,06:15:00,6,Slot_32,Zone_C,0,Free
2026-07-13 06:15:00,2026-07-13,06:15:00,6,Slot_33,Zone_C,1,Busy
2026-07-13 06:15:00,2026-07-13,06:15:00,6,Slot_34,Zone_C,1,Busy
2026-07-13 06:15:00,2026-07-13,06:15:00,6,Slot_35,Zone_C,1,Busy
2026-07-13 06:15:00,2026-07-13,06:15:00,6,Slot_36,Zone_C,0,Free
2026-07-13 06:15:00,2026-07-13,06:15:00,6,Slot_37,Zone_C,1,Busy
2026-07-13 06:15:00,2026-07-13,06:15:00,6,Slot_38,Zone_C,0,Free
2026-07-13 06:15:00,2026-07-13,06:15:00,6,Slot_39,Zone_C,1,Busy
2026-07-13 06:15:00,2026-07-13,06:15:00,6,Slot_40,Zone_C,1,Busy
2026-07-13 06:30:00,2026-07-13,06:30:00,6,Slot_01,Zone_A,1,Busy
2026-07-13 06:30:00,2026-07-13,06:30:00,6,Slot_02,Zone_A,0,Free
2026-07-13 06:30:00,2026-07-13,06:30:00,6,Slot_03,Zone_A,1,Busy
2026-07-13 06:30:00,2026-07-13,06:30:00,6,Slot_04,Zone_A,0,Free
2026-07-13 06:30:00,2026-07-13,06:30:00,6,Slot_05,Zone_A,0,Free
2026-07-13 06:30:00,2026-07-13,06:30:00,6,Slot_06,Zone_A,0,Free
2026-07-13 06:30:00,2026-07-13,06:30:00,6,Slot_07,Zone_A,1,Busy
2026-07-13 06:30:00,2026-07-13,06:30:00,6,Slot_08,Zone_A,1,Busy
2026-07-13 06:30:00,2026-07-13,06:30:00,6,Slot_09,Zone_A,0,Free
2026-07-13 06:30:00,2026-07-13,06:30:00,6,Slot_10,Zone_A,1,Busy
2026-07-13 06:30:00,2026-07-13,06:30:00,6,Slot_11,Zone_A,0,Free
2026-07-13 06:30:00,2026-07-13,06:30:00,6,Slot_12,Zone_A,1,Busy
2026-07-13 06:30:00,2026-07-13,06:30:00,6,Slot_13,Zone_A,0,Free
2026-07-13 06:30:00,2026-07-13,06:30:00,6,Slot_14,Zone_A,0,Free
2026-07-13 06:30:00,2026-07-13,06:30:00,6,Slot_15,Zone_A,0,Free
2026-07-13 06:30:00,2026-07-13,06:30:00,6,Slot_16,Zone_B,1,Busy
2026-07-13 06:30:00,2026-07-13,06:30:00,6,Slot_17,Zone_B,0,Free
2026-07-13 06:30:00,2026-07-13,06:30:00,6,Slot_18,Zone_B,1,Busy
2026-07-13 06:30:00,2026-07-13,06:30:00,6,Slot_19,Zone_B,0,Free
2026-07-13 06:30:00,2026-07-13,06:30:00,6,Slot_20,Zone_B,0,Free
2026-07-13 06:30:00,2026-07-13,06:30:00,6,Slot_21,Zone_B,0,Free
2026-07-13 06:30:00,2026-07-13,06:30:00,6,Slot_22,Zone_B,0,Free
2026-07-13 06:30:00,2026-07-13,06:30:00,6,Slot_23,Zone_B,0,Free
2026-07-13 06:30:00,2026-07-13,06:30:00,6,Slot_24,Zone_B,1,Busy
2026-07-13 06:30:00,2026-07-13,06:30:00,6,Slot_25,Zone_B,1,Busy
2026-07-13 06:30:00,2026-07-13,06:30:00,6,Slot_26,Zone_B,0,Free
2026-07-13 06:30:00,2026-07-13,06:30:00,6,Slot_27,Zone_B,1,Busy
2026-07-13 06:30:00,2026-07-13,06:30:00,6,Slot_28,Zone_B,1,Busy
2026-07-13 06:30:00,2026-07-13,06:30:00,6,Slot_29,Zone_B,1,Busy
2026-07-13 06:30:00,2026-07-13,06:30:00,6,Slot_30,Zone_B,1,Busy
2026-07-13 06:30:00,2026-07-13,06:30:00,6,Slot_31,Zone_C,1,Busy
2026-07-13 06:30:00,2026-07-13,06:30:00,6,Slot_32,Zone_C,1,Busy
2026-07-13 06:30:00,2026-07-13,06:30:00,6,Slot_33,Zone_C,1,Busy
2026-07-13 06:30:00,2026-07-13,06:30:00,6,Slot_34,Zone_C,1,Busy
2026-07-13 06:30:00,2026-07-13,06:30:00,6,Slot_35,Zone_C,0,Free
2026-07-13 06:30:00,2026-07-13,06:30:00,6,Slot_36,Zone_C,0,Free
2026-07-13 06:30:00,2026-07-13,06:30:00,6,Slot_37,Zone_C,0,Free
2026-07-13 06:30:00,2026-07-13,06:30:00,6,Slot_38,Zone_C,0,Free
2026-07-13 06:30:00,2026-07-13,06:30:00,6,Slot_39,Zone_C,1,Busy
2026-07-13 06:30:00,2026-07-13,06:30:00,6,Slot_40,Zone_C,0,Free
2026-07-13 06:45:00,2026-07-13,06:45:00,6,Slot_01,Zone_A,0,Free
2026-07-13 06:45:00,2026-07-13,06:45:00,6,Slot_02,Zone_A,1,Busy
2026-07-13 06:45:00,2026-07-13,06:45:00,6,Slot_03,Zone_A,1,Busy
2026-07-13 06:45:00,2026-07-13,06:45:00,6,Slot_04,Zone_A,0,Free
2026-07-13 06:45:00,2026-07-13,06:45:00,6,Slot_05,Zone_A,0,Free
2026-07-13 06:45:00,2026-07-13,06:45:00,6,Slot_06,Zone_A,1,Busy
2026-07-13 06:45:00,2026-07-13,06:45:00,6,Slot_07,Zone_A,0,Free
2026-07-13 06:45:00,2026-07-13,06:45:00,6,Slot_08,Zone_A,1,Busy
2026-07-13 06:45:00,2026-07-13,06:45:00,6,Slot_09,Zone_A,0,Free
2026-07-13 06:45:00,2026-07-13,06:45:00,6,Slot_10,Zone_A,1,Busy
2026-07-13 06:45:00,2026-07-13,06:45:00,6,Slot_11,Zone_A,0,Free
2026-07-13 06:45:00,2026-07-13,06:45:00,6,Slot_12,Zone_A,0,Free
2026-07-13 06:45:00,2026-07-13,06:45:00,6,Slot_13,Zone_A,0,Free
2026-07-13 06:45:00,2026-07-13,06:45:00,6,Slot_14,Zone_A,1,Busy
2026-07-13 06:45:00,2026-07-13,06:45:00,6,Slot_15,Zone_A,1,Busy
2026-07-13 06:45:00,2026-07-13,06:45:00,6,Slot_16,Zone_B,1,Busy
2026-07-13 06:45:00,2026-07-13,06:45:00,6,Slot_17,Zone_B,1,Busy
2026-07-13 06:45:00,2026-07-13,06:45:00,6,Slot_18,Zone_B,1,Busy
2026-07-13 06:45:00,2026-07-13,06:45:00,6,Slot_19,Zone_B,0,Free
2026-07-13 06:45:00,2026-07-13,06:45:00,6,Slot_20,Zone_B,1,Busy
2026-07-13 06:45:00,2026-07-13,06:45:00,6,Slot_21,Zone_B,1,Busy
2026-07-13 06:45:00,2026-07-13,06:45:00,6,Slot_22,Zone_B,0,Free
2026-07-13 06:45:00,2026-07-13,06:45:00,6,Slot_23,Zone_B,0,Free
2026-07-13 06:45:00,2026-07-13,06:45:00,6,Slot_24,Zone_B,0,Free
2026-07-13 06:45:00,2026-07-13,06:45:00,6,Slot_25,Zone_B,0,Free
2026-07-13 06:45:00,2026-07-13,06:45:00,6,Slot_26,Zone_B,1,Busy
2026-07-13 06:45:00,2026-07-13,06:45:00,6,Slot_27,Zone_B,1,Busy
2026-07-13 06:45:00,2026-07-13,06:45:00,6,Slot_28,Zone_B,0,Free
2026-07-13 06:45:00,2026-07-13,06:45:00,6,Slot_29,Zone_B,0,Free
2026-07-13 06:45:00,2026-07-13,06:45:00,6,Slot_30,Zone_B,1,Busy
2026-07-13 06:45:00,2026-07-13,06:45:00,6,Slot_31,Zone_C,0,Free
2026-07-13 06:45:00,2026-07-13,06:45:00,6,Slot_32,Zone_C,1,Busy
2026-07-13 06:45:00,2026-07-13,06:45:00,6,Slot_33,Zone_C,1,Busy
2026-07-13 06:45:00,2026-07-13,06:45:00,6,Slot_34,Zone_C,0,Free
2026-07-13 06:45:00,2026-07-13,06:45:00,6,Slot_35,Zone_C,0,Free
2026-07-13 06:45:00,2026-07-13,06:45:00,6,Slot_36,Zone_C,0,Free
2026-07-13 06:45:00,2026-07-13,06:45:00,6,Slot_37,Zone_C,1,Busy
2026-07-13 06:45:00,2026-07-13,06:45:00,6,Slot_38,Zone_C,0,Free
2026-07-13 06:45:00,2026-07-13,06:45:00,6,Slot_39,Zone_C,1,Busy
2026-07-13 06:45:00,2026-07-13,06:45:00,6,Slot_40,Zone_C,1,Busy
2026-07-13 07:00:00,2026-07-13,07:00:00,7,Slot_01,Zone_A,0,Free
2026-07-13 07:00:00,2026-07-13,07:00:00,7,Slot_02,Zone_A,0,Free
2026-07-13 07:00:00,2026-07-13,07:00:00,7,Slot_03,Zone_A,0,Free
2026-07-13 07:00:00,2026-07-13,07:00:00,7,Slot_04,Zone_A,0,Free
2026-07-13 07:00:00,2026-07-13,07:00:00,7,Slot_05,Zone_A,0,Free
2026-07-13 07:00:00,2026-07-13,07:00:00,7,Slot_06,Zone_A,0,Free
2026-07-13 07:00:00,2026-07-13,07:00:00,7,Slot_07,Zone_A,1,Busy
2026-07-13 07:00:00,2026-07-13,07:00:00,7,Slot_08,Zone_A,1,Busy
2026-07-13 07:00:00,2026-07-13,07:00:00,7,Slot_09,Zone_A,1,Busy
2026-07-13 07:00:00,2026-07-13,07:00:00,7,Slot_10,Zone_A,1,Busy
2026-07-13 07:00:00,2026-07-13,07:00:00,7,Slot_11,Zone_A,0,Free
2026-07-13 07:00:00,2026-07-13,07:00:00,7,Slot_12,Zone_A,1,Busy
2026-07-13 07:00:00,2026-07-13,07:00:00,7,Slot_13,Zone_A,1,Busy
2026-07-13 07:00:00,2026-07-13,07:00:00,7,Slot_14,Zone_A,1,Busy
2026-07-13 07:00:00,2026-07-13,07:00:00,7,Slot_15,Zone_A,0,Free
2026-07-13 07:00:00,2026-07-13,07:00:00,7,Slot_16,Zone_B,1,Busy
2026-07-13 07:00:00,2026-07-13,07:00:00,7,Slot_17,Zone_B,0,Free
2026-07-13 07:00:00,2026-07-13,07:00:00,7,Slot_18,Zone_B,0,Free
2026-07-13 07:00:00,2026-07-13,07:00:00,7,Slot_19,Zone_B,0,Free
2026-07-13 07:00:00,2026-07-13,07:00:00,7,Slot_20,Zone_B,0,Free
2026-07-13 07:00:00,2026-07-13,07:00:00,7,Slot_21,Zone_B,0,Free
2026-07-13 07:00:00,2026-07-13,07:00:00,7,Slot_22,Zone_B,1,Busy
2026-07-13 07:00:00,2026-07-13,07:00:00,7,Slot_23,Zone_B,0,Free
2026-07-13 07:00:00,2026-07-13,07:00:00,7,Slot_24,Zone_B,0,Free
2026-07-13 07:00:00,2026-07-13,07:00:00,7,Slot_25,Zone_B,1,Busy
2026-07-13 07:00:00,2026-07-13,07:00:00,7,Slot_26,Zone_B,0,Free
2026-07-13 07:00:00,2026-07-13,07:00:00,7,Slot_27,Zone_B,0,Free
2026-07-13 07:00:00,2026-07-13,07:00:00,7,Slot_28,Zone_B,0,Free
2026-07-13 07:00:00,2026-07-13,07:00:00,7,Slot_29,Zone_B,0,Free
2026-07-13 07:00:00,2026-07-13,07:00:00,7,Slot_30,Zone_B,0,Free
2026-07-13 07:00:00,2026-07-13,07:00:00,7,Slot_31,Zone_C,0,Free
2026-07-13 07:00:00,2026-07-13,07:00:00,7,Slot_32,Zone_C,0,Free
2026-07-13 07:00:00,2026-07-13,07:00:00,7,Slot_33,Zone_C,0,Free
2026-07-13 07:00:00,2026-07-13,07:00:00,7,Slot_34,Zone_C,0,Free
2026-07-13 07:00:00,2026-07-13,07:00:00,7,Slot_35,Zone_C,0,Free
2026-07-13 07:00:00,2026-07-13,07:00:00,7,Slot_36,Zone_C,0,Free
2026-07-13 07:00:00,2026-07-13,07:00:00,7,Slot_37,Zone_C,1,Busy
2026-07-13 07:00:00,2026-07-13,07:00:00,7,Slot_38,Zone_C,0,Free
2026-07-13 07:00:00,2026-07-13,07:00:00,7,Slot_39,Zone_C,0,Free
2026-07-13 07:00:00,2026-07-13,07:00:00,7,Slot_40,Zone_C,1,Busy
2026-07-13 07:15:00,2026-07-13,07:15:00,7,Slot_01,Zone_A,0,Free
2026-07-13 07:15:00,2026-07-13,07:15:00,7,Slot_02,Zone_A,1,Busy
2026-07-13 07:15:00,2026-07-13,07:15:00,7,Slot_03,Zone_A,1,Busy
2026-07-13 07:15:00,2026-07-13,07:15:00,7,Slot_04,Zone_A,0,Free
2026-07-13 07:15:00,2026-07-13,07:15:00,7,Slot_05,Zone_A,1,Busy
2026-07-13 07:15:00,2026-07-13,07:15:00,7,Slot_06,Zone_A,0,Free
2026-07-13 07:15:00,2026-07-13,07:15:00,7,Slot_07,Zone_A,0,Free
2026-07-13 07:15:00,2026-07-13,07:15:00,7,Slot_08,Zone_A,1,Busy
2026-07-13 07:15:00,2026-07-13,07:15:00,7,Slot_09,Zone_A,1,Busy
2026-07-13 07:15:00,2026-07-13,07:15:00,7,Slot_10,Zone_A,1,Busy
2026-07-13 07:15:00,2026-07-13,07:15:00,7,Slot_11,Zone_A,0,Free
2026-07-13 07:15:00,2026-07-13,07:15:00,7,Slot_12,Zone_A,0,Free
2026-07-13 07:15:00,2026-07-13,07:15:00,7,Slot_13,Zone_A,0,Free
2026-07-13 07:15:00,2026-07-13,07:15:00,7,Slot_14,Zone_A,1,Busy
2026-07-13 07:15:00,2026-07-13,07:15:00,7,Slot_15,Zone_A,0,Free
2026-07-13 07:15:00,2026-07-13,07:15:00,7,Slot_16,Zone_B,0,Free
2026-07-13 07:15:00,2026-07-13,07:15:00,7,Slot_17,Zone_B,0,Free
2026-07-13 07:15:00,2026-07-13,07:15:00,7,Slot_18,Zone_B,1,Busy
2026-07-13 07:15:00,2026-07-13,07:15:00,7,Slot_19,Zone_B,0,Free
2026-07-13 07:15:00,2026-07-13,07:15:00,7,Slot_20,Zone_B,0,Free
2026-07-13 07:15:00,2026-07-13,07:15:00,7,Slot_21,Zone_B,0,Free
2026-07-13 07:15:00,2026-07-13,07:15:00,7,Slot_22,Zone_B,1,Busy
2026-07-13 07:15:00,2026-07-13,07:15:00,7,Slot_23,Zone_B,0,Free
2026-07-13 07:15:00,2026-07-13,07:15:00,7,Slot_24,Zone_B,0,Free
2026-07-13 07:15:00,2026-07-13,07:15:00,7,Slot_25,Zone_B,1,Busy
2026-07-13 07:15:00,2026-07-13,07:15:00,7,Slot_26,Zone_B,0,Free
2026-07-13 07:15:00,2026-07-13,07:15:00,7,Slot_27,Zone_B,0,Free
2026-07-13 07:15:00,2026-07-13,07:15:00,7,Slot_28,Zone_B,1,Busy
2026-07-13 07:15:00,2026-07-13,07:15:00,7,Slot_29,Zone_B,1,Busy
2026-07-13 07:15:00,2026-07-13,07:15:00,7,Slot_30,Zone_B,0,Free
2026-07-13 07:15:00,2026-07-13,07:15:00,7,Slot_31,Zone_C,1,Busy
2026-07-13 07:15:00,2026-07-13,07:15:00,7,Slot_32,Zone_C,0,Free
2026-07-13 07:15:00,2026-07-13,07:15:00,7,Slot_33,Zone_C,1,Busy
2026-07-13 07:15:00,2026-07-13,07:15:00,7,Slot_34,Zone_C,0,Free
2026-07-13 07:15:00,2026-07-13,07:15:00,7,Slot_35,Zone_C,1,Busy
2026-07-13 07:15:00,2026-07-13,07:15:00,7,Slot_36,Zone_C,0,Free
2026-07-13 07:15:00,2026-07-13,07:15:00,7,Slot_37,Zone_C,0,Free
2026-07-13 07:15:00,2026-07-13,07:15:00,7,Slot_38,Zone_C,0,Free
2026-07-13 07:15:00,2026-07-13,07:15:00,7,Slot_39,Zone_C,0,Free
2026-07-13 07:15:00,2026-07-13,07:15:00,7,Slot_40,Zone_C,1,Busy
2026-07-13 07:30:00,2026-07-13,07:30:00,7,Slot_01,Zone_A,0,Free
2026-07-13 07:30:00,2026-07-13,07:30:00,7,Slot_02,Zone_A,1,Busy
2026-07-13 07:30:00,2026-07-13,07:30:00,7,Slot_03,Zone_A,1,Busy
2026-07-13 07:30:00,2026-07-13,07:30:00,7,Slot_04,Zone_A,1,Busy
2026-07-13 07:30:00,2026-07-13,07:30:00,7,Slot_05,Zone_A,1,Busy
2026-07-13 07:30:00,2026-07-13,07:30:00,7,Slot_06,Zone_A,0,Free
2026-07-13 07:30:00,2026-07-13,07:30:00,7,Slot_07,Zone_A,0,Free
2026-07-13 07:30:00,2026-07-13,07:30:00,7,Slot_08,Zone_A,1,Busy
2026-07-13 07:30:00,2026-07-13,07:30:00,7,Slot_09,Zone_A,1,Busy
2026-07-13 07:30:00,2026-07-13,07:30:00,7,Slot_10,Zone_A,0,Free
2026-07-13 07:30:00,2026-07-13,07:30:00,7,Slot_11,Zone_A,1,Busy
2026-07-13 07:30:00,2026-07-13,07:30:00,7,Slot_12,Zone_A,1,Busy
2026-07-13 07:30:00,2026-07-13,07:30:00,7,Slot_13,Zone_A,1,Busy
2026-07-13 07:30:00,2026-07-13,07:30:00,7,Slot_14,Zone_A,0,Free
2026-07-13 07:30:00,2026-07-13,07:30:00,7,Slot_15,Zone_A,0,Free
2026-07-13 07:30:00,2026-07-13,07:30:00,7,Slot_16,Zone_B,1,Busy
2026-07-13 07:30:00,2026-07-13,07:30:00,7,Slot_17,Zone_B,1,Busy
2026-07-13 07:30:00,2026-07-13,07:30:00,7,Slot_18,Zone_B,0,Free
2026-07-13 07:30:00,2026-07-13,07:30:00,7,Slot_19,Zone_B,0,Free
2026-07-13 07:30:00,2026-07-13,07:30:00,7,Slot_20,Zone_B,1,Busy
2026-07-13 07:30:00,2026-07-13,07:30:00,7,Slot_21,Zone_B,0,Free
2026-07-13 07:30:00,2026-07-13,07:30:00,7,Slot_22,Zone_B,1,Busy
2026-07-13 07:30:00,2026-07-13,07:30:00,7,Slot_23,Zone_B,1,Busy
2026-07-13 07:30:00,2026-07-13,07:30:00,7,Slot_24,Zone_B,0,Free
2026-07-13 07:30:00,2026-07-13,07:30:00,7,Slot_25,Zone_B,1,Busy
2026-07-13 07:30:00,2026-07-13,07:30:00,7,Slot_26,Zone_B,0,Free
2026-07-13 07:30:00,2026-07-13,07:30:00,7,Slot_27,Zone_B,1,Busy
2026-07-13 07:30:00,2026-07-13,07:30:00,7,Slot_28,Zone_B,1,Busy
2026-07-13 07:30:00,2026-07-13,07:30:00,7,Slot_29,Zone_B,0,Free
2026-07-13 07:30:00,2026-07-13,07:30:00,7,Slot_30,Zone_B,1,Busy
2026-07-13 07:30:00,2026-07-13,07:30:00,7,Slot_31,Zone_C,0,Free
2026-07-13 07:30:00,2026-07-13,07:30:00,7,Slot_32,Zone_C,1,Busy
2026-07-13 07:30:00,2026-07-13,07:30:00,7,Slot_33,Zone_C,1,Busy
2026-07-13 07:30:00,2026-07-13,07:30:00,7,Slot_34,Zone_C,1,Busy
2026-07-13 07:30:00,2026-07-13,07:30:00,7,Slot_35,Zone_C,0,Free
2026-07-13 07:30:00,2026-07-13,07:30:00,7,Slot_36,Zone_C,0,Free
2026-07-13 07:30:00,2026-07-13,07:30:00,7,Slot_37,Zone_C,0,Free
2026-07-13 07:30:00,2026-07-13,07:30:00,7,Slot_38,Zone_C,0,Free
2026-07-13 07:30:00,2026-07-13,07:30:00,7,Slot_39,Zone_C,0,Free
2026-07-13 07:30:00,2026-07-13,07:30:00,7,Slot_40,Zone_C,1,Busy
2026-07-13 07:45:00,2026-07-13,07:45:00,7,Slot_01,Zone_A,0,Free
2026-07-13 07:45:00,2026-07-13,07:45:00,7,Slot_02,Zone_A,0,Free
2026-07-13 07:45:00,2026-07-13,07:45:00,7,Slot_03,Zone_A,0,Free
2026-07-13 07:45:00,2026-07-13,07:45:00,7,Slot_04,Zone_A,0,Free
2026-07-13 07:45:00,2026-07-13,07:45:00,7,Slot_05,Zone_A,0,Free
2026-07-13 07:45:00,2026-07-13,07:45:00,7,Slot_06,Zone_A,0,Free
2026-07-13 07:45:00,2026-07-13,07:45:00,7,Slot_07,Zone_A,1,Busy
2026-07-13 07:45:00,2026-07-13,07:45:00,7,Slot_08,Zone_A,1,Busy
2026-07-13 07:45:00,2026-07-13,07:45:00,7,Slot_09,Zone_A,0,Free
2026-07-13 07:45:00,2026-07-13,07:45:00,7,Slot_10,Zone_A,0,Free
2026-07-13 07:45:00,2026-07-13,07:45:00,7,Slot_11,Zone_A,0,Free
2026-07-13 07:45:00,2026-07-13,07:45:00,7,Slot_12,Zone_A,1,Busy
2026-07-13 07:45:00,2026-07-13,07:45:00,7,Slot_13,Zone_A,1,Busy
2026-07-13 07:45:00,2026-07-13,07:45:00,7,Slot_14,Zone_A,1,Busy
2026-07-13 07:45:00,2026-07-13,07:45:00,7,Slot_15,Zone_A,0,Free
2026-07-13 07:45:00,2026-07-13,07:45:00,7,Slot_16,Zone_B,1,Busy
2026-07-13 07:45:00,2026-07-13,07:45:00,7,Slot_17,Zone_B,1,Busy
2026-07-13 07:45:00,2026-07-13,07:45:00,7,Slot_18,Zone_B,0,Free
2026-07-13 07:45:00,2026-07-13,07:45:00,7,Slot_19,Zone_B,1,Busy
2026-07-13 07:45:00,2026-07-13,07:45:00,7,Slot_20,Zone_B,0,Free
2026-07-13 07:45:00,2026-07-13,07:45:00,7,Slot_21,Zone_B,1,Busy
2026-07-13 07:45:00,2026-07-13,07:45:00,7,Slot_22,Zone_B,0,Free
2026-07-13 07:45:00,2026-07-13,07:45:00,7,Slot_23,Zone_B,1,Busy
2026-07-13 07:45:00,2026-07-13,07:45:00,7,Slot_24,Zone_B,0,Free
2026-07-13 07:45:00,2026-07-13,07:45:00,7,Slot_25,Zone_B,1,Busy
2026-07-13 07:45:00,2026-07-13,07:45:00,7,Slot_26,Zone_B,1,Busy
2026-07-13 07:45:00,2026-07-13,07:45:00,7,Slot_27,Zone_B,1,Busy
2026-07-13 07:45:00,2026-07-13,07:45:00,7,Slot_28,Zone_B,0,Free
2026-07-13 07:45:00,2026-07-13,07:45:00,7,Slot_29,Zone_B,0,Free
2026-07-13 07:45:00,2026-07-13,07:45:00,7,Slot_30,Zone_B,1,Busy
2026-07-13 07:45:00,2026-07-13,07:45:00,7,Slot_31,Zone_C,0,Free
2026-07-13 07:45:00,2026-07-13,07:45:00,7,Slot_32,Zone_C,0,Free
2026-07-13 07:45:00,2026-07-13,07:45:00,7,Slot_33,Zone_C,0,Free
2026-07-13 07:45:00,2026-07-13,07:45:00,7,Slot_34,Zone_C,1,Busy
2026-07-13 07:45:00,2026-07-13,07:45:00,7,Slot_35,Zone_C,0,Free
2026-07-13 07:45:00,2026-07-13,07:45:00,7,Slot_36,Zone_C,1,Busy
2026-07-13 07:45:00,2026-07-13,07:45:00,7,Slot_37,Zone_C,1,Busy
2026-07-13 07:45:00,2026-07-13,07:45:00,7,Slot_38,Zone_C,0,Free
2026-07-13 07:45:00,2026-07-13,07:45:00,7,Slot_39,Zone_C,1,Busy
2026-07-13 07:45:00,2026-07-13,07:45:00,7,Slot_40,Zone_C,0,Free
2026-07-13 08:00:00,2026-07-13,08:00:00,8,Slot_01,Zone_A,1,Busy
2026-07-13 08:00:00,2026-07-13,08:00:00,8,Slot_02,Zone_A,1,Busy
2026-07-13 08:00:00,2026-07-13,08:00:00,8,Slot_03,Zone_A,1,Busy
2026-07-13 08:00:00,2026-07-13,08:00:00,8,Slot_04,Zone_A,1,Busy
2026-07-13 08:00:00,2026-07-13,08:00:00,8,Slot_05,Zone_A,1,Busy
2026-07-13 08:00:00,2026-07-13,08:00:00,8,Slot_06,Zone_A,1,Busy
2026-07-13 08:00:00,2026-07-13,08:00:00,8,Slot_07,Zone_A,1,Busy
2026-07-13 08:00:00,2026-07-13,08:00:00,8,Slot_08,Zone_A,1,Busy
2026-07-13 08:00:00,2026-07-13,08:00:00,8,Slot_09,Zone_A,1,Busy
2026-07-13 08:00:00,2026-07-13,08:00:00,8,Slot_10,Zone_A,1,Busy
2026-07-13 08:00:00,2026-07-13,08:00:00,8,Slot_11,Zone_A,1,Busy
2026-07-13 08:00:00,2026-07-13,08:00:00,8,Slot_12,Zone_A,1,Busy
2026-07-13 08:00:00,2026-07-13,08:00:00,8,Slot_13,Zone_A,1,Busy
2026-07-13 08:00:00,2026-07-13,08:00:00,8,Slot_14,Zone_A,1,Busy
2026-07-13 08:00:00,2026-07-13,08:00:00,8,Slot_15,Zone_A,1,Busy
2026-07-13 08:00:00,2026-07-13,08:00:00,8,Slot_16,Zone_B,1,Busy
2026-07-13 08:00:00,2026-07-13,08:00:00,8,Slot_17,Zone_B,1,Busy
2026-07-13 08:00:00,2026-07-13,08:00:00,8,Slot_18,Zone_B,1,Busy
2026-07-13 08:00:00,2026-07-13,08:00:00,8,Slot_19,Zone_B,1,Busy
2026-07-13 08:00:00,2026-07-13,08:00:00,8,Slot_20,Zone_B,1,Busy
2026-07-13 08:00:00,2026-07-13,08:00:00,8,Slot_21,Zone_B,1,Busy
2026-07-13 08:00:00,2026-07-13,08:00:00,8,Slot_22,Zone_B,0,Free
2026-07-13 08:00:00,2026-07-13,08:00:00,8,Slot_23,Zone_B,1,Busy
2026-07-13 08:00:00,2026-07-13,08:00:00,8,Slot_24,Zone_B,1,Busy
2026-07-13 08:00:00,2026-07-13,08:00:00,8,Slot_25,Zone_B,1,Busy
2026-07-13 08:00:00,2026-07-13,08:00:00,8,Slot_26,Zone_B,0,Free
2026-07-13 08:00:00,2026-07-13,08:00:00,8,Slot_27,Zone_B,1,Busy
2026-07-13 08:00:00,2026-07-13,08:00:00,8,Slot_28,Zone_B,1,Busy
2026-07-13 08:00:00,2026-07-13,08:00:00,8,Slot_29,Zone_B,1,Busy
2026-07-13 08:00:00,2026-07-13,08:00:00,8,Slot_30,Zone_B,1,Busy
2026-07-13 08:00:00,2026-07-13,08:00:00,8,Slot_31,Zone_C,1,Busy
2026-07-13 08:00:00,2026-07-13,08:00:00,8,Slot_32,Zone_C,0,Free
2026-07-13 08:00:00,2026-07-13,08:00:00,8,Slot_33,Zone_C,1,Busy
2026-07-13 08:00:00,2026-07-13,08:00:00,8,Slot_34,Zone_C,0,Free
2026-07-13 08:00:00,2026-07-13,08:00:00,8,Slot_35,Zone_C,1,Busy
2026-07-13 08:00:00,2026-07-13,08:00:00,8,Slot_36,Zone_C,1,Busy
2026-07-13 08:00:00,2026-07-13,08:00:00,8,Slot_37,Zone_C,1,Busy
2026-07-13 08:00:00,2026-07-13,08:00:00,8,Slot_38,Zone_C,1,Busy
2026-07-13 08:00:00,2026-07-13,08:00:00,8,Slot_39,Zone_C,1,Busy
2026-07-13 08:00:00,2026-07-13,08:00:00,8,Slot_40,Zone_C,1,Busy
2026-07-13 08:15:00,2026-07-13,08:15:00,8,Slot_01,Zone_A,1,Busy
2026-07-13 08:15:00,2026-07-13,08:15:00,8,Slot_02,Zone_A,1,Busy
2026-07-13 08:15:00,2026-07-13,08:15:00,8,Slot_03,Zone_A,1,Busy
2026-07-13 08:15:00,2026-07-13,08:15:00,8,Slot_04,Zone_A,1,Busy
2026-07-13 08:15:00,2026-07-13,08:15:00,8,Slot_05,Zone_A,0,Free
2026-07-13 08:15:00,2026-07-13,08:15:00,8,Slot_06,Zone_A,1,Busy
2026-07-13 08:15:00,2026-07-13,08:15:00,8,Slot_07,Zone_A,1,Busy
2026-07-13 08:15:00,2026-07-13,08:15:00,8,Slot_08,Zone_A,1,Busy
2026-07-13 08:15:00,2026-07-13,08:15:00,8,Slot_09,Zone_A,1,Busy
2026-07-13 08:15:00,2026-07-13,08:15:00,8,Slot_10,Zone_A,1,Busy
2026-07-13 08:15:00,2026-07-13,08:15:00,8,Slot_11,Zone_A,1,Busy
2026-07-13 08:15:00,2026-07-13,08:15:00,8,Slot_12,Zone_A,1,Busy
2026-07-13 08:15:00,2026-07-13,08:15:00,8,Slot_13,Zone_A,1,Busy
2026-07-13 08:15:00,2026-07-13,08:15:00,8,Slot_14,Zone_A,0,Free
2026-07-13 08:15:00,2026-07-13,08:15:00,8,Slot_15,Zone_A,0,Free
2026-07-13 08:15:00,2026-07-13,08:15:00,8,Slot_16,Zone_B,1,Busy
2026-07-13 08:15:00,2026-07-13,08:15:00,8,Slot_17,Zone_B,1,Busy
2026-07-13 08:15:00,2026-07-13,08:15:00,8,Slot_18,Zone_B,1,Busy
2026-07-13 08:15:00,2026-07-13,08:15:00,8,Slot_19,Zone_B,1,Busy
2026-07-13 08:15:00,2026-07-13,08:15:00,8,Slot_20,Zone_B,1,Busy
2026-07-13 08:15:00,2026-07-13,08:15:00,8,Slot_21,Zone_B,1,Busy
2026-07-13 08:15:00,2026-07-13,08:15:00,8,Slot_22,Zone_B,1,Busy
2026-07-13 08:15:00,2026-07-13,08:15:00,8,Slot_23,Zone_B,0,Free
2026-07-13 08:15:00,2026-07-13,08:15:00,8,Slot_24,Zone_B,1,Busy
2026-07-13 08:15:00,2026-07-13,08:15:00,8,Slot_25,Zone_B,1,Busy
2026-07-13 08:15:00,2026-07-13,08:15:00,8,Slot_26,Zone_B,1,Busy
2026-07-13 08:15:00,2026-07-13,08:15:00,8,Slot_27,Zone_B,1,Busy
2026-07-13 08:15:00,2026-07-13,08:15:00,8,Slot_28,Zone_B,1,Busy
2026-07-13 08:15:00,2026-07-13,08:15:00,8,Slot_29,Zone_B,0,Free
2026-07-13 08:15:00,2026-07-13,08:15:00,8,Slot_30,Zone_B,1,Busy
2026-07-13 08:15:00,2026-07-13,08:15:00,8,Slot_31,Zone_C,0,Free
2026-07-13 08:15:00,2026-07-13,08:15:00,8,Slot_32,Zone_C,1,Busy
2026-07-13 08:15:00,2026-07-13,08:15:00,8,Slot_33,Zone_C,1,Busy
2026-07-13 08:15:00,2026-07-13,08:15:00,8,Slot_34,Zone_C,1,Busy
2026-07-13 08:15:00,2026-07-13,08:15:00,8,Slot_35,Zone_C,1,Busy
2026-07-13 08:15:00,2026-07-13,08:15:00,8,Slot_36,Zone_C,0,Free
2026-07-13 08:15:00,2026-07-13,08:15:00,8,Slot_37,Zone_C,0,Free
2026-07-13 08:15:00,2026-07-13,08:15:00,8,Slot_38,Zone_C,1,Busy
2026-07-13 08:15:00,2026-07-13,08:15:00,8,Slot_39,Zone_C,1,Busy
2026-07-13 08:15:00,2026-07-13,08:15:00,8,Slot_40,Zone_C,1,Busy
2026-07-13 08:30:00,2026-07-13,08:30:00,8,Slot_01,Zone_A,1,Busy
2026-07-13 08:30:00,2026-07-13,08:30:00,8,Slot_02,Zone_A,1,Busy
2026-07-13 08:30:00,2026-07-13,08:30:00,8,Slot_03,Zone_A,1,Busy
2026-07-13 08:30:00,2026-07-13,08:30:00,8,Slot_04,Zone_A,1,Busy
2026-07-13 08:30:00,2026-07-13,08:30:00,8,Slot_05,Zone_A,1,Busy
2026-07-13 08:30:00,2026-07-13,08:30:00,8,Slot_06,Zone_A,1,Busy
2026-07-13 08:30:00,2026-07-13,08:30:00,8,Slot_07,Zone_A,1,Busy
2026-07-13 08:30:00,2026-07-13,08:30:00,8,Slot_08,Zone_A,1,Busy
2026-07-13 08:30:00,2026-07-13,08:30:00,8,Slot_09,Zone_A,1,Busy
2026-07-13 08:30:00,2026-07-13,08:30:00,8,Slot_10,Zone_A,1,Busy
2026-07-13 08:30:00,2026-07-13,08:30:00,8,Slot_11,Zone_A,0,Free
2026-07-13 08:30:00,2026-07-13,08:30:00,8,Slot_12,Zone_A,1,Busy
2026-07-13 08:30:00,2026-07-13,08:30:00,8,Slot_13,Zone_A,1,Busy
2026-07-13 08:30:00,2026-07-13,08:30:00,8,Slot_14,Zone_A,1,Busy
2026-07-13 08:30:00,2026-07-13,08:30:00,8,Slot_15,Zone_A,1,Busy
2026-07-13 08:30:00,2026-07-13,08:30:00,8,Slot_16,Zone_B,0,Free
2026-07-13 08:30:00,2026-07-13,08:30:00,8,Slot_17,Zone_B,1,Busy
2026-07-13 08:30:00,2026-07-13,08:30:00,8,Slot_18,Zone_B,1,Busy
2026-07-13 08:30:00,2026-07-13,08:30:00,8,Slot_19,Zone_B,1,Busy
2026-07-13 08:30:00,2026-07-13,08:30:00,8,Slot_20,Zone_B,1,Busy
2026-07-13 08:30:00,2026-07-13,08:30:00,8,Slot_21,Zone_B,1,Busy
2026-07-13 08:30:00,2026-07-13,08:30:00,8,Slot_22,Zone_B,1,Busy
2026-07-13 08:30:00,2026-07-13,08:30:00,8,Slot_23,Zone_B,0,Free
2026-07-13 08:30:00,2026-07-13,08:30:00,8,Slot_24,Zone_B,1,Busy
2026-07-13 08:30:00,2026-07-13,08:30:00,8,Slot_25,Zone_B,1,Busy
2026-07-13 08:30:00,2026-07-13,08:30:00,8,Slot_26,Zone_B,1,Busy
2026-07-13 08:30:00,2026-07-13,08:30:00,8,Slot_27,Zone_B,1,Busy
2026-07-13 08:30:00,2026-07-13,08:30:00,8,Slot_28,Zone_B,1,Busy
2026-07-13 08:30:00,2026-07-13,08:30:00,8,Slot_29,Zone_B,0,Free
2026-07-13 08:30:00,2026-07-13,08:30:00,8,Slot_30,Zone_B,1,Busy
2026-07-13 08:30:00,2026-07-13,08:30:00,8,Slot_31,Zone_C,1,Busy
2026-07-13 08:30:00,2026-07-13,08:30:00,8,Slot_32,Zone_C,1,Busy
2026-07-13 08:30:00,2026-07-13,08:30:00,8,Slot_33,Zone_C,1,Busy
2026-07-13 08:30:00,2026-07-13,08:30:00,8,Slot_34,Zone_C,1,Busy
2026-07-13 08:30:00,2026-07-13,08:30:00,8,Slot_35,Zone_C,1,Busy
2026-07-13 08:30:00,2026-07-13,08:30:00,8,Slot_36,Zone_C,0,Free
2026-07-13 08:30:00,2026-07-13,08:30:00,8,Slot_37,Zone_C,1,Busy
2026-07-13 08:30:00,2026-07-13,08:30:00,8,Slot_38,Zone_C,1,Busy
2026-07-13 08:30:00,2026-07-13,08:30:00,8,Slot_39,Zone_C,1,Busy
2026-07-13 08:30:00,2026-07-13,08:30:00,8,Slot_40,Zone_C,1,Busy
2026-07-13 08:45:00,2026-07-13,08:45:00,8,Slot_01,Zone_A,1,Busy
2026-07-13 08:45:00,2026-07-13,08:45:00,8,Slot_02,Zone_A,1,Busy
2026-07-13 08:45:00,2026-07-13,08:45:00,8,Slot_03,Zone_A,1,Busy
2026-07-13 08:45:00,2026-07-13,08:45:00,8,Slot_04,Zone_A,1,Busy
2026-07-13 08:45:00,2026-07-13,08:45:00,8,Slot_05,Zone_A,1,Busy
2026-07-13 08:45:00,2026-07-13,08:45:00,8,Slot_06,Zone_A,1,Busy
2026-07-13 08:45:00,2026-07-13,08:45:00,8,Slot_07,Zone_A,1,Busy
2026-07-13 08:45:00,2026-07-13,08:45:00,8,Slot_08,Zone_A,1,Busy
2026-07-13 08:45:00,2026-07-13,08:45:00,8,Slot_09,Zone_A,1,Busy
2026-07-13 08:45:00,2026-07-13,08:45:00,8,Slot_10,Zone_A,1,Busy
2026-07-13 08:45:00,2026-07-13,08:45:00,8,Slot_11,Zone_A,1,Busy
2026-07-13 08:45:00,2026-07-13,08:45:00,8,Slot_12,Zone_A,1,Busy
2026-07-13 08:45:00,2026-07-13,08:45:00,8,Slot_13,Zone_A,1,Busy
2026-07-13 08:45:00,2026-07-13,08:45:00,8,Slot_14,Zone_A,1,Busy
2026-07-13 08:45:00,2026-07-13,08:45:00,8,Slot_15,Zone_A,1,Busy
2026-07-13 08:45:00,2026-07-13,08:45:00,8,Slot_16,Zone_B,0,Free
2026-07-13 08:45:00,2026-07-13,08:45:00,8,Slot_17,Zone_B,1,Busy
2026-07-13 08:45:00,2026-07-13,08:45:00,8,Slot_18,Zone_B,1,Busy
2026-07-13 08:45:00,2026-07-13,08:45:00,8,Slot_19,Zone_B,1,Busy
2026-07-13 08:45:00,2026-07-13,08:45:00,8,Slot_20,Zone_B,0,Free
2026-07-13 08:45:00,2026-07-13,08:45:00,8,Slot_21,Zone_B,1,Busy
2026-07-13 08:45:00,2026-07-13,08:45:00,8,Slot_22,Zone_B,1,Busy
2026-07-13 08:45:00,2026-07-13,08:45:00,8,Slot_23,Zone_B,1,Busy
2026-07-13 08:45:00,2026-07-13,08:45:00,8,Slot_24,Zone_B,1,Busy
2026-07-13 08:45:00,2026-07-13,08:45:00,8,Slot_25,Zone_B,0,Free
2026-07-13 08:45:00,2026-07-13,08:45:00,8,Slot_26,Zone_B,0,Free
2026-07-13 08:45:00,2026-07-13,08:45:00,8,Slot_27,Zone_B,1,Busy
2026-07-13 08:45:00,2026-07-13,08:45:00,8,Slot_28,Zone_B,0,Free
2026-07-13 08:45:00,2026-07-13,08:45:00,8,Slot_29,Zone_B,1,Busy
2026-07-13 08:45:00,2026-07-13,08:45:00,8,Slot_30,Zone_B,0,Free
2026-07-13 08:45:00,2026-07-13,08:45:00,8,Slot_31,Zone_C,1,Busy
2026-07-13 08:45:00,2026-07-13,08:45:00,8,Slot_32,Zone_C,1,Busy
2026-07-13 08:45:00,2026-07-13,08:45:00,8,Slot_33,Zone_C,1,Busy
2026-07-13 08:45:00,2026-07-13,08:45:00,8,Slot_34,Zone_C,1,Busy
2026-07-13 08:45:00,2026-07-13,08:45:00,8,Slot_35,Zone_C,1,Busy
2026-07-13 08:45:00,2026-07-13,08:45:00,8,Slot_36,Zone_C,1,Busy
2026-07-13 08:45:00,2026-07-13,08:45:00,8,Slot_37,Zone_C,1,Busy
2026-07-13 08:45:00,2026-07-13,08:45:00,8,Slot_38,Zone_C,1,Busy
2026-07-13 08:45:00,2026-07-13,08:45:00,8,Slot_39,Zone_C,1,Busy
2026-07-13 08:45:00,2026-07-13,08:45:00,8,Slot_40,Zone_C,1,Busy
2026-07-13 09:00:00,2026-07-13,09:00:00,9,Slot_01,Zone_A,0,Free
2026-07-13 09:00:00,2026-07-13,09:00:00,9,Slot_02,Zone_A,1,Busy
2026-07-13 09:00:00,2026-07-13,09:00:00,9,Slot_03,Zone_A,1,Busy
2026-07-13 09:00:00,2026-07-13,09:00:00,9,Slot_04,Zone_A,1,Busy
2026-07-13 09:00:00,2026-07-13,09:00:00,9,Slot_05,Zone_A,1,Busy
2026-07-13 09:00:00,2026-07-13,09:00:00,9,Slot_06,Zone_A,1,Busy
2026-07-13 09:00:00,2026-07-13,09:00:00,9,Slot_07,Zone_A,1,Busy
2026-07-13 09:00:00,2026-07-13,09:00:00,9,Slot_08,Zone_A,1,Busy
2026-07-13 09:00:00,2026-07-13,09:00:00,9,Slot_09,Zone_A,1,Busy
2026-07-13 09:00:00,2026-07-13,09:00:00,9,Slot_10,Zone_A,1,Busy
2026-07-13 09:00:00,2026-07-13,09:00:00,9,Slot_11,Zone_A,1,Busy
2026-07-13 09:00:00,2026-07-13,09:00:00,9,Slot_12,Zone_A,1,Busy
2026-07-13 09:00:00,2026-07-13,09:00:00,9,Slot_13,Zone_A,1,Busy
2026-07-13 09:00:00,2026-07-13,09:00:00,9,Slot_14,Zone_A,1,Busy
2026-07-13 09:00:00,2026-07-13,09:00:00,9,Slot_15,Zone_A,1,Busy
2026-07-13 09:00:00,2026-07-13,09:00:00,9,Slot_16,Zone_B,0,Free
2026-07-13 09:00:00,2026-07-13,09:00:00,9,Slot_17,Zone_B,1,Busy
2026-07-13 09:00:00,2026-07-13,09:00:00,9,Slot_18,Zone_B,1,Busy
2026-07-13 09:00:00,2026-07-13,09:00:00,9,Slot_19,Zone_B,1,Busy
2026-07-13 09:00:00,2026-07-13,09:00:00,9,Slot_20,Zone_B,1,Busy
2026-07-13 09:00:00,2026-07-13,09:00:00,9,Slot_21,Zone_B,1,Busy
2026-07-13 09:00:00,2026-07-13,09:00:00,9,Slot_22,Zone_B,1,Busy
2026-07-13 09:00:00,2026-07-13,09:00:00,9,Slot_23,Zone_B,1,Busy
2026-07-13 09:00:00,2026-07-13,09:00:00,9,Slot_24,Zone_B,1,Busy
2026-07-13 09:00:00,2026-07-13,09:00:00,9,Slot_25,Zone_B,0,Free
2026-07-13 09:00:00,2026-07-13,09:00:00,9,Slot_26,Zone_B,1,Busy
2026-07-13 09:00:00,2026-07-13,09:00:00,9,Slot_27,Zone_B,0,Free
2026-07-13 09:00:00,2026-07-13,09:00:00,9,Slot_28,Zone_B,1,Busy
2026-07-13 09:00:00,2026-07-13,09:00:00,9,Slot_29,Zone_B,0,Free
2026-07-13 09:00:00,2026-07-13,09:00:00,9,Slot_30,Zone_B,1,Busy
2026-07-13 09:00:00,2026-07-13,09:00:00,9,Slot_31,Zone_C,1,Busy
2026-07-13 09:00:00,2026-07-13,09:00:00,9,Slot_32,Zone_C,1,Busy
2026-07-13 09:00:00,2026-07-13,09:00:00,9,Slot_33,Zone_C,0,Free
2026-07-13 09:00:00,2026-07-13,09:00:00,9,Slot_34,Zone_C,1,Busy
2026-07-13 09:00:00,2026-07-13,09:00:00,9,Slot_35,Zone_C,1,Busy
2026-07-13 09:00:00,2026-07-13,09:00:00,9,Slot_36,Zone_C,1,Busy
2026-07-13 09:00:00,2026-07-13,09:00:00,9,Slot_37,Zone_C,0,Free
2026-07-13 09:00:00,2026-07-13,09:00:00,9,Slot_38,Zone_C,0,Free
2026-07-13 09:00:00,2026-07-13,09:00:00,9,Slot_39,Zone_C,0,Free
2026-07-13 09:00:00,2026-07-13,09:00:00,9,Slot_40,Zone_C,1,Busy
2026-07-13 09:15:00,2026-07-13,09:15:00,9,Slot_01,Zone_A,1,Busy
2026-07-13 09:15:00,2026-07-13,09:15:00,9,Slot_02,Zone_A,1,Busy
2026-07-13 09:15:00,2026-07-13,09:15:00,9,Slot_03,Zone_A,1,Busy
2026-07-13 09:15:00,2026-07-13,09:15:00,9,Slot_04,Zone_A,1,Busy
2026-07-13 09:15:00,2026-07-13,09:15:00,9,Slot_05,Zone_A,1,Busy
2026-07-13 09:15:00,2026-07-13,09:15:00,9,Slot_06,Zone_A,1,Busy
2026-07-13 09:15:00,2026-07-13,09:15:00,9,Slot_07,Zone_A,1,Busy
2026-07-13 09:15:00,2026-07-13,09:15:00,9,Slot_08,Zone_A,1,Busy
2026-07-13 09:15:00,2026-07-13,09:15:00,9,Slot_09,Zone_A,1,Busy
2026-07-13 09:15:00,2026-07-13,09:15:00,9,Slot_10,Zone_A,1,Busy
2026-07-13 09:15:00,2026-07-13,09:15:00,9,Slot_11,Zone_A,1,Busy
2026-07-13 09:15:00,2026-07-13,09:15:00,9,Slot_12,Zone_A,1,Busy
2026-07-13 09:15:00,2026-07-13,09:15:00,9,Slot_13,Zone_A,1,Busy
2026-07-13 09:15:00,2026-07-13,09:15:00,9,Slot_14,Zone_A,1,Busy
2026-07-13 09:15:00,2026-07-13,09:15:00,9,Slot_15,Zone_A,1,Busy
2026-07-13 09:15:00,2026-07-13,09:15:00,9,Slot_16,Zone_B,1,Busy
2026-07-13 09:15:00,2026-07-13,09:15:00,9,Slot_17,Zone_B,1,Busy
2026-07-13 09:15:00,2026-07-13,09:15:00,9,Slot_18,Zone_B,1,Busy
2026-07-13 09:15:00,2026-07-13,09:15:00,9,Slot_19,Zone_B,1,Busy
2026-07-13 09:15:00,2026-07-13,09:15:00,9,Slot_20,Zone_B,0,Free
2026-07-13 09:15:00,2026-07-13,09:15:00,9,Slot_21,Zone_B,1,Busy
2026-07-13 09:15:00,2026-07-13,09:15:00,9,Slot_22,Zone_B,1,Busy
2026-07-13 09:15:00,2026-07-13,09:15:00,9,Slot_23,Zone_B,1,Busy
2026-07-13 09:15:00,2026-07-13,09:15:00,9,Slot_24,Zone_B,1,Busy
2026-07-13 09:15:00,2026-07-13,09:15:00,9,Slot_25,Zone_B,1,Busy
2026-07-13 09:15:00,2026-07-13,09:15:00,9,Slot_26,Zone_B,1,Busy
2026-07-13 09:15:00,2026-07-13,09:15:00,9,Slot_27,Zone_B,1,Busy
2026-07-13 09:15:00,2026-07-13,09:15:00,9,Slot_28,Zone_B,1,Busy
2026-07-13 09:15:00,2026-07-13,09:15:00,9,Slot_29,Zone_B,1,Busy
2026-07-13 09:15:00,2026-07-13,09:15:00,9,Slot_30,Zone_B,1,Busy
2026-07-13 09:15:00,2026-07-13,09:15:00,9,Slot_31,Zone_C,0,Free
2026-07-13 09:15:00,2026-07-13,09:15:00,9,Slot_32,Zone_C,1,Busy
2026-07-13 09:15:00,2026-07-13,09:15:00,9,Slot_33,Zone_C,0,Free
2026-07-13 09:15:00,2026-07-13,09:15:00,9,Slot_34,Zone_C,1,Busy
2026-07-13 09:15:00,2026-07-13,09:15:00,9,Slot_35,Zone_C,1,Busy
2026-07-13 09:15:00,2026-07-13,09:15:00,9,Slot_36,Zone_C,1,Busy
2026-07-13 09:15:00,2026-07-13,09:15:00,9,Slot_37,Zone_C,1,Busy
2026-07-13 09:15:00,2026-07-13,09:15:00,9,Slot_38,Zone_C,0,Free
2026-07-13 09:15:00,2026-07-13,09:15:00,9,Slot_39,Zone_C,1,Busy
2026-07-13 09:15:00,2026-07-13,09:15:00,9,Slot_40,Zone_C,0,Free
2026-07-13 09:30:00,2026-07-13,09:30:00,9,Slot_01,Zone_A,1,Busy
2026-07-13 09:30:00,2026-07-13,09:30:00,9,Slot_02,Zone_A,1,Busy
2026-07-13 09:30:00,2026-07-13,09:30:00,9,Slot_03,Zone_A,1,Busy
2026-07-13 09:30:00,2026-07-13,09:30:00,9,Slot_04,Zone_A,1,Busy
2026-07-13 09:30:00,2026-07-13,09:30:00,9,Slot_05,Zone_A,1,Busy
2026-07-13 09:30:00,2026-07-13,09:30:00,9,Slot_06,Zone_A,1,Busy
2026-07-13 09:30:00,2026-07-13,09:30:00,9,Slot_07,Zone_A,1,Busy
2026-07-13 09:30:00,2026-07-13,09:30:00,9,Slot_08,Zone_A,1,Busy
2026-07-13 09:30:00,2026-07-13,09:30:00,9,Slot_09,Zone_A,1,Busy
2026-07-13 09:30:00,2026-07-13,09:30:00,9,Slot_10,Zone_A,1,Busy
2026-07-13 09:30:00,2026-07-13,09:30:00,9,Slot_11,Zone_A,1,Busy
2026-07-13 09:30:00,2026-07-13,09:30:00,9,Slot_12,Zone_A,1,Busy
2026-07-13 09:30:00,2026-07-13,09:30:00,9,Slot_13,Zone_A,1,Busy
2026-07-13 09:30:00,2026-07-13,09:30:00,9,Slot_14,Zone_A,1,Busy
2026-07-13 09:30:00,2026-07-13,09:30:00,9,Slot_15,Zone_A,1,Busy
2026-07-13 09:30:00,2026-07-13,09:30:00,9,Slot_16,Zone_B,1,Busy
2026-07-13 09:30:00,2026-07-13,09:30:00,9,Slot_17,Zone_B,1,Busy
2026-07-13 09:30:00,2026-07-13,09:30:00,9,Slot_18,Zone_B,1,Busy
2026-07-13 09:30:00,2026-07-13,09:30:00,9,Slot_19,Zone_B,1,Busy
2026-07-13 09:30:00,2026-07-13,09:30:00,9,Slot_20,Zone_B,1,Busy
2026-07-13 09:30:00,2026-07-13,09:30:00,9,Slot_21,Zone_B,1,Busy
2026-07-13 09:30:00,2026-07-13,09:30:00,9,Slot_22,Zone_B,1,Busy
2026-07-13 09:30:00,2026-07-13,09:30:00,9,Slot_23,Zone_B,1,Busy
2026-07-13 09:30:00,2026-07-13,09:30:00,9,Slot_24,Zone_B,1,Busy
2026-07-13 09:30:00,2026-07-13,09:30:00,9,Slot_25,Zone_B,0,Free
2026-07-13 09:30:00,2026-07-13,09:30:00,9,Slot_26,Zone_B,1,Busy
2026-07-13 09:30:00,2026-07-13,09:30:00,9,Slot_27,Zone_B,1,Busy
2026-07-13 09:30:00,2026-07-13,09:30:00,9,Slot_28,Zone_B,1,Busy
2026-07-13 09:30:00,2026-07-13,09:30:00,9,Slot_29,Zone_B,1,Busy
2026-07-13 09:30:00,2026-07-13,09:30:00,9,Slot_30,Zone_B,1,Busy
2026-07-13 09:30:00,2026-07-13,09:30:00,9,Slot_31,Zone_C,0,Free
2026-07-13 09:30:00,2026-07-13,09:30:00,9,Slot_32,Zone_C,1,Busy
2026-07-13 09:30:00,2026-07-13,09:30:00,9,Slot_33,Zone_C,0,Free
2026-07-13 09:30:00,2026-07-13,09:30:00,9,Slot_34,Zone_C,0,Free
2026-07-13 09:30:00,2026-07-13,09:30:00,9,Slot_35,Zone_C,1,Busy
2026-07-13 09:30:00,2026-07-13,09:30:00,9,Slot_36,Zone_C,1,Busy
2026-07-13 09:30:00,2026-07-13,09:30:00,9,Slot_37,Zone_C,1,Busy
2026-07-13 09:30:00,2026-07-13,09:30:00,9,Slot_38,Zone_C,1,Busy
2026-07-13 09:30:00,2026-07-13,09:30:00,9,Slot_39,Zone_C,0,Free
2026-07-13 09:30:00,2026-07-13,09:30:00,9,Slot_40,Zone_C,0,Free
2026-07-13 09:45:00,2026-07-13,09:45:00,9,Slot_01,Zone_A,1,Busy
2026-07-13 09:45:00,2026-07-13,09:45:00,9,Slot_02,Zone_A,1,Busy
2026-07-13 09:45:00,2026-07-13,09:45:00,9,Slot_03,Zone_A,1,Busy
2026-07-13 09:45:00,2026-07-13,09:45:00,9,Slot_04,Zone_A,1,Busy
2026-07-13 09:45:00,2026-07-13,09:45:00,9,Slot_05,Zone_A,1,Busy
2026-07-13 09:45:00,2026-07-13,09:45:00,9,Slot_06,Zone_A,1,Busy
2026-07-13 09:45:00,2026-07-13,09:45:00,9,Slot_07,Zone_A,1,Busy
2026-07-13 09:45:00,2026-07-13,09:45:00,9,Slot_08,Zone_A,1,Busy
2026-07-13 09:45:00,2026-07-13,09:45:00,9,Slot_09,Zone_A,1,Busy
2026-07-13 09:45:00,2026-07-13,09:45:00,9,Slot_10,Zone_A,1,Busy
2026-07-13 09:45:00,2026-07-13,09:45:00,9,Slot_11,Zone_A,1,Busy
2026-07-13 09:45:00,2026-07-13,09:45:00,9,Slot_12,Zone_A,1,Busy
2026-07-13 09:45:00,2026-07-13,09:45:00,9,Slot_13,Zone_A,1,Busy
2026-07-13 09:45:00,2026-07-13,09:45:00,9,Slot_14,Zone_A,1,Busy
2026-07-13 09:45:00,2026-07-13,09:45:00,9,Slot_15,Zone_A,1,Busy
2026-07-13 09:45:00,2026-07-13,09:45:00,9,Slot_16,Zone_B,1,Busy
2026-07-13 09:45:00,2026-07-13,09:45:00,9,Slot_17,Zone_B,1,Busy
2026-07-13 09:45:00,2026-07-13,09:45:00,9,Slot_18,Zone_B,1,Busy
2026-07-13 09:45:00,2026-07-13,09:45:00,9,Slot_19,Zone_B,1,Busy
2026-07-13 09:45:00,2026-07-13,09:45:00,9,Slot_20,Zone_B,1,Busy
2026-07-13 09:45:00,2026-07-13,09:45:00,9,Slot_21,Zone_B,1,Busy
2026-07-13 09:45:00,2026-07-13,09:45:00,9,Slot_22,Zone_B,1,Busy
2026-07-13 09:45:00,2026-07-13,09:45:00,9,Slot_23,Zone_B,1,Busy
2026-07-13 09:45:00,2026-07-13,09:45:00,9,Slot_24,Zone_B,1,Busy
2026-07-13 09:45:00,2026-07-13,09:45:00,9,Slot_25,Zone_B,0,Free
2026-07-13 09:45:00,2026-07-13,09:45:00,9,Slot_26,Zone_B,1,Busy
2026-07-13 09:45:00,2026-07-13,09:45:00,9,Slot_27,Zone_B,1,Busy
2026-07-13 09:45:00,2026-07-13,09:45:00,9,Slot_28,Zone_B,1,Busy
2026-07-13 09:45:00,2026-07-13,09:45:00,9,Slot_29,Zone_B,1,Busy
2026-07-13 09:45:00,2026-07-13,09:45:00,9,Slot_30,Zone_B,1,Busy
2026-07-13 09:45:00,2026-07-13,09:45:00,9,Slot_31,Zone_C,1,Busy
2026-07-13 09:45:00,2026-07-13,09:45:00,9,Slot_32,Zone_C,0,Free
2026-07-13 09:45:00,2026-07-13,09:45:00,9,Slot_33,Zone_C,1,Busy
2026-07-13 09:45:00,2026-07-13,09:45:00,9,Slot_34,Zone_C,1,Busy
2026-07-13 09:45:00,2026-07-13,09:45:00,9,Slot_35,Zone_C,1,Busy
2026-07-13 09:45:00,2026-07-13,09:45:00,9,Slot_36,Zone_C,1,Busy
2026-07-13 09:45:00,2026-07-13,09:45:00,9,Slot_37,Zone_C,1,Busy
2026-07-13 09:45:00,2026-07-13,09:45:00,9,Slot_38,Zone_C,1,Busy
2026-07-13 09:45:00,2026-07-13,09:45:00,9,Slot_39,Zone_C,1,Busy
2026-07-13 09:45:00,2026-07-13,09:45:00,9,Slot_40,Zone_C,0,Free
2026-07-13 10:00:00,2026-07-13,10:00:00,10,Slot_01,Zone_A,1,Busy
2026-07-13 10:00:00,2026-07-13,10:00:00,10,Slot_02,Zone_A,1,Busy
2026-07-13 10:00:00,2026-07-13,10:00:00,10,Slot_03,Zone_A,1,Busy
2026-07-13 10:00:00,2026-07-13,10:00:00,10,Slot_04,Zone_A,1,Busy
2026-07-13 10:00:00,2026-07-13,10:00:00,10,Slot_05,Zone_A,1,Busy
2026-07-13 10:00:00,2026-07-13,10:00:00,10,Slot_06,Zone_A,1,Busy
2026-07-13 10:00:00,2026-07-13,10:00:00,10,Slot_07,Zone_A,1,Busy
2026-07-13 10:00:00,2026-07-13,10:00:00,10,Slot_08,Zone_A,1,Busy
2026-07-13 10:00:00,2026-07-13,10:00:00,10,Slot_09,Zone_A,1,Busy
2026-07-13 10:00:00,2026-07-13,10:00:00,10,Slot_10,Zone_A,1,Busy
2026-07-13 10:00:00,2026-07-13,10:00:00,10,Slot_11,Zone_A,1,Busy
2026-07-13 10:00:00,2026-07-13,10:00:00,10,Slot_12,Zone_A,1,Busy
2026-07-13 10:00:00,2026-07-13,10:00:00,10,Slot_13,Zone_A,1,Busy
2026-07-13 10:00:00,2026-07-13,10:00:00,10,Slot_14,Zone_A,1,Busy
2026-07-13 10:00:00,2026-07-13,10:00:00,10,Slot_15,Zone_A,1,Busy
2026-07-13 10:00:00,2026-07-13,10:00:00,10,Slot_16,Zone_B,1,Busy
2026-07-13 10:00:00,2026-07-13,10:00:00,10,Slot_17,Zone_B,0,Free
2026-07-13 10:00:00,2026-07-13,10:00:00,10,Slot_18,Zone_B,1,Busy
2026-07-13 10:00:00,2026-07-13,10:00:00,10,Slot_19,Zone_B,1,Busy
2026-07-13 10:00:00,2026-07-13,10:00:00,10,Slot_20,Zone_B,1,Busy
2026-07-13 10:00:00,2026-07-13,10:00:00,10,Slot_21,Zone_B,1,Busy
2026-07-13 10:00:00,2026-07-13,10:00:00,10,Slot_22,Zone_B,1,Busy
2026-07-13 10:00:00,2026-07-13,10:00:00,10,Slot_23,Zone_B,1,Busy
2026-07-13 10:00:00,2026-07-13,10:00:00,10,Slot_24,Zone_B,0,Free
2026-07-13 10:00:00,2026-07-13,10:00:00,10,Slot_25,Zone_B,1,Busy
2026-07-13 10:00:00,2026-07-13,10:00:00,10,Slot_26,Zone_B,1,Busy
2026-07-13 10:00:00,2026-07-13,10:00:00,10,Slot_27,Zone_B,1,Busy
2026-07-13 10:00:00,2026-07-13,10:00:00,10,Slot_28,Zone_B,1,Busy
2026-07-13 10:00:00,2026-07-13,10:00:00,10,Slot_29,Zone_B,1,Busy
2026-07-13 10:00:00,2026-07-13,10:00:00,10,Slot_30,Zone_B,1,Busy
2026-07-13 10:00:00,2026-07-13,10:00:00,10,Slot_31,Zone_C,0,Free
2026-07-13 10:00:00,2026-07-13,10:00:00,10,Slot_32,Zone_C,1,Busy
2026-07-13 10:00:00,2026-07-13,10:00:00,10,Slot_33,Zone_C,1,Busy
2026-07-13 10:00:00,2026-07-13,10:00:00,10,Slot_34,Zone_C,0,Free
2026-07-13 10:00:00,2026-07-13,10:00:00,10,Slot_35,Zone_C,0,Free
2026-07-13 10:00:00,2026-07-13,10:00:00,10,Slot_36,Zone_C,1,Busy
2026-07-13 10:00:00,2026-07-13,10:00:00,10,Slot_37,Zone_C,1,Busy
2026-07-13 10:00:00,2026-07-13,10:00:00,10,Slot_38,Zone_C,1,Busy
2026-07-13 10:00:00,2026-07-13,10:00:00,10,Slot_39,Zone_C,0,Free
2026-07-13 10:00:00,2026-07-13,10:00:00,10,Slot_40,Zone_C,0,Free
2026-07-13 10:15:00,2026-07-13,10:15:00,10,Slot_01,Zone_A,1,Busy
2026-07-13 10:15:00,2026-07-13,10:15:00,10,Slot_02,Zone_A,1,Busy
2026-07-13 10:15:00,2026-07-13,10:15:00,10,Slot_03,Zone_A,1,Busy
2026-07-13 10:15:00,2026-07-13,10:15:00,10,Slot_04,Zone_A,1,Busy
2026-07-13 10:15:00,2026-07-13,10:15:00,10,Slot_05,Zone_A,1,Busy
2026-07-13 10:15:00,2026-07-13,10:15:00,10,Slot_06,Zone_A,1,Busy
2026-07-13 10:15:00,2026-07-13,10:15:00,10,Slot_07,Zone_A,1,Busy
2026-07-13 10:15:00,2026-07-13,10:15:00,10,Slot_08,Zone_A,1,Busy
2026-07-13 10:15:00,2026-07-13,10:15:00,10,Slot_09,Zone_A,1,Busy
2026-07-13 10:15:00,2026-07-13,10:15:00,10,Slot_10,Zone_A,1,Busy
2026-07-13 10:15:00,2026-07-13,10:15:00,10,Slot_11,Zone_A,1,Busy
2026-07-13 10:15:00,2026-07-13,10:15:00,10,Slot_12,Zone_A,1,Busy
2026-07-13 10:15:00,2026-07-13,10:15:00,10,Slot_13,Zone_A,1,Busy
2026-07-13 10:15:00,2026-07-13,10:15:00,10,Slot_14,Zone_A,1,Busy
2026-07-13 10:15:00,2026-07-13,10:15:00,10,Slot_15,Zone_A,1,Busy
2026-07-13 10:15:00,2026-07-13,10:15:00,10,Slot_16,Zone_B,0,Free
2026-07-13 10:15:00,2026-07-13,10:15:00,10,Slot_17,Zone_B,1,Busy
2026-07-13 10:15:00,2026-07-13,10:15:00,10,Slot_18,Zone_B,1,Busy
2026-07-13 10:15:00,2026-07-13,10:15:00,10,Slot_19,Zone_B,1,Busy
2026-07-13 10:15:00,2026-07-13,10:15:00,10,Slot_20,Zone_B,1,Busy
2026-07-13 10:15:00,2026-07-13,10:15:00,10,Slot_21,Zone_B,1,Busy
2026-07-13 10:15:00,2026-07-13,10:15:00,10,Slot_22,Zone_B,1,Busy
2026-07-13 10:15:00,2026-07-13,10:15:00,10,Slot_23,Zone_B,0,Free
2026-07-13 10:15:00,2026-07-13,10:15:00,10,Slot_24,Zone_B,1,Busy
2026-07-13 10:15:00,2026-07-13,10:15:00,10,Slot_25,Zone_B,0,Free
2026-07-13 10:15:00,2026-07-13,10:15:00,10,Slot_26,Zone_B,0,Free
2026-07-13 10:15:00,2026-07-13,10:15:00,10,Slot_27,Zone_B,1,Busy
2026-07-13 10:15:00,2026-07-13,10:15:00,10,Slot_28,Zone_B,0,Free
2026-07-13 10:15:00,2026-07-13,10:15:00,10,Slot_29,Zone_B,1,Busy
2026-07-13 10:15:00,2026-07-13,10:15:00,10,Slot_30,Zone_B,1,Busy
2026-07-13 10:15:00,2026-07-13,10:15:00,10,Slot_31,Zone_C,1,Busy
2026-07-13 10:15:00,2026-07-13,10:15:00,10,Slot_32,Zone_C,0,Free
2026-07-13 10:15:00,2026-07-13,10:15:00,10,Slot_33,Zone_C,0,Free
2026-07-13 10:15:00,2026-07-13,10:15:00,10,Slot_34,Zone_C,0,Free
2026-07-13 10:15:00,2026-07-13,10:15:00,10,Slot_35,Zone_C,0,Free
2026-07-13 10:15:00,2026-07-13,10:15:00,10,Slot_36,Zone_C,1,Busy
2026-07-13 10:15:00,2026-07-13,10:15:00,10,Slot_37,Zone_C,1,Busy
2026-07-13 10:15:00,2026-07-13,10:15:00,10,Slot_38,Zone_C,1,Busy
2026-07-13 10:15:00,2026-07-13,10:15:00,10,Slot_39,Zone_C,1,Busy
2026-07-13 10:15:00,2026-07-13,10:15:00,10,Slot_40,Zone_C,1,Busy
2026-07-13 10:30:00,2026-07-13,10:30:00,10,Slot_01,Zone_A,1,Busy
2026-07-13 10:30:00,2026-07-13,10:30:00,10,Slot_02,Zone_A,0,Free
2026-07-13 10:30:00,2026-07-13,10:30:00,10,Slot_03,Zone_A,1,Busy
2026-07-13 10:30:00,2026-07-13,10:30:00,10,Slot_04,Zone_A,1,Busy
2026-07-13 10:30:00,2026-07-13,10:30:00,10,Slot_05,Zone_A,1,Busy
2026-07-13 10:30:00,2026-07-13,10:30:00,10,Slot_06,Zone_A,1,Busy
2026-07-13 10:30:00,2026-07-13,10:30:00,10,Slot_07,Zone_A,1,Busy
2026-07-13 10:30:00,2026-07-13,10:30:00,10,Slot_08,Zone_A,1,Busy
2026-07-13 10:30:00,2026-07-13,10:30:00,10,Slot_09,Zone_A,1,Busy
2026-07-13 10:30:00,2026-07-13,10:30:00,10,Slot_10,Zone_A,1,Busy
2026-07-13 10:30:00,2026-07-13,10:30:00,10,Slot_11,Zone_A,1,Busy
2026-07-13 10:30:00,2026-07-13,10:30:00,10,Slot_12,Zone_A,1,Busy
2026-07-13 10:30:00,2026-07-13,10:30:00,10,Slot_13,Zone_A,1,Busy
2026-07-13 10:30:00,2026-07-13,10:30:00,10,Slot_14,Zone_A,1,Busy
2026-07-13 10:30:00,2026-07-13,10:30:00,10,Slot_15,Zone_A,1,Busy
2026-07-13 10:30:00,2026-07-13,10:30:00,10,Slot_16,Zone_B,1,Busy
2026-07-13 10:30:00,2026-07-13,10:30:00,10,Slot_17,Zone_B,1,Busy
2026-07-13 10:30:00,2026-07-13,10:30:00,10,Slot_18,Zone_B,1,Busy
2026-07-13 10:30:00,2026-07-13,10:30:00,10,Slot_19,Zone_B,0,Free
2026-07-13 10:30:00,2026-07-13,10:30:00,10,Slot_20,Zone_B,1,Busy
2026-07-13 10:30:00,2026-07-13,10:30:00,10,Slot_21,Zone_B,0,Free
2026-07-13 10:30:00,2026-07-13,10:30:00,10,Slot_22,Zone_B,1,Busy
2026-07-13 10:30:00,2026-07-13,10:30:00,10,Slot_23,Zone_B,1,Busy
2026-07-13 10:30:00,2026-07-13,10:30:00,10,Slot_24,Zone_B,1,Busy
2026-07-13 10:30:00,2026-07-13,10:30:00,10,Slot_25,Zone_B,1,Busy
2026-07-13 10:30:00,2026-07-13,10:30:00,10,Slot_26,Zone_B,1,Busy
2026-07-13 10:30:00,2026-07-13,10:30:00,10,Slot_27,Zone_B,1,Busy
2026-07-13 10:30:00,2026-07-13,10:30:00,10,Slot_28,Zone_B,1,Busy
2026-07-13 10:30:00,2026-07-13,10:30:00,10,Slot_29,Zone_B,1,Busy
2026-07-13 10:30:00,2026-07-13,10:30:00,10,Slot_30,Zone_B,1,Busy
2026-07-13 10:30:00,2026-07-13,10:30:00,10,Slot_31,Zone_C,1,Busy
2026-07-13 10:30:00,2026-07-13,10:30:00,10,Slot_32,Zone_C,1,Busy
2026-07-13 10:30:00,2026-07-13,10:30:00,10,Slot_33,Zone_C,0,Free
2026-07-13 10:30:00,2026-07-13,10:30:00,10,Slot_34,Zone_C,1,Busy
2026-07-13 10:30:00,2026-07-13,10:30:00,10,Slot_35,Zone_C,1,Busy
2026-07-13 10:30:00,2026-07-13,10:30:00,10,Slot_36,Zone_C,0,Free
2026-07-13 10:30:00,2026-07-13,10:30:00,10,Slot_37,Zone_C,1,Busy
2026-07-13 10:30:00,2026-07-13,10:30:00,10,Slot_38,Zone_C,1,Busy
2026-07-13 10:30:00,2026-07-13,10:30:00,10,Slot_39,Zone_C,0,Free
2026-07-13 10:30:00,2026-07-13,10:30:00,10,Slot_40,Zone_C,1,Busy
2026-07-13 10:45:00,2026-07-13,10:45:00,10,Slot_01,Zone_A,1,Busy
2026-07-13 10:45:00,2026-07-13,10:45:00,10,Slot_02,Zone_A,1,Busy
2026-07-13 10:45:00,2026-07-13,10:45:00,10,Slot_03,Zone_A,1,Busy
2026-07-13 10:45:00,2026-07-13,10:45:00,10,Slot_04,Zone_A,1,Busy
2026-07-13 10:45:00,2026-07-13,10:45:00,10,Slot_05,Zone_A,1,Busy
2026-07-13 10:45:00,2026-07-13,10:45:00,10,Slot_06,Zone_A,1,Busy
2026-07-13 10:45:00,2026-07-13,10:45:00,10,Slot_07,Zone_A,1,Busy
2026-07-13 10:45:00,2026-07-13,10:45:00,10,Slot_08,Zone_A,0,Free
2026-07-13 10:45:00,2026-07-13,10:45:00,10,Slot_09,Zone_A,1,Busy
2026-07-13 10:45:00,2026-07-13,10:45:00,10,Slot_10,Zone_A,1,Busy
2026-07-13 10:45:00,2026-07-13,10:45:00,10,Slot_11,Zone_A,1,Busy
2026-07-13 10:45:00,2026-07-13,10:45:00,10,Slot_12,Zone_A,1,Busy
2026-07-13 10:45:00,2026-07-13,10:45:00,10,Slot_13,Zone_A,1,Busy
2026-07-13 10:45:00,2026-07-13,10:45:00,10,Slot_14,Zone_A,1,Busy
2026-07-13 10:45:00,2026-07-13,10:45:00,10,Slot_15,Zone_A,1,Busy
2026-07-13 10:45:00,2026-07-13,10:45:00,10,Slot_16,Zone_B,0,Free
2026-07-13 10:45:00,2026-07-13,10:45:00,10,Slot_17,Zone_B,1,Busy
2026-07-13 10:45:00,2026-07-13,10:45:00,10,Slot_18,Zone_B,1,Busy
2026-07-13 10:45:00,2026-07-13,10:45:00,10,Slot_19,Zone_B,1,Busy
2026-07-13 10:45:00,2026-07-13,10:45:00,10,Slot_20,Zone_B,1,Busy
2026-07-13 10:45:00,2026-07-13,10:45:00,10,Slot_21,Zone_B,1,Busy
2026-07-13 10:45:00,2026-07-13,10:45:00,10,Slot_22,Zone_B,1,Busy
2026-07-13 10:45:00,2026-07-13,10:45:00,10,Slot_23,Zone_B,1,Busy
2026-07-13 10:45:00,2026-07-13,10:45:00,10,Slot_24,Zone_B,1,Busy
2026-07-13 10:45:00,2026-07-13,10:45:00,10,Slot_25,Zone_B,1,Busy
2026-07-13 10:45:00,2026-07-13,10:45:00,10,Slot_26,Zone_B,1,Busy
2026-07-13 10:45:00,2026-07-13,10:45:00,10,Slot_27,Zone_B,1,Busy
2026-07-13 10:45:00,2026-07-13,10:45:00,10,Slot_28,Zone_B,1,Busy
2026-07-13 10:45:00,2026-07-13,10:45:00,10,Slot_29,Zone_B,1,Busy
2026-07-13 10:45:00,2026-07-13,10:45:00,10,Slot_30,Zone_B,1,Busy
2026-07-13 10:45:00,2026-07-13,10:45:00,10,Slot_31,Zone_C,1,Busy
2026-07-13 10:45:00,2026-07-13,10:45:00,10,Slot_32,Zone_C,1,Busy
2026-07-13 10:45:00,2026-07-13,10:45:00,10,Slot_33,Zone_C,1,Busy
2026-07-13 10:45:00,2026-07-13,10:45:00,10,Slot_34,Zone_C,1,Busy
2026-07-13 10:45:00,2026-07-13,10:45:00,10,Slot_35,Zone_C,0,Free
2026-07-13 10:45:00,2026-07-13,10:45:00,10,Slot_36,Zone_C,0,Free
2026-07-13 10:45:00,2026-07-13,10:45:00,10,Slot_37,Zone_C,0,Free
2026-07-13 10:45:00,2026-07-13,10:45:00,10,Slot_38,Zone_C,1,Busy
2026-07-13 10:45:00,2026-07-13,10:45:00,10,Slot_39,Zone_C,1,Busy
2026-07-13 10:45:00,2026-07-13,10:45:00,10,Slot_40,Zone_C,1,Busy
2026-07-13 11:00:00,2026-07-13,11:00:00,11,Slot_01,Zone_A,1,Busy
2026-07-13 11:00:00,2026-07-13,11:00:00,11,Slot_02,Zone_A,0,Free
2026-07-13 11:00:00,2026-07-13,11:00:00,11,Slot_03,Zone_A,1,Busy
2026-07-13 11:00:00,2026-07-13,11:00:00,11,Slot_04,Zone_A,1,Busy
2026-07-13 11:00:00,2026-07-13,11:00:00,11,Slot_05,Zone_A,1,Busy
2026-07-13 11:00:00,2026-07-13,11:00:00,11,Slot_06,Zone_A,1,Busy
2026-07-13 11:00:00,2026-07-13,11:00:00,11,Slot_07,Zone_A,0,Free
2026-07-13 11:00:00,2026-07-13,11:00:00,11,Slot_08,Zone_A,1,Busy
2026-07-13 11:00:00,2026-07-13,11:00:00,11,Slot_09,Zone_A,1,Busy
2026-07-13 11:00:00,2026-07-13,11:00:00,11,Slot_10,Zone_A,1,Busy
2026-07-13 11:00:00,2026-07-13,11:00:00,11,Slot_11,Zone_A,1,Busy
2026-07-13 11:00:00,2026-07-13,11:00:00,11,Slot_12,Zone_A,0,Free
2026-07-13 11:00:00,2026-07-13,11:00:00,11,Slot_13,Zone_A,0,Free
2026-07-13 11:00:00,2026-07-13,11:00:00,11,Slot_14,Zone_A,0,Free
2026-07-13 11:00:00,2026-07-13,11:00:00,11,Slot_15,Zone_A,0,Free
2026-07-13 11:00:00,2026-07-13,11:00:00,11,Slot_16,Zone_B,1,Busy
2026-07-13 11:00:00,2026-07-13,11:00:00,11,Slot_17,Zone_B,0,Free
2026-07-13 11:00:00,2026-07-13,11:00:00,11,Slot_18,Zone_B,1,Busy
2026-07-13 11:00:00,2026-07-13,11:00:00,11,Slot_19,Zone_B,1,Busy
2026-07-13 11:00:00,2026-07-13,11:00:00,11,Slot_20,Zone_B,0,Free
2026-07-13 11:00:00,2026-07-13,11:00:00,11,Slot_21,Zone_B,1,Busy
2026-07-13 11:00:00,2026-07-13,11:00:00,11,Slot_22,Zone_B,0,Free
2026-07-13 11:00:00,2026-07-13,11:00:00,11,Slot_23,Zone_B,0,Free
2026-07-13 11:00:00,2026-07-13,11:00:00,11,Slot_24,Zone_B,0,Free
2026-07-13 11:00:00,2026-07-13,11:00:00,11,Slot_25,Zone_B,0,Free
2026-07-13 11:00:00,2026-07-13,11:00:00,11,Slot_26,Zone_B,0,Free
2026-07-13 11:00:00,2026-07-13,11:00:00,11,Slot_27,Zone_B,0,Free
2026-07-13 11:00:00,2026-07-13,11:00:00,11,Slot_28,Zone_B,0,Free
2026-07-13 11:00:00,2026-07-13,11:00:00,11,Slot_29,Zone_B,1,Busy
2026-07-13 11:00:00,2026-07-13,11:00:00,11,Slot_30,Zone_B,0,Free
2026-07-13 11:00:00,2026-07-13,11:00:00,11,Slot_31,Zone_C,1,Busy
2026-07-13 11:00:00,2026-07-13,11:00:00,11,Slot_32,Zone_C,0,Free
2026-07-13 11:00:00,2026-07-13,11:00:00,11,Slot_33,Zone_C,0,Free
2026-07-13 11:00:00,2026-07-13,11:00:00,11,Slot_34,Zone_C,0,Free
2026-07-13 11:00:00,2026-07-13,11:00:00,11,Slot_35,Zone_C,1,Busy
2026-07-13 11:00:00,2026-07-13,11:00:00,11,Slot_36,Zone_C,1,Busy
2026-07-13 11:00:00,2026-07-13,11:00:00,11,Slot_37,Zone_C,0,Free
2026-07-13 11:00:00,2026-07-13,11:00:00,11,Slot_38,Zone_C,1,Busy
2026-07-13 11:00:00,2026-07-13,11:00:00,11,Slot_39,Zone_C,1,Busy
2026-07-13 11:00:00,2026-07-13,11:00:00,11,Slot_40,Zone_C,1,Busy
2026-07-13 11:15:00,2026-07-13,11:15:00,11,Slot_01,Zone_A,0,Free
2026-07-13 11:15:00,2026-07-13,11:15:00,11,Slot_02,Zone_A,0,Free
2026-07-13 11:15:00,2026-07-13,11:15:00,11,Slot_03,Zone_A,1,Busy
2026-07-13 11:15:00,2026-07-13,11:15:00,11,Slot_04,Zone_A,1,Busy
2026-07-13 11:15:00,2026-07-13,11:15:00,11,Slot_05,Zone_A,1,Busy
2026-07-13 11:15:00,2026-07-13,11:15:00,11,Slot_06,Zone_A,0,Free
2026-07-13 11:15:00,2026-07-13,11:15:00,11,Slot_07,Zone_A,0,Free
2026-07-13 11:15:00,2026-07-13,11:15:00,11,Slot_08,Zone_A,1,Busy
2026-07-13 11:15:00,2026-07-13,11:15:00,11,Slot_09,Zone_A,1,Busy
2026-07-13 11:15:00,2026-07-13,11:15:00,11,Slot_10,Zone_A,1,Busy
2026-07-13 11:15:00,2026-07-13,11:15:00,11,Slot_11,Zone_A,0,Free
2026-07-13 11:15:00,2026-07-13,11:15:00,11,Slot_12,Zone_A,0,Free
2026-07-13 11:15:00,2026-07-13,11:15:00,11,Slot_13,Zone_A,1,Busy
2026-07-13 11:15:00,2026-07-13,11:15:00,11,Slot_14,Zone_A,1,Busy
2026-07-13 11:15:00,2026-07-13,11:15:00,11,Slot_15,Zone_A,1,Busy
2026-07-13 11:15:00,2026-07-13,11:15:00,11,Slot_16,Zone_B,0,Free
2026-07-13 11:15:00,2026-07-13,11:15:00,11,Slot_17,Zone_B,1,Busy
2026-07-13 11:15:00,2026-07-13,11:15:00,11,Slot_18,Zone_B,0,Free
2026-07-13 11:15:00,2026-07-13,11:15:00,11,Slot_19,Zone_B,0,Free
2026-07-13 11:15:00,2026-07-13,11:15:00,11,Slot_20,Zone_B,1,Busy
2026-07-13 11:15:00,2026-07-13,11:15:00,11,Slot_21,Zone_B,1,Busy
2026-07-13 11:15:00,2026-07-13,11:15:00,11,Slot_22,Zone_B,1,Busy
2026-07-13 11:15:00,2026-07-13,11:15:00,11,Slot_23,Zone_B,0,Free
2026-07-13 11:15:00,2026-07-13,11:15:00,11,Slot_24,Zone_B,0,Free
2026-07-13 11:15:00,2026-07-13,11:15:00,11,Slot_25,Zone_B,0,Free
2026-07-13 11:15:00,2026-07-13,11:15:00,11,Slot_26,Zone_B,0,Free
2026-07-13 11:15:00,2026-07-13,11:15:00,11,Slot_27,Zone_B,1,Busy
2026-07-13 11:15:00,2026-07-13,11:15:00,11,Slot_28,Zone_B,0,Free
2026-07-13 11:15:00,2026-07-13,11:15:00,11,Slot_29,Zone_B,0,Free
2026-07-13 11:15:00,2026-07-13,11:15:00,11,Slot_30,Zone_B,1,Busy
2026-07-13 11:15:00,2026-07-13,11:15:00,11,Slot_31,Zone_C,0,Free
2026-07-13 11:15:00,2026-07-13,11:15:00,11,Slot_32,Zone_C,0,Free
2026-07-13 11:15:00,2026-07-13,11:15:00,11,Slot_33,Zone_C,0,Free
2026-07-13 11:15:00,2026-07-13,11:15:00,11,Slot_34,Zone_C,0,Free
2026-07-13 11:15:00,2026-07-13,11:15:00,11,Slot_35,Zone_C,0,Free
2026-07-13 11:15:00,2026-07-13,11:15:00,11,Slot_36,Zone_C,0,Free
2026-07-13 11:15:00,2026-07-13,11:15:00,11,Slot_37,Zone_C,1,Busy
2026-07-13 11:15:00,2026-07-13,11:15:00,11,Slot_38,Zone_C,1,Busy
2026-07-13 11:15:00,2026-07-13,11:15:00,11,Slot_39,Zone_C,0,Free
2026-07-13 11:15:00,2026-07-13,11:15:00,11,Slot_40,Zone_C,1,Busy
2026-07-13 11:30:00,2026-07-13,11:30:00,11,Slot_01,Zone_A,1,Busy
2026-07-13 11:30:00,2026-07-13,11:30:00,11,Slot_02,Zone_A,1,Busy
2026-07-13 11:30:00,2026-07-13,11:30:00,11,Slot_03,Zone_A,1,Busy
2026-07-13 11:30:00,2026-07-13,11:30:00,11,Slot_04,Zone_A,0,Free
2026-07-13 11:30:00,2026-07-13,11:30:00,11,Slot_05,Zone_A,0,Free
2026-07-13 11:30:00,2026-07-13,11:30:00,11,Slot_06,Zone_A,1,Busy
2026-07-13 11:30:00,2026-07-13,11:30:00,11,Slot_07,Zone_A,1,Busy
2026-07-13 11:30:00,2026-07-13,11:30:00,11,Slot_08,Zone_A,1,Busy
2026-07-13 11:30:00,2026-07-13,11:30:00,11,Slot_09,Zone_A,0,Free
2026-07-13 11:30:00,2026-07-13,11:30:00,11,Slot_10,Zone_A,0,Free
2026-07-13 11:30:00,2026-07-13,11:30:00,11,Slot_11,Zone_A,1,Busy
2026-07-13 11:30:00,2026-07-13,11:30:00,11,Slot_12,Zone_A,0,Free
2026-07-13 11:30:00,2026-07-13,11:30:00,11,Slot_13,Zone_A,0,Free
2026-07-13 11:30:00,2026-07-13,11:30:00,11,Slot_14,Zone_A,0,Free
2026-07-13 11:30:00,2026-07-13,11:30:00,11,Slot_15,Zone_A,0,Free
2026-07-13 11:30:00,2026-07-13,11:30:00,11,Slot_16,Zone_B,1,Busy
2026-07-13 11:30:00,2026-07-13,11:30:00,11,Slot_17,Zone_B,0,Free
2026-07-13 11:30:00,2026-07-13,11:30:00,11,Slot_18,Zone_B,0,Free
2026-07-13 11:30:00,2026-07-13,11:30:00,11,Slot_19,Zone_B,0,Free
2026-07-13 11:30:00,2026-07-13,11:30:00,11,Slot_20,Zone_B,0,Free
2026-07-13 11:30:00,2026-07-13,11:30:00,11,Slot_21,Zone_B,0,Free
2026-07-13 11:30:00,2026-07-13,11:30:00,11,Slot_22,Zone_B,0,Free
2026-07-13 11:30:00,2026-07-13,11:30:00,11,Slot_23,Zone_B,1,Busy
2026-07-13 11:30:00,2026-07-13,11:30:00,11,Slot_24,Zone_B,0,Free
2026-07-13 11:30:00,2026-07-13,11:30:00,11,Slot_25,Zone_B,0,Free
2026-07-13 11:30:00,2026-07-13,11:30:00,11,Slot_26,Zone_B,0,Free
2026-07-13 11:30:00,2026-07-13,11:30:00,11,Slot_27,Zone_B,1,Busy
2026-07-13 11:30:00,2026-07-13,11:30:00,11,Slot_28,Zone_B,1,Busy
2026-07-13 11:30:00,2026-07-13,11:30:00,11,Slot_29,Zone_B,1,Busy
2026-07-13 11:30:00,2026-07-13,11:30:00,11,Slot_30,Zone_B,0,Free
2026-07-13 11:30:00,2026-07-13,11:30:00,11,Slot_31,Zone_C,0,Free
2026-07-13 11:30:00,2026-07-13,11:30:00,11,Slot_32,Zone_C,1,Busy
2026-07-13 11:30:00,2026-07-13,11:30:00,11,Slot_33,Zone_C,0,Free
2026-07-13 11:30:00,2026-07-13,11:30:00,11,Slot_34,Zone_C,0,Free
2026-07-13 11:30:00,2026-07-13,11:30:00,11,Slot_35,Zone_C,0,Free
2026-07-13 11:30:00,2026-07-13,11:30:00,11,Slot_36,Zone_C,0,Free
2026-07-13 11:30:00,2026-07-13,11:30:00,11,Slot_37,Zone_C,0,Free
2026-07-13 11:30:00,2026-07-13,11:30:00,11,Slot_38,Zone_C,0,Free
2026-07-13 11:30:00,2026-07-13,11:30:00,11,Slot_39,Zone_C,1,Busy
2026-07-13 11:30:00,2026-07-13,11:30:00,11,Slot_40,Zone_C,0,Free
2026-07-13 11:45:00,2026-07-13,11:45:00,11,Slot_01,Zone_A,0,Free
2026-07-13 11:45:00,2026-07-13,11:45:00,11,Slot_02,Zone_A,0,Free
2026-07-13 11:45:00,2026-07-13,11:45:00,11,Slot_03,Zone_A,0,Free
2026-07-13 11:45:00,2026-07-13,11:45:00,11,Slot_04,Zone_A,0,Free
2026-07-13 11:45:00,2026-07-13,11:45:00,11,Slot_05,Zone_A,1,Busy
2026-07-13 11:45:00,2026-07-13,11:45:00,11,Slot_06,Zone_A,1,Busy
2026-07-13 11:45:00,2026-07-13,11:45:00,11,Slot_07,Zone_A,1,Busy
2026-07-13 11:45:00,2026-07-13,11:45:00,11,Slot_08,Zone_A,1,Busy
2026-07-13 11:45:00,2026-07-13,11:45:00,11,Slot_09,Zone_A,0,Free
2026-07-13 11:45:00,2026-07-13,11:45:00,11,Slot_10,Zone_A,0,Free
2026-07-13 11:45:00,2026-07-13,11:45:00,11,Slot_11,Zone_A,1,Busy
2026-07-13 11:45:00,2026-07-13,11:45:00,11,Slot_12,Zone_A,1,Busy
2026-07-13 11:45:00,2026-07-13,11:45:00,11,Slot_13,Zone_A,0,Free
2026-07-13 11:45:00,2026-07-13,11:45:00,11,Slot_14,Zone_A,1,Busy
2026-07-13 11:45:00,2026-07-13,11:45:00,11,Slot_15,Zone_A,0,Free
2026-07-13 11:45:00,2026-07-13,11:45:00,11,Slot_16,Zone_B,0,Free
2026-07-13 11:45:00,2026-07-13,11:45:00,11,Slot_17,Zone_B,0,Free
2026-07-13 11:45:00,2026-07-13,11:45:00,11,Slot_18,Zone_B,1,Busy
2026-07-13 11:45:00,2026-07-13,11:45:00,11,Slot_19,Zone_B,1,Busy
2026-07-13 11:45:00,2026-07-13,11:45:00,11,Slot_20,Zone_B,0,Free
2026-07-13 11:45:00,2026-07-13,11:45:00,11,Slot_21,Zone_B,0,Free
2026-07-13 11:45:00,2026-07-13,11:45:00,11,Slot_22,Zone_B,1,Busy
2026-07-13 11:45:00,2026-07-13,11:45:00,11,Slot_23,Zone_B,0,Free
2026-07-13 11:45:00,2026-07-13,11:45:00,11,Slot_24,Zone_B,1,Busy
2026-07-13 11:45:00,2026-07-13,11:45:00,11,Slot_25,Zone_B,0,Free
2026-07-13 11:45:00,2026-07-13,11:45:00,11,Slot_26,Zone_B,1,Busy
2026-07-13 11:45:00,2026-07-13,11:45:00,11,Slot_27,Zone_B,0,Free
2026-07-13 11:45:00,2026-07-13,11:45:00,11,Slot_28,Zone_B,1,Busy
2026-07-13 11:45:00,2026-07-13,11:45:00,11,Slot_29,Zone_B,1,Busy
2026-07-13 11:45:00,2026-07-13,11:45:00,11,Slot_30,Zone_B,1,Busy
2026-07-13 11:45:00,2026-07-13,11:45:00,11,Slot_31,Zone_C,1,Busy
2026-07-13 11:45:00,2026-07-13,11:45:00,11,Slot_32,Zone_C,0,Free
2026-07-13 11:45:00,2026-07-13,11:45:00,11,Slot_33,Zone_C,0,Free
2026-07-13 11:45:00,2026-07-13,11:45:00,11,Slot_34,Zone_C,0,Free
2026-07-13 11:45:00,2026-07-13,11:45:00,11,Slot_35,Zone_C,0,Free
2026-07-13 11:45:00,2026-07-13,11:45:00,11,Slot_36,Zone_C,0,Free
2026-07-13 11:45:00,2026-07-13,11:45:00,11,Slot_37,Zone_C,0,Free
2026-07-13 11:45:00,2026-07-13,11:45:00,11,Slot_38,Zone_C,0,Free
2026-07-13 11:45:00,2026-07-13,11:45:00,11,Slot_39,Zone_C,0,Free
2026-07-13 11:45:00,2026-07-13,11:45:00,11,Slot_40,Zone_C,0,Free
2026-07-13 12:00:00,2026-07-13,12:00:00,12,Slot_01,Zone_A,1,Busy
2026-07-13 12:00:00,2026-07-13,12:00:00,12,Slot_02,Zone_A,1,Busy
2026-07-13 12:00:00,2026-07-13,12:00:00,12,Slot_03,Zone_A,1,Busy
2026-07-13 12:00:00,2026-07-13,12:00:00,12,Slot_04,Zone_A,1,Busy
2026-07-13 12:00:00,2026-07-13,12:00:00,12,Slot_05,Zone_A,1,Busy
2026-07-13 12:00:00,2026-07-13,12:00:00,12,Slot_06,Zone_A,1,Busy
2026-07-13 12:00:00,2026-07-13,12:00:00,12,Slot_07,Zone_A,1,Busy
2026-07-13 12:00:00,2026-07-13,12:00:00,12,Slot_08,Zone_A,1,Busy
2026-07-13 12:00:00,2026-07-13,12:00:00,12,Slot_09,Zone_A,1,Busy
2026-07-13 12:00:00,2026-07-13,12:00:00,12,Slot_10,Zone_A,1,Busy
2026-07-13 12:00:00,2026-07-13,12:00:00,12,Slot_11,Zone_A,1,Busy
2026-07-13 12:00:00,2026-07-13,12:00:00,12,Slot_12,Zone_A,1,Busy
2026-07-13 12:00:00,2026-07-13,12:00:00,12,Slot_13,Zone_A,1,Busy
2026-07-13 12:00:00,2026-07-13,12:00:00,12,Slot_14,Zone_A,1,Busy
2026-07-13 12:00:00,2026-07-13,12:00:00,12,Slot_15,Zone_A,1,Busy
2026-07-13 12:00:00,2026-07-13,12:00:00,12,Slot_16,Zone_B,0,Free
2026-07-13 12:00:00,2026-07-13,12:00:00,12,Slot_17,Zone_B,1,Busy
2026-07-13 12:00:00,2026-07-13,12:00:00,12,Slot_18,Zone_B,0,Free
2026-07-13 12:00:00,2026-07-13,12:00:00,12,Slot_19,Zone_B,1,Busy
2026-07-13 12:00:00,2026-07-13,12:00:00,12,Slot_20,Zone_B,1,Busy
2026-07-13 12:00:00,2026-07-13,12:00:00,12,Slot_21,Zone_B,1,Busy
2026-07-13 12:00:00,2026-07-13,12:00:00,12,Slot_22,Zone_B,1,Busy
2026-07-13 12:00:00,2026-07-13,12:00:00,12,Slot_23,Zone_B,0,Free
2026-07-13 12:00:00,2026-07-13,12:00:00,12,Slot_24,Zone_B,0,Free
2026-07-13 12:00:00,2026-07-13,12:00:00,12,Slot_25,Zone_B,0,Free
2026-07-13 12:00:00,2026-07-13,12:00:00,12,Slot_26,Zone_B,1,Busy
2026-07-13 12:00:00,2026-07-13,12:00:00,12,Slot_27,Zone_B,1,Busy
2026-07-13 12:00:00,2026-07-13,12:00:00,12,Slot_28,Zone_B,1,Busy
2026-07-13 12:00:00,2026-07-13,12:00:00,12,Slot_29,Zone_B,1,Busy
2026-07-13 12:00:00,2026-07-13,12:00:00,12,Slot_30,Zone_B,1,Busy
2026-07-13 12:00:00,2026-07-13,12:00:00,12,Slot_31,Zone_C,1,Busy
2026-07-13 12:00:00,2026-07-13,12:00:00,12,Slot_32,Zone_C,1,Busy
2026-07-13 12:00:00,2026-07-13,12:00:00,12,Slot_33,Zone_C,1,Busy
2026-07-13 12:00:00,2026-07-13,12:00:00,12,Slot_34,Zone_C,0,Free
2026-07-13 12:00:00,2026-07-13,12:00:00,12,Slot_35,Zone_C,0,Free
2026-07-13 12:00:00,2026-07-13,12:00:00,12,Slot_36,Zone_C,0,Free
2026-07-13 12:00:00,2026-07-13,12:00:00,12,Slot_37,Zone_C,0,Free
2026-07-13 12:00:00,2026-07-13,12:00:00,12,Slot_38,Zone_C,1,Busy
2026-07-13 12:00:00,2026-07-13,12:00:00,12,Slot_39,Zone_C,0,Free
2026-07-13 12:00:00,2026-07-13,12:00:00,12,Slot_40,Zone_C,0,Free
2026-07-13 12:15:00,2026-07-13,12:15:00,12,Slot_01,Zone_A,1,Busy
2026-07-13 12:15:00,2026-07-13,12:15:00,12,Slot_02,Zone_A,1,Busy
2026-07-13 12:15:00,2026-07-13,12:15:00,12,Slot_03,Zone_A,0,Free
2026-07-13 12:15:00,2026-07-13,12:15:00,12,Slot_04,Zone_A,1,Busy
2026-07-13 12:15:00,2026-07-13,12:15:00,12,Slot_05,Zone_A,1,Busy
2026-07-13 12:15:00,2026-07-13,12:15:00,12,Slot_06,Zone_A,1,Busy
2026-07-13 12:15:00,2026-07-13,12:15:00,12,Slot_07,Zone_A,1,Busy
2026-07-13 12:15:00,2026-07-13,12:15:00,12,Slot_08,Zone_A,1,Busy
2026-07-13 12:15:00,2026-07-13,12:15:00,12,Slot_09,Zone_A,1,Busy
2026-07-13 12:15:00,2026-07-13,12:15:00,12,Slot_10,Zone_A,1,Busy
2026-07-13 12:15:00,2026-07-13,12:15:00,12,Slot_11,Zone_A,1,Busy
2026-07-13 12:15:00,2026-07-13,12:15:00,12,Slot_12,Zone_A,0,Free
2026-07-13 12:15:00,2026-07-13,12:15:00,12,Slot_13,Zone_A,1,Busy
2026-07-13 12:15:00,2026-07-13,12:15:00,12,Slot_14,Zone_A,1,Busy
2026-07-13 12:15:00,2026-07-13,12:15:00,12,Slot_15,Zone_A,1,Busy
2026-07-13 12:15:00,2026-07-13,12:15:00,12,Slot_16,Zone_B,0,Free
2026-07-13 12:15:00,2026-07-13,12:15:00,12,Slot_17,Zone_B,1,Busy
2026-07-13 12:15:00,2026-07-13,12:15:00,12,Slot_18,Zone_B,1,Busy
2026-07-13 12:15:00,2026-07-13,12:15:00,12,Slot_19,Zone_B,0,Free
2026-07-13 12:15:00,2026-07-13,12:15:00,12,Slot_20,Zone_B,0,Free
2026-07-13 12:15:00,2026-07-13,12:15:00,12,Slot_21,Zone_B,1,Busy
2026-07-13 12:15:00,2026-07-13,12:15:00,12,Slot_22,Zone_B,0,Free
2026-07-13 12:15:00,2026-07-13,12:15:00,12,Slot_23,Zone_B,1,Busy
2026-07-13 12:15:00,2026-07-13,12:15:00,12,Slot_24,Zone_B,1,Busy
2026-07-13 12:15:00,2026-07-13,12:15:00,12,Slot_25,Zone_B,1,Busy
2026-07-13 12:15:00,2026-07-13,12:15:00,12,Slot_26,Zone_B,1,Busy
2026-07-13 12:15:00,2026-07-13,12:15:00,12,Slot_27,Zone_B,0,Free
2026-07-13 12:15:00,2026-07-13,12:15:00,12,Slot_28,Zone_B,1,Busy
2026-07-13 12:15:00,2026-07-13,12:15:00,12,Slot_29,Zone_B,1,Busy
2026-07-13 12:15:00,2026-07-13,12:15:00,12,Slot_30,Zone_B,0,Free
2026-07-13 12:15:00,2026-07-13,12:15:00,12,Slot_31,Zone_C,0,Free
2026-07-13 12:15:00,2026-07-13,12:15:00,12,Slot_32,Zone_C,1,Busy
2026-07-13 12:15:00,2026-07-13,12:15:00,12,Slot_33,Zone_C,0,Free
2026-07-13 12:15:00,2026-07-13,12:15:00,12,Slot_34,Zone_C,1,Busy
2026-07-13 12:15:00,2026-07-13,12:15:00,12,Slot_35,Zone_C,0,Free
2026-07-13 12:15:00,2026-07-13,12:15:00,12,Slot_36,Zone_C,0,Free
2026-07-13 12:15:00,2026-07-13,12:15:00,12,Slot_37,Zone_C,0,Free
2026-07-13 12:15:00,2026-07-13,12:15:00,12,Slot_38,Zone_C,1,Busy
2026-07-13 12:15:00,2026-07-13,12:15:00,12,Slot_39,Zone_C,1,Busy
2026-07-13 12:15:00,2026-07-13,12:15:00,12,Slot_40,Zone_C,1,Busy
2026-07-13 12:30:00,2026-07-13,12:30:00,12,Slot_01,Zone_A,1,Busy
2026-07-13 12:30:00,2026-07-13,12:30:00,12,Slot_02,Zone_A,1,Busy
2026-07-13 12:30:00,2026-07-13,12:30:00,12,Slot_03,Zone_A,0,Free
2026-07-13 12:30:00,2026-07-13,12:30:00,12,Slot_04,Zone_A,1,Busy
2026-07-13 12:30:00,2026-07-13,12:30:00,12,Slot_05,Zone_A,1,Busy
2026-07-13 12:30:00,2026-07-13,12:30:00,12,Slot_06,Zone_A,1,Busy
2026-07-13 12:30:00,2026-07-13,12:30:00,12,Slot_07,Zone_A,1,Busy
2026-07-13 12:30:00,2026-07-13,12:30:00,12,Slot_08,Zone_A,1,Busy
2026-07-13 12:30:00,2026-07-13,12:30:00,12,Slot_09,Zone_A,1,Busy
2026-07-13 12:30:00,2026-07-13,12:30:00,12,Slot_10,Zone_A,1,Busy
2026-07-13 12:30:00,2026-07-13,12:30:00,12,Slot_11,Zone_A,1,Busy
2026-07-13 12:30:00,2026-07-13,12:30:00,12,Slot_12,Zone_A,1,Busy
2026-07-13 12:30:00,2026-07-13,12:30:00,12,Slot_13,Zone_A,0,Free
2026-07-13 12:30:00,2026-07-13,12:30:00,12,Slot_14,Zone_A,1,Busy
2026-07-13 12:30:00,2026-07-13,12:30:00,12,Slot_15,Zone_A,1,Busy
2026-07-13 12:30:00,2026-07-13,12:30:00,12,Slot_16,Zone_B,1,Busy
2026-07-13 12:30:00,2026-07-13,12:30:00,12,Slot_17,Zone_B,1,Busy
2026-07-13 12:30:00,2026-07-13,12:30:00,12,Slot_18,Zone_B,0,Free
2026-07-13 12:30:00,2026-07-13,12:30:00,12,Slot_19,Zone_B,1,Busy
2026-07-13 12:30:00,2026-07-13,12:30:00,12,Slot_20,Zone_B,1,Busy
2026-07-13 12:30:00,2026-07-13,12:30:00,12,Slot_21,Zone_B,0,Free
2026-07-13 12:30:00,2026-07-13,12:30:00,12,Slot_22,Zone_B,1,Busy
2026-07-13 12:30:00,2026-07-13,12:30:00,12,Slot_23,Zone_B,0,Free
2026-07-13 12:30:00,2026-07-13,12:30:00,12,Slot_24,Zone_B,1,Busy
2026-07-13 12:30:00,2026-07-13,12:30:00,12,Slot_25,Zone_B,1,Busy
2026-07-13 12:30:00,2026-07-13,12:30:00,12,Slot_26,Zone_B,1,Busy
2026-07-13 12:30:00,2026-07-13,12:30:00,12,Slot_27,Zone_B,0,Free
2026-07-13 12:30:00,2026-07-13,12:30:00,12,Slot_28,Zone_B,0,Free
2026-07-13 12:30:00,2026-07-13,12:30:00,12,Slot_29,Zone_B,1,Busy
2026-07-13 12:30:00,2026-07-13,12:30:00,12,Slot_30,Zone_B,1,Busy
2026-07-13 12:30:00,2026-07-13,12:30:00,12,Slot_31,Zone_C,1,Busy
2026-07-13 12:30:00,2026-07-13,12:30:00,12,Slot_32,Zone_C,1,Busy
2026-07-13 12:30:00,2026-07-13,12:30:00,12,Slot_33,Zone_C,1,Busy
2026-07-13 12:30:00,2026-07-13,12:30:00,12,Slot_34,Zone_C,0,Free
2026-07-13 12:30:00,2026-07-13,12:30:00,12,Slot_35,Zone_C,0,Free
2026-07-13 12:30:00,2026-07-13,12:30:00,12,Slot_36,Zone_C,1,Busy
2026-07-13 12:30:00,2026-07-13,12:30:00,12,Slot_37,Zone_C,1,Busy
2026-07-13 12:30:00,2026-07-13,12:30:00,12,Slot_38,Zone_C,1,Busy
2026-07-13 12:30:00,2026-07-13,12:30:00,12,Slot_39,Zone_C,1,Busy
2026-07-13 12:30:00,2026-07-13,12:30:00,12,Slot_40,Zone_C,1,Busy
2026-07-13 12:45:00,2026-07-13,12:45:00,12,Slot_01,Zone_A,0,Free
2026-07-13 12:45:00,2026-07-13,12:45:00,12,Slot_02,Zone_A,1,Busy
2026-07-13 12:45:00,2026-07-13,12:45:00,12,Slot_03,Zone_A,1,Busy
2026-07-13 12:45:00,2026-07-13,12:45:00,12,Slot_04,Zone_A,1,Busy
2026-07-13 12:45:00,2026-07-13,12:45:00,12,Slot_05,Zone_A,0,Free
2026-07-13 12:45:00,2026-07-13,12:45:00,12,Slot_06,Zone_A,1,Busy
2026-07-13 12:45:00,2026-07-13,12:45:00,12,Slot_07,Zone_A,1,Busy
2026-07-13 12:45:00,2026-07-13,12:45:00,12,Slot_08,Zone_A,1,Busy
2026-07-13 12:45:00,2026-07-13,12:45:00,12,Slot_09,Zone_A,1,Busy
2026-07-13 12:45:00,2026-07-13,12:45:00,12,Slot_10,Zone_A,1,Busy
2026-07-13 12:45:00,2026-07-13,12:45:00,12,Slot_11,Zone_A,1,Busy
2026-07-13 12:45:00,2026-07-13,12:45:00,12,Slot_12,Zone_A,1,Busy
2026-07-13 12:45:00,2026-07-13,12:45:00,12,Slot_13,Zone_A,1,Busy
2026-07-13 12:45:00,2026-07-13,12:45:00,12,Slot_14,Zone_A,0,Free
2026-07-13 12:45:00,2026-07-13,12:45:00,12,Slot_15,Zone_A,0,Free
2026-07-13 12:45:00,2026-07-13,12:45:00,12,Slot_16,Zone_B,1,Busy
2026-07-13 12:45:00,2026-07-13,12:45:00,12,Slot_17,Zone_B,1,Busy
2026-07-13 12:45:00,2026-07-13,12:45:00,12,Slot_18,Zone_B,1,Busy
2026-07-13 12:45:00,2026-07-13,12:45:00,12,Slot_19,Zone_B,1,Busy
2026-07-13 12:45:00,2026-07-13,12:45:00,12,Slot_20,Zone_B,1,Busy
2026-07-13 12:45:00,2026-07-13,12:45:00,12,Slot_21,Zone_B,1,Busy
2026-07-13 12:45:00,2026-07-13,12:45:00,12,Slot_22,Zone_B,1,Busy
2026-07-13 12:45:00,2026-07-13,12:45:00,12,Slot_23,Zone_B,0,Free
2026-07-13 12:45:00,2026-07-13,12:45:00,12,Slot_24,Zone_B,1,Busy
2026-07-13 12:45:00,2026-07-13,12:45:00,12,Slot_25,Zone_B,1,Busy
2026-07-13 12:45:00,2026-07-13,12:45:00,12,Slot_26,Zone_B,0,Free
2026-07-13 12:45:00,2026-07-13,12:45:00,12,Slot_27,Zone_B,1,Busy
2026-07-13 12:45:00,2026-07-13,12:45:00,12,Slot_28,Zone_B,1,Busy
2026-07-13 12:45:00,2026-07-13,12:45:00,12,Slot_29,Zone_B,1,Busy
2026-07-13 12:45:00,2026-07-13,12:45:00,12,Slot_30,Zone_B,1,Busy
2026-07-13 12:45:00,2026-07-13,12:45:00,12,Slot_31,Zone_C,0,Free
2026-07-13 12:45:00,2026-07-13,12:45:00,12,Slot_32,Zone_C,1,Busy
2026-07-13 12:45:00,2026-07-13,12:45:00,12,Slot_33,Zone_C,1,Busy
2026-07-13 12:45:00,2026-07-13,12:45:00,12,Slot_34,Zone_C,0,Free
2026-07-13 12:45:00,2026-07-13,12:45:00,12,Slot_35,Zone_C,0,Free
2026-07-13 12:45:00,2026-07-13,12:45:00,12,Slot_36,Zone_C,0,Free
2026-07-13 12:45:00,2026-07-13,12:45:00,12,Slot_37,Zone_C,1,Busy
2026-07-13 12:45:00,2026-07-13,12:45:00,12,Slot_38,Zone_C,1,Busy
2026-07-13 12:45:00,2026-07-13,12:45:00,12,Slot_39,Zone_C,0,Free
2026-07-13 12:45:00,2026-07-13,12:45:00,12,Slot_40,Zone_C,0,Free
2026-07-13 13:00:00,2026-07-13,13:00:00,13,Slot_01,Zone_A,1,Busy
2026-07-13 13:00:00,2026-07-13,13:00:00,13,Slot_02,Zone_A,1,Busy
2026-07-13 13:00:00,2026-07-13,13:00:00,13,Slot_03,Zone_A,1,Busy
2026-07-13 13:00:00,2026-07-13,13:00:00,13,Slot_04,Zone_A,0,Free
2026-07-13 13:00:00,2026-07-13,13:00:00,13,Slot_05,Zone_A,1,Busy
2026-07-13 13:00:00,2026-07-13,13:00:00,13,Slot_06,Zone_A,1,Busy
2026-07-13 13:00:00,2026-07-13,13:00:00,13,Slot_07,Zone_A,1,Busy
2026-07-13 13:00:00,2026-07-13,13:00:00,13,Slot_08,Zone_A,1,Busy
2026-07-13 13:00:00,2026-07-13,13:00:00,13,Slot_09,Zone_A,0,Free
2026-07-13 13:00:00,2026-07-13,13:00:00,13,Slot_10,Zone_A,1,Busy
2026-07-13 13:00:00,2026-07-13,13:00:00,13,Slot_11,Zone_A,1,Busy
2026-07-13 13:00:00,2026-07-13,13:00:00,13,Slot_12,Zone_A,0,Free
2026-07-13 13:00:00,2026-07-13,13:00:00,13,Slot_13,Zone_A,1,Busy
2026-07-13 13:00:00,2026-07-13,13:00:00,13,Slot_14,Zone_A,1,Busy
2026-07-13 13:00:00,2026-07-13,13:00:00,13,Slot_15,Zone_A,1,Busy
2026-07-13 13:00:00,2026-07-13,13:00:00,13,Slot_16,Zone_B,0,Free
2026-07-13 13:00:00,2026-07-13,13:00:00,13,Slot_17,Zone_B,1,Busy
2026-07-13 13:00:00,2026-07-13,13:00:00,13,Slot_18,Zone_B,1,Busy
2026-07-13 13:00:00,2026-07-13,13:00:00,13,Slot_19,Zone_B,0,Free
2026-07-13 13:00:00,2026-07-13,13:00:00,13,Slot_20,Zone_B,1,Busy
2026-07-13 13:00:00,2026-07-13,13:00:00,13,Slot_21,Zone_B,0,Free
2026-07-13 13:00:00,2026-07-13,13:00:00,13,Slot_22,Zone_B,1,Busy
2026-07-13 13:00:00,2026-07-13,13:00:00,13,Slot_23,Zone_B,1,Busy
2026-07-13 13:00:00,2026-07-13,13:00:00,13,Slot_24,Zone_B,1,Busy
2026-07-13 13:00:00,2026-07-13,13:00:00,13,Slot_25,Zone_B,0,Free
2026-07-13 13:00:00,2026-07-13,13:00:00,13,Slot_26,Zone_B,1,Busy
2026-07-13 13:00:00,2026-07-13,13:00:00,13,Slot_27,Zone_B,0,Free
2026-07-13 13:00:00,2026-07-13,13:00:00,13,Slot_28,Zone_B,0,Free
2026-07-13 13:00:00,2026-07-13,13:00:00,13,Slot_29,Zone_B,1,Busy
2026-07-13 13:00:00,2026-07-13,13:00:00,13,Slot_30,Zone_B,0,Free
2026-07-13 13:00:00,2026-07-13,13:00:00,13,Slot_31,Zone_C,1,Busy
2026-07-13 13:00:00,2026-07-13,13:00:00,13,Slot_32,Zone_C,1,Busy
2026-07-13 13:00:00,2026-07-13,13:00:00,13,Slot_33,Zone_C,1,Busy
2026-07-13 13:00:00,2026-07-13,13:00:00,13,Slot_34,Zone_C,0,Free
2026-07-13 13:00:00,2026-07-13,13:00:00,13,Slot_35,Zone_C,0,Free
2026-07-13 13:00:00,2026-07-13,13:00:00,13,Slot_36,Zone_C,1,Busy
2026-07-13 13:00:00,2026-07-13,13:00:00,13,Slot_37,Zone_C,1,Busy
2026-07-13 13:00:00,2026-07-13,13:00:00,13,Slot_38,Zone_C,0,Free
2026-07-13 13:00:00,2026-07-13,13:00:00,13,Slot_39,Zone_C,1,Busy
2026-07-13 13:00:00,2026-07-13,13:00:00,13,Slot_40,Zone_C,0,Free
2026-07-13 13:15:00,2026-07-13,13:15:00,13,Slot_01,Zone_A,0,Free
2026-07-13 13:15:00,2026-07-13,13:15:00,13,Slot_02,Zone_A,1,Busy
2026-07-13 13:15:00,2026-07-13,13:15:00,13,Slot_03,Zone_A,0,Free
2026-07-13 13:15:00,2026-07-13,13:15:00,13,Slot_04,Zone_A,1,Busy
2026-07-13 13:15:00,2026-07-13,13:15:00,13,Slot_05,Zone_A,0,Free
2026-07-13 13:15:00,2026-07-13,13:15:00,13,Slot_06,Zone_A,1,Busy
2026-07-13 13:15:00,2026-07-13,13:15:00,13,Slot_07,Zone_A,1,Busy
2026-07-13 13:15:00,2026-07-13,13:15:00,13,Slot_08,Zone_A,1,Busy
2026-07-13 13:15:00,2026-07-13,13:15:00,13,Slot_09,Zone_A,0,Free
2026-07-13 13:15:00,2026-07-13,13:15:00,13,Slot_10,Zone_A,1,Busy
2026-07-13 13:15:00,2026-07-13,13:15:00,13,Slot_11,Zone_A,1,Busy
2026-07-13 13:15:00,2026-07-13,13:15:00,13,Slot_12,Zone_A,1,Busy
2026-07-13 13:15:00,2026-07-13,13:15:00,13,Slot_13,Zone_A,1,Busy
2026-07-13 13:15:00,2026-07-13,13:15:00,13,Slot_14,Zone_A,1,Busy
2026-07-13 13:15:00,2026-07-13,13:15:00,13,Slot_15,Zone_A,1,Busy
2026-07-13 13:15:00,2026-07-13,13:15:00,13,Slot_16,Zone_B,0,Free
2026-07-13 13:15:00,2026-07-13,13:15:00,13,Slot_17,Zone_B,1,Busy
2026-07-13 13:15:00,2026-07-13,13:15:00,13,Slot_18,Zone_B,0,Free
2026-07-13 13:15:00,2026-07-13,13:15:00,13,Slot_19,Zone_B,1,Busy
2026-07-13 13:15:00,2026-07-13,13:15:00,13,Slot_20,Zone_B,0,Free
2026-07-13 13:15:00,2026-07-13,13:15:00,13,Slot_21,Zone_B,0,Free
2026-07-13 13:15:00,2026-07-13,13:15:00,13,Slot_22,Zone_B,1,Busy
2026-07-13 13:15:00,2026-07-13,13:15:00,13,Slot_23,Zone_B,0,Free
2026-07-13 13:15:00,2026-07-13,13:15:00,13,Slot_24,Zone_B,1,Busy
2026-07-13 13:15:00,2026-07-13,13:15:00,13,Slot_25,Zone_B,1,Busy
2026-07-13 13:15:00,2026-07-13,13:15:00,13,Slot_26,Zone_B,0,Free
2026-07-13 13:15:00,2026-07-13,13:15:00,13,Slot_27,Zone_B,1,Busy
2026-07-13 13:15:00,2026-07-13,13:15:00,13,Slot_28,Zone_B,1,Busy
2026-07-13 13:15:00,2026-07-13,13:15:00,13,Slot_29,Zone_B,1,Busy
2026-07-13 13:15:00,2026-07-13,13:15:00,13,Slot_30,Zone_B,0,Free
2026-07-13 13:15:00,2026-07-13,13:15:00,13,Slot_31,Zone_C,1,Busy
2026-07-13 13:15:00,2026-07-13,13:15:00,13,Slot_32,Zone_C,1,Busy
2026-07-13 13:15:00,2026-07-13,13:15:00,13,Slot_33,Zone_C,0,Free
2026-07-13 13:15:00,2026-07-13,13:15:00,13,Slot_34,Zone_C,0,Free
2026-07-13 13:15:00,2026-07-13,13:15:00,13,Slot_35,Zone_C,1,Busy
2026-07-13 13:15:00,2026-07-13,13:15:00,13,Slot_36,Zone_C,1,Busy
2026-07-13 13:15:00,2026-07-13,13:15:00,13,Slot_37,Zone_C,1,Busy
2026-07-13 13:15:00,2026-07-13,13:15:00,13,Slot_38,Zone_C,1,Busy
2026-07-13 13:15:00,2026-07-13,13:15:00,13,Slot_39,Zone_C,1,Busy
2026-07-13 13:15:00,2026-07-13,13:15:00,13,Slot_40,Zone_C,0,Free
2026-07-13 13:30:00,2026-07-13,13:30:00,13,Slot_01,Zone_A,1,Busy
2026-07-13 13:30:00,2026-07-13,13:30:00,13,Slot_02,Zone_A,1,Busy
2026-07-13 13:30:00,2026-07-13,13:30:00,13,Slot_03,Zone_A,1,Busy
2026-07-13 13:30:00,2026-07-13,13:30:00,13,Slot_04,Zone_A,0,Free
2026-07-13 13:30:00,2026-07-13,13:30:00,13,Slot_05,Zone_A,1,Busy
2026-07-13 13:30:00,2026-07-13,13:30:00,13,Slot_06,Zone_A,0,Free
2026-07-13 13:30:00,2026-07-13,13:30:00,13,Slot_07,Zone_A,1,Busy
2026-07-13 13:30:00,2026-07-13,13:30:00,13,Slot_08,Zone_A,1,Busy
2026-07-13 13:30:00,2026-07-13,13:30:00,13,Slot_09,Zone_A,1,Busy
2026-07-13 13:30:00,2026-07-13,13:30:00,13,Slot_10,Zone_A,1,Busy
2026-07-13 13:30:00,2026-07-13,13:30:00,13,Slot_11,Zone_A,1,Busy
2026-07-13 13:30:00,2026-07-13,13:30:00,13,Slot_12,Zone_A,1,Busy
2026-07-13 13:30:00,2026-07-13,13:30:00,13,Slot_13,Zone_A,1,Busy
2026-07-13 13:30:00,2026-07-13,13:30:00,13,Slot_14,Zone_A,0,Free
2026-07-13 13:30:00,2026-07-13,13:30:00,13,Slot_15,Zone_A,1,Busy
2026-07-13 13:30:00,2026-07-13,13:30:00,13,Slot_16,Zone_B,0,Free
2026-07-13 13:30:00,2026-07-13,13:30:00,13,Slot_17,Zone_B,1,Busy
2026-07-13 13:30:00,2026-07-13,13:30:00,13,Slot_18,Zone_B,1,Busy
2026-07-13 13:30:00,2026-07-13,13:30:00,13,Slot_19,Zone_B,1,Busy
2026-07-13 13:30:00,2026-07-13,13:30:00,13,Slot_20,Zone_B,1,Busy
2026-07-13 13:30:00,2026-07-13,13:30:00,13,Slot_21,Zone_B,1,Busy
2026-07-13 13:30:00,2026-07-13,13:30:00,13,Slot_22,Zone_B,1,Busy
2026-07-13 13:30:00,2026-07-13,13:30:00,13,Slot_23,Zone_B,1,Busy
2026-07-13 13:30:00,2026-07-13,13:30:00,13,Slot_24,Zone_B,1,Busy
2026-07-13 13:30:00,2026-07-13,13:30:00,13,Slot_25,Zone_B,1,Busy
2026-07-13 13:30:00,2026-07-13,13:30:00,13,Slot_26,Zone_B,0,Free
2026-07-13 13:30:00,2026-07-13,13:30:00,13,Slot_27,Zone_B,0,Free
2026-07-13 13:30:00,2026-07-13,13:30:00,13,Slot_28,Zone_B,0,Free
2026-07-13 13:30:00,2026-07-13,13:30:00,13,Slot_29,Zone_B,0,Free
2026-07-13 13:30:00,2026-07-13,13:30:00,13,Slot_30,Zone_B,1,Busy
2026-07-13 13:30:00,2026-07-13,13:30:00,13,Slot_31,Zone_C,1,Busy
2026-07-13 13:30:00,2026-07-13,13:30:00,13,Slot_32,Zone_C,0,Free
2026-07-13 13:30:00,2026-07-13,13:30:00,13,Slot_33,Zone_C,0,Free
2026-07-13 13:30:00,2026-07-13,13:30:00,13,Slot_34,Zone_C,1,Busy
2026-07-13 13:30:00,2026-07-13,13:30:00,13,Slot_35,Zone_C,1,Busy
2026-07-13 13:30:00,2026-07-13,13:30:00,13,Slot_36,Zone_C,1,Busy
2026-07-13 13:30:00,2026-07-13,13:30:00,13,Slot_37,Zone_C,1,Busy
2026-07-13 13:30:00,2026-07-13,13:30:00,13,Slot_38,Zone_C,0,Free
2026-07-13 13:30:00,2026-07-13,13:30:00,13,Slot_39,Zone_C,1,Busy
2026-07-13 13:30:00,2026-07-13,13:30:00,13,Slot_40,Zone_C,1,Busy
2026-07-13 13:45:00,2026-07-13,13:45:00,13,Slot_01,Zone_A,0,Free
2026-07-13 13:45:00,2026-07-13,13:45:00,13,Slot_02,Zone_A,1,Busy
2026-07-13 13:45:00,2026-07-13,13:45:00,13,Slot_03,Zone_A,1,Busy
2026-07-13 13:45:00,2026-07-13,13:45:00,13,Slot_04,Zone_A,1,Busy
2026-07-13 13:45:00,2026-07-13,13:45:00,13,Slot_05,Zone_A,1,Busy
2026-07-13 13:45:00,2026-07-13,13:45:00,13,Slot_06,Zone_A,0,Free
2026-07-13 13:45:00,2026-07-13,13:45:00,13,Slot_07,Zone_A,1,Busy
2026-07-13 13:45:00,2026-07-13,13:45:00,13,Slot_08,Zone_A,0,Free
2026-07-13 13:45:00,2026-07-13,13:45:00,13,Slot_09,Zone_A,1,Busy
2026-07-13 13:45:00,2026-07-13,13:45:00,13,Slot_10,Zone_A,0,Free
2026-07-13 13:45:00,2026-07-13,13:45:00,13,Slot_11,Zone_A,1,Busy
2026-07-13 13:45:00,2026-07-13,13:45:00,13,Slot_12,Zone_A,0,Free
2026-07-13 13:45:00,2026-07-13,13:45:00,13,Slot_13,Zone_A,1,Busy
2026-07-13 13:45:00,2026-07-13,13:45:00,13,Slot_14,Zone_A,0,Free
2026-07-13 13:45:00,2026-07-13,13:45:00,13,Slot_15,Zone_A,1,Busy
2026-07-13 13:45:00,2026-07-13,13:45:00,13,Slot_16,Zone_B,1,Busy
2026-07-13 13:45:00,2026-07-13,13:45:00,13,Slot_17,Zone_B,0,Free
2026-07-13 13:45:00,2026-07-13,13:45:00,13,Slot_18,Zone_B,1,Busy
2026-07-13 13:45:00,2026-07-13,13:45:00,13,Slot_19,Zone_B,0,Free
2026-07-13 13:45:00,2026-07-13,13:45:00,13,Slot_20,Zone_B,1,Busy
2026-07-13 13:45:00,2026-07-13,13:45:00,13,Slot_21,Zone_B,0,Free
2026-07-13 13:45:00,2026-07-13,13:45:00,13,Slot_22,Zone_B,1,Busy
2026-07-13 13:45:00,2026-07-13,13:45:00,13,Slot_23,Zone_B,1,Busy
2026-07-13 13:45:00,2026-07-13,13:45:00,13,Slot_24,Zone_B,1,Busy
2026-07-13 13:45:00,2026-07-13,13:45:00,13,Slot_25,Zone_B,1,Busy
2026-07-13 13:45:00,2026-07-13,13:45:00,13,Slot_26,Zone_B,1,Busy
2026-07-13 13:45:00,2026-07-13,13:45:00,13,Slot_27,Zone_B,1,Busy
2026-07-13 13:45:00,2026-07-13,13:45:00,13,Slot_28,Zone_B,1,Busy
2026-07-13 13:45:00,2026-07-13,13:45:00,13,Slot_29,Zone_B,1,Busy
2026-07-13 13:45:00,2026-07-13,13:45:00,13,Slot_30,Zone_B,1,Busy
2026-07-13 13:45:00,2026-07-13,13:45:00,13,Slot_31,Zone_C,0,Free
2026-07-13 13:45:00,2026-07-13,13:45:00,13,Slot_32,Zone_C,1,Busy
2026-07-13 13:45:00,2026-07-13,13:45:00,13,Slot_33,Zone_C,0,Free
2026-07-13 13:45:00,2026-07-13,13:45:00,13,Slot_34,Zone_C,0,Free
2026-07-13 13:45:00,2026-07-13,13:45:00,13,Slot_35,Zone_C,0,Free
2026-07-13 13:45:00,2026-07-13,13:45:00,13,Slot_36,Zone_C,1,Busy
2026-07-13 13:45:00,2026-07-13,13:45:00,13,Slot_37,Zone_C,0,Free
2026-07-13 13:45:00,2026-07-13,13:45:00,13,Slot_38,Zone_C,1,Busy
2026-07-13 13:45:00,2026-07-13,13:45:00,13,Slot_39,Zone_C,1,Busy
2026-07-13 13:45:00,2026-07-13,13:45:00,13,Slot_40,Zone_C,1,Busy
2026-07-13 14:00:00,2026-07-13,14:00:00,14,Slot_01,Zone_A,1,Busy
2026-07-13 14:00:00,2026-07-13,14:00:00,14,Slot_02,Zone_A,1,Busy
2026-07-13 14:00:00,2026-07-13,14:00:00,14,Slot_03,Zone_A,1,Busy
2026-07-13 14:00:00,2026-07-13,14:00:00,14,Slot_04,Zone_A,0,Free
2026-07-13 14:00:00,2026-07-13,14:00:00,14,Slot_05,Zone_A,0,Free
2026-07-13 14:00:00,2026-07-13,14:00:00,14,Slot_06,Zone_A,1,Busy
2026-07-13 14:00:00,2026-07-13,14:00:00,14,Slot_07,Zone_A,1,Busy
2026-07-13 14:00:00,2026-07-13,14:00:00,14,Slot_08,Zone_A,0,Free
2026-07-13 14:00:00,2026-07-13,14:00:00,14,Slot_09,Zone_A,1,Busy
2026-07-13 14:00:00,2026-07-13,14:00:00,14,Slot_10,Zone_A,1,Busy
2026-07-13 14:00:00,2026-07-13,14:00:00,14,Slot_11,Zone_A,1,Busy
2026-07-13 14:00:00,2026-07-13,14:00:00,14,Slot_12,Zone_A,0,Free
2026-07-13 14:00:00,2026-07-13,14:00:00,14,Slot_13,Zone_A,1,Busy
2026-07-13 14:00:00,2026-07-13,14:00:00,14,Slot_14,Zone_A,0,Free
2026-07-13 14:00:00,2026-07-13,14:00:00,14,Slot_15,Zone_A,0,Free
2026-07-13 14:00:00,2026-07-13,14:00:00,14,Slot_16,Zone_B,1,Busy
2026-07-13 14:00:00,2026-07-13,14:00:00,14,Slot_17,Zone_B,1,Busy
2026-07-13 14:00:00,2026-07-13,14:00:00,14,Slot_18,Zone_B,1,Busy
2026-07-13 14:00:00,2026-07-13,14:00:00,14,Slot_19,Zone_B,1,Busy
2026-07-13 14:00:00,2026-07-13,14:00:00,14,Slot_20,Zone_B,1,Busy
2026-07-13 14:00:00,2026-07-13,14:00:00,14,Slot_21,Zone_B,0,Free
2026-07-13 14:00:00,2026-07-13,14:00:00,14,Slot_22,Zone_B,1,Busy
2026-07-13 14:00:00,2026-07-13,14:00:00,14,Slot_23,Zone_B,0,Free
2026-07-13 14:00:00,2026-07-13,14:00:00,14,Slot_24,Zone_B,1,Busy
2026-07-13 14:00:00,2026-07-13,14:00:00,14,Slot_25,Zone_B,1,Busy
2026-07-13 14:00:00,2026-07-13,14:00:00,14,Slot_26,Zone_B,1,Busy
2026-07-13 14:00:00,2026-07-13,14:00:00,14,Slot_27,Zone_B,1,Busy
2026-07-13 14:00:00,2026-07-13,14:00:00,14,Slot_28,Zone_B,0,Free
2026-07-13 14:00:00,2026-07-13,14:00:00,14,Slot_29,Zone_B,1,Busy
2026-07-13 14:00:00,2026-07-13,14:00:00,14,Slot_30,Zone_B,1,Busy
2026-07-13 14:00:00,2026-07-13,14:00:00,14,Slot_31,Zone_C,1,Busy
2026-07-13 14:00:00,2026-07-13,14:00:00,14,Slot_32,Zone_C,1,Busy
2026-07-13 14:00:00,2026-07-13,14:00:00,14,Slot_33,Zone_C,1,Busy
2026-07-13 14:00:00,2026-07-13,14:00:00,14,Slot_34,Zone_C,0,Free
2026-07-13 14:00:00,2026-07-13,14:00:00,14,Slot_35,Zone_C,0,Free
2026-07-13 14:00:00,2026-07-13,14:00:00,14,Slot_36,Zone_C,0,Free
2026-07-13 14:00:00,2026-07-13,14:00:00,14,Slot_37,Zone_C,0,Free
2026-07-13 14:00:00,2026-07-13,14:00:00,14,Slot_38,Zone_C,1,Busy
2026-07-13 14:00:00,2026-07-13,14:00:00,14,Slot_39,Zone_C,0,Free
2026-07-13 14:00:00,2026-07-13,14:00:00,14,Slot_40,Zone_C,1,Busy
2026-07-13 14:15:00,2026-07-13,14:15:00,14,Slot_01,Zone_A,1,Busy
2026-07-13 14:15:00,2026-07-13,14:15:00,14,Slot_02,Zone_A,1,Busy
2026-07-13 14:15:00,2026-07-13,14:15:00,14,Slot_03,Zone_A,1,Busy
2026-07-13 14:15:00,2026-07-13,14:15:00,14,Slot_04,Zone_A,1,Busy
2026-07-13 14:15:00,2026-07-13,14:15:00,14,Slot_05,Zone_A,1,Busy
2026-07-13 14:15:00,2026-07-13,14:15:00,14,Slot_06,Zone_A,1,Busy
2026-07-13 14:15:00,2026-07-13,14:15:00,14,Slot_07,Zone_A,0,Free
2026-07-13 14:15:00,2026-07-13,14:15:00,14,Slot_08,Zone_A,1,Busy
2026-07-13 14:15:00,2026-07-13,14:15:00,14,Slot_09,Zone_A,1,Busy
2026-07-13 14:15:00,2026-07-13,14:15:00,14,Slot_10,Zone_A,1,Busy
2026-07-13 14:15:00,2026-07-13,14:15:00,14,Slot_11,Zone_A,1,Busy
2026-07-13 14:15:00,2026-07-13,14:15:00,14,Slot_12,Zone_A,1,Busy
2026-07-13 14:15:00,2026-07-13,14:15:00,14,Slot_13,Zone_A,1,Busy
2026-07-13 14:15:00,2026-07-13,14:15:00,14,Slot_14,Zone_A,1,Busy
2026-07-13 14:15:00,2026-07-13,14:15:00,14,Slot_15,Zone_A,1,Busy
2026-07-13 14:15:00,2026-07-13,14:15:00,14,Slot_16,Zone_B,1,Busy
2026-07-13 14:15:00,2026-07-13,14:15:00,14,Slot_17,Zone_B,1,Busy
2026-07-13 14:15:00,2026-07-13,14:15:00,14,Slot_18,Zone_B,1,Busy
2026-07-13 14:15:00,2026-07-13,14:15:00,14,Slot_19,Zone_B,1,Busy
2026-07-13 14:15:00,2026-07-13,14:15:00,14,Slot_20,Zone_B,1,Busy
2026-07-13 14:15:00,2026-07-13,14:15:00,14,Slot_21,Zone_B,0,Free
2026-07-13 14:15:00,2026-07-13,14:15:00,14,Slot_22,Zone_B,1,Busy
2026-07-13 14:15:00,2026-07-13,14:15:00,14,Slot_23,Zone_B,1,Busy
2026-07-13 14:15:00,2026-07-13,14:15:00,14,Slot_24,Zone_B,1,Busy
2026-07-13 14:15:00,2026-07-13,14:15:00,14,Slot_25,Zone_B,0,Free
2026-07-13 14:15:00,2026-07-13,14:15:00,14,Slot_26,Zone_B,1,Busy
2026-07-13 14:15:00,2026-07-13,14:15:00,14,Slot_27,Zone_B,1,Busy
2026-07-13 14:15:00,2026-07-13,14:15:00,14,Slot_28,Zone_B,1,Busy
2026-07-13 14:15:00,2026-07-13,14:15:00,14,Slot_29,Zone_B,1,Busy
2026-07-13 14:15:00,2026-07-13,14:15:00,14,Slot_30,Zone_B,1,Busy
2026-07-13 14:15:00,2026-07-13,14:15:00,14,Slot_31,Zone_C,1,Busy
2026-07-13 14:15:00,2026-07-13,14:15:00,14,Slot_32,Zone_C,0,Free
2026-07-13 14:15:00,2026-07-13,14:15:00,14,Slot_33,Zone_C,1,Busy
2026-07-13 14:15:00,2026-07-13,14:15:00,14,Slot_34,Zone_C,0,Free
2026-07-13 14:15:00,2026-07-13,14:15:00,14,Slot_35,Zone_C,0,Free
2026-07-13 14:15:00,2026-07-13,14:15:00,14,Slot_36,Zone_C,1,Busy
2026-07-13 14:15:00,2026-07-13,14:15:00,14,Slot_37,Zone_C,1,Busy
2026-07-13 14:15:00,2026-07-13,14:15:00,14,Slot_38,Zone_C,1,Busy
2026-07-13 14:15:00,2026-07-13,14:15:00,14,Slot_39,Zone_C,1,Busy
2026-07-13 14:15:00,2026-07-13,14:15:00,14,Slot_40,Zone_C,1,Busy
2026-07-13 14:30:00,2026-07-13,14:30:00,14,Slot_01,Zone_A,0,Free
2026-07-13 14:30:00,2026-07-13,14:30:00,14,Slot_02,Zone_A,1,Busy
2026-07-13 14:30:00,2026-07-13,14:30:00,14,Slot_03,Zone_A,1,Busy
2026-07-13 14:30:00,2026-07-13,14:30:00,14,Slot_04,Zone_A,1,Busy
2026-07-13 14:30:00,2026-07-13,14:30:00,14,Slot_05,Zone_A,0,Free
2026-07-13 14:30:00,2026-07-13,14:30:00,14,Slot_06,Zone_A,0,Free
2026-07-13 14:30:00,2026-07-13,14:30:00,14,Slot_07,Zone_A,0,Free
2026-07-13 14:30:00,2026-07-13,14:30:00,14,Slot_08,Zone_A,1,Busy
2026-07-13 14:30:00,2026-07-13,14:30:00,14,Slot_09,Zone_A,1,Busy
2026-07-13 14:30:00,2026-07-13,14:30:00,14,Slot_10,Zone_A,1,Busy
2026-07-13 14:30:00,2026-07-13,14:30:00,14,Slot_11,Zone_A,1,Busy
2026-07-13 14:30:00,2026-07-13,14:30:00,14,Slot_12,Zone_A,1,Busy
2026-07-13 14:30:00,2026-07-13,14:30:00,14,Slot_13,Zone_A,1,Busy
2026-07-13 14:30:00,2026-07-13,14:30:00,14,Slot_14,Zone_A,1,Busy
2026-07-13 14:30:00,2026-07-13,14:30:00,14,Slot_15,Zone_A,1,Busy
2026-07-13 14:30:00,2026-07-13,14:30:00,14,Slot_16,Zone_B,1,Busy
2026-07-13 14:30:00,2026-07-13,14:30:00,14,Slot_17,Zone_B,1,Busy
2026-07-13 14:30:00,2026-07-13,14:30:00,14,Slot_18,Zone_B,1,Busy
2026-07-13 14:30:00,2026-07-13,14:30:00,14,Slot_19,Zone_B,1,Busy
2026-07-13 14:30:00,2026-07-13,14:30:00,14,Slot_20,Zone_B,1,Busy
2026-07-13 14:30:00,2026-07-13,14:30:00,14,Slot_21,Zone_B,0,Free
2026-07-13 14:30:00,2026-07-13,14:30:00,14,Slot_22,Zone_B,1,Busy
2026-07-13 14:30:00,2026-07-13,14:30:00,14,Slot_23,Zone_B,1,Busy
2026-07-13 14:30:00,2026-07-13,14:30:00,14,Slot_24,Zone_B,1,Busy
2026-07-13 14:30:00,2026-07-13,14:30:00,14,Slot_25,Zone_B,0,Free
2026-07-13 14:30:00,2026-07-13,14:30:00,14,Slot_26,Zone_B,1,Busy
2026-07-13 14:30:00,2026-07-13,14:30:00,14,Slot_27,Zone_B,1,Busy
2026-07-13 14:30:00,2026-07-13,14:30:00,14,Slot_28,Zone_B,1,Busy
2026-07-13 14:30:00,2026-07-13,14:30:00,14,Slot_29,Zone_B,1,Busy
2026-07-13 14:30:00,2026-07-13,14:30:00,14,Slot_30,Zone_B,1,Busy
2026-07-13 14:30:00,2026-07-13,14:30:00,14,Slot_31,Zone_C,0,Free
2026-07-13 14:30:00,2026-07-13,14:30:00,14,Slot_32,Zone_C,0,Free
2026-07-13 14:30:00,2026-07-13,14:30:00,14,Slot_33,Zone_C,0,Free
2026-07-13 14:30:00,2026-07-13,14:30:00,14,Slot_34,Zone_C,0,Free
2026-07-13 14:30:00,2026-07-13,14:30:00,14,Slot_35,Zone_C,0,Free
2026-07-13 14:30:00,2026-07-13,14:30:00,14,Slot_36,Zone_C,1,Busy
2026-07-13 14:30:00,2026-07-13,14:30:00,14,Slot_37,Zone_C,0,Free
2026-07-13 14:30:00,2026-07-13,14:30:00,14,Slot_38,Zone_C,1,Busy
2026-07-13 14:30:00,2026-07-13,14:30:00,14,Slot_39,Zone_C,1,Busy
2026-07-13 14:30:00,2026-07-13,14:30:00,14,Slot_40,Zone_C,1,Busy
2026-07-13 14:45:00,2026-07-13,14:45:00,14,Slot_01,Zone_A,1,Busy
2026-07-13 14:45:00,2026-07-13,14:45:00,14,Slot_02,Zone_A,1,Busy
2026-07-13 14:45:00,2026-07-13,14:45:00,14,Slot_03,Zone_A,1,Busy
2026-07-13 14:45:00,2026-07-13,14:45:00,14,Slot_04,Zone_A,1,Busy
2026-07-13 14:45:00,2026-07-13,14:45:00,14,Slot_05,Zone_A,1,Busy
2026-07-13 14:45:00,2026-07-13,14:45:00,14,Slot_06,Zone_A,1,Busy
2026-07-13 14:45:00,2026-07-13,14:45:00,14,Slot_07,Zone_A,1,Busy
2026-07-13 14:45:00,2026-07-13,14:45:00,14,Slot_08,Zone_A,1,Busy
2026-07-13 14:45:00,2026-07-13,14:45:00,14,Slot_09,Zone_A,1,Busy
2026-07-13 14:45:00,2026-07-13,14:45:00,14,Slot_10,Zone_A,1,Busy
2026-07-13 14:45:00,2026-07-13,14:45:00,14,Slot_11,Zone_A,1,Busy
2026-07-13 14:45:00,2026-07-13,14:45:00,14,Slot_12,Zone_A,0,Free
2026-07-13 14:45:00,2026-07-13,14:45:00,14,Slot_13,Zone_A,1,Busy
2026-07-13 14:45:00,2026-07-13,14:45:00,14,Slot_14,Zone_A,1,Busy
2026-07-13 14:45:00,2026-07-13,14:45:00,14,Slot_15,Zone_A,1,Busy
2026-07-13 14:45:00,2026-07-13,14:45:00,14,Slot_16,Zone_B,1,Busy
2026-07-13 14:45:00,2026-07-13,14:45:00,14,Slot_17,Zone_B,1,Busy
2026-07-13 14:45:00,2026-07-13,14:45:00,14,Slot_18,Zone_B,0,Free
2026-07-13 14:45:00,2026-07-13,14:45:00,14,Slot_19,Zone_B,1,Busy
2026-07-13 14:45:00,2026-07-13,14:45:00,14,Slot_20,Zone_B,0,Free
2026-07-13 14:45:00,2026-07-13,14:45:00,14,Slot_21,Zone_B,0,Free
2026-07-13 14:45:00,2026-07-13,14:45:00,14,Slot_22,Zone_B,0,Free
2026-07-13 14:45:00,2026-07-13,14:45:00,14,Slot_23,Zone_B,0,Free
2026-07-13 14:45:00,2026-07-13,14:45:00,14,Slot_24,Zone_B,1,Busy
2026-07-13 14:45:00,2026-07-13,14:45:00,14,Slot_25,Zone_B,1,Busy
2026-07-13 14:45:00,2026-07-13,14:45:00,14,Slot_26,Zone_B,1,Busy
2026-07-13 14:45:00,2026-07-13,14:45:00,14,Slot_27,Zone_B,1,Busy
2026-07-13 14:45:00,2026-07-13,14:45:00,14,Slot_28,Zone_B,1,Busy
2026-07-13 14:45:00,2026-07-13,14:45:00,14,Slot_29,Zone_B,0,Free
2026-07-13 14:45:00,2026-07-13,14:45:00,14,Slot_30,Zone_B,1,Busy
2026-07-13 14:45:00,2026-07-13,14:45:00,14,Slot_31,Zone_C,1,Busy
2026-07-13 14:45:00,2026-07-13,14:45:00,14,Slot_32,Zone_C,1,Busy
2026-07-13 14:45:00,2026-07-13,14:45:00,14,Slot_33,Zone_C,1,Busy
2026-07-13 14:45:00,2026-07-13,14:45:00,14,Slot_34,Zone_C,1,Busy
2026-07-13 14:45:00,2026-07-13,14:45:00,14,Slot_35,Zone_C,0,Free
2026-07-13 14:45:00,2026-07-13,14:45:00,14,Slot_36,Zone_C,1,Busy
2026-07-13 14:45:00,2026-07-13,14:45:00,14,Slot_37,Zone_C,1,Busy
2026-07-13 14:45:00,2026-07-13,14:45:00,14,Slot_38,Zone_C,1,Busy
2026-07-13 14:45:00,2026-07-13,14:45:00,14,Slot_39,Zone_C,0,Free
2026-07-13 14:45:00,2026-07-13,14:45:00,14,Slot_40,Zone_C,0,Free
2026-07-13 15:00:00,2026-07-13,15:00:00,15,Slot_01,Zone_A,1,Busy
2026-07-13 15:00:00,2026-07-13,15:00:00,15,Slot_02,Zone_A,1,Busy
2026-07-13 15:00:00,2026-07-13,15:00:00,15,Slot_03,Zone_A,1,Busy
2026-07-13 15:00:00,2026-07-13,15:00:00,15,Slot_04,Zone_A,1,Busy
2026-07-13 15:00:00,2026-07-13,15:00:00,15,Slot_05,Zone_A,0,Free
2026-07-13 15:00:00,2026-07-13,15:00:00,15,Slot_06,Zone_A,0,Free
2026-07-13 15:00:00,2026-07-13,15:00:00,15,Slot_07,Zone_A,1,Busy
2026-07-13 15:00:00,2026-07-13,15:00:00,15,Slot_08,Zone_A,1,Busy
2026-07-13 15:00:00,2026-07-13,15:00:00,15,Slot_09,Zone_A,0,Free
2026-07-13 15:00:00,2026-07-13,15:00:00,15,Slot_10,Zone_A,1,Busy
2026-07-13 15:00:00,2026-07-13,15:00:00,15,Slot_11,Zone_A,0,Free
2026-07-13 15:00:00,2026-07-13,15:00:00,15,Slot_12,Zone_A,1,Busy
2026-07-13 15:00:00,2026-07-13,15:00:00,15,Slot_13,Zone_A,1,Busy
2026-07-13 15:00:00,2026-07-13,15:00:00,15,Slot_14,Zone_A,1,Busy
2026-07-13 15:00:00,2026-07-13,15:00:00,15,Slot_15,Zone_A,1,Busy
2026-07-13 15:00:00,2026-07-13,15:00:00,15,Slot_16,Zone_B,0,Free
2026-07-13 15:00:00,2026-07-13,15:00:00,15,Slot_17,Zone_B,1,Busy
2026-07-13 15:00:00,2026-07-13,15:00:00,15,Slot_18,Zone_B,1,Busy
2026-07-13 15:00:00,2026-07-13,15:00:00,15,Slot_19,Zone_B,1,Busy
2026-07-13 15:00:00,2026-07-13,15:00:00,15,Slot_20,Zone_B,1,Busy
2026-07-13 15:00:00,2026-07-13,15:00:00,15,Slot_21,Zone_B,1,Busy
2026-07-13 15:00:00,2026-07-13,15:00:00,15,Slot_22,Zone_B,1,Busy
2026-07-13 15:00:00,2026-07-13,15:00:00,15,Slot_23,Zone_B,0,Free
2026-07-13 15:00:00,2026-07-13,15:00:00,15,Slot_24,Zone_B,0,Free
2026-07-13 15:00:00,2026-07-13,15:00:00,15,Slot_25,Zone_B,1,Busy
2026-07-13 15:00:00,2026-07-13,15:00:00,15,Slot_26,Zone_B,0,Free
2026-07-13 15:00:00,2026-07-13,15:00:00,15,Slot_27,Zone_B,1,Busy
2026-07-13 15:00:00,2026-07-13,15:00:00,15,Slot_28,Zone_B,0,Free
2026-07-13 15:00:00,2026-07-13,15:00:00,15,Slot_29,Zone_B,1,Busy
2026-07-13 15:00:00,2026-07-13,15:00:00,15,Slot_30,Zone_B,0,Free
2026-07-13 15:00:00,2026-07-13,15:00:00,15,Slot_31,Zone_C,0,Free
2026-07-13 15:00:00,2026-07-13,15:00:00,15,Slot_32,Zone_C,0,Free
2026-07-13 15:00:00,2026-07-13,15:00:00,15,Slot_33,Zone_C,0,Free
2026-07-13 15:00:00,2026-07-13,15:00:00,15,Slot_34,Zone_C,1,Busy
2026-07-13 15:00:00,2026-07-13,15:00:00,15,Slot_35,Zone_C,0,Free
2026-07-13 15:00:00,2026-07-13,15:00:00,15,Slot_36,Zone_C,0,Free
2026-07-13 15:00:00,2026-07-13,15:00:00,15,Slot_37,Zone_C,0,Free
2026-07-13 15:00:00,2026-07-13,15:00:00,15,Slot_38,Zone_C,1,Busy
2026-07-13 15:00:00,2026-07-13,15:00:00,15,Slot_39,Zone_C,0,Free
2026-07-13 15:00:00,2026-07-13,15:00:00,15,Slot_40,Zone_C,1,Busy
2026-07-13 15:15:00,2026-07-13,15:15:00,15,Slot_01,Zone_A,0,Free
2026-07-13 15:15:00,2026-07-13,15:15:00,15,Slot_02,Zone_A,1,Busy
2026-07-13 15:15:00,2026-07-13,15:15:00,15,Slot_03,Zone_A,0,Free
2026-07-13 15:15:00,2026-07-13,15:15:00,15,Slot_04,Zone_A,0,Free
2026-07-13 15:15:00,2026-07-13,15:15:00,15,Slot_05,Zone_A,1,Busy
2026-07-13 15:15:00,2026-07-13,15:15:00,15,Slot_06,Zone_A,1,Busy
2026-07-13 15:15:00,2026-07-13,15:15:00,15,Slot_07,Zone_A,1,Busy
2026-07-13 15:15:00,2026-07-13,15:15:00,15,Slot_08,Zone_A,1,Busy
2026-07-13 15:15:00,2026-07-13,15:15:00,15,Slot_09,Zone_A,1,Busy
2026-07-13 15:15:00,2026-07-13,15:15:00,15,Slot_10,Zone_A,1,Busy
2026-07-13 15:15:00,2026-07-13,15:15:00,15,Slot_11,Zone_A,1,Busy
2026-07-13 15:15:00,2026-07-13,15:15:00,15,Slot_12,Zone_A,0,Free
2026-07-13 15:15:00,2026-07-13,15:15:00,15,Slot_13,Zone_A,0,Free
2026-07-13 15:15:00,2026-07-13,15:15:00,15,Slot_14,Zone_A,1,Busy
2026-07-13 15:15:00,2026-07-13,15:15:00,15,Slot_15,Zone_A,0,Free
2026-07-13 15:15:00,2026-07-13,15:15:00,15,Slot_16,Zone_B,1,Busy
2026-07-13 15:15:00,2026-07-13,15:15:00,15,Slot_17,Zone_B,1,Busy
2026-07-13 15:15:00,2026-07-13,15:15:00,15,Slot_18,Zone_B,0,Free
2026-07-13 15:15:00,2026-07-13,15:15:00,15,Slot_19,Zone_B,0,Free
2026-07-13 15:15:00,2026-07-13,15:15:00,15,Slot_20,Zone_B,1,Busy
2026-07-13 15:15:00,2026-07-13,15:15:00,15,Slot_21,Zone_B,0,Free
2026-07-13 15:15:00,2026-07-13,15:15:00,15,Slot_22,Zone_B,0,Free
2026-07-13 15:15:00,2026-07-13,15:15:00,15,Slot_23,Zone_B,0,Free
2026-07-13 15:15:00,2026-07-13,15:15:00,15,Slot_24,Zone_B,0,Free
2026-07-13 15:15:00,2026-07-13,15:15:00,15,Slot_25,Zone_B,0,Free
2026-07-13 15:15:00,2026-07-13,15:15:00,15,Slot_26,Zone_B,1,Busy
2026-07-13 15:15:00,2026-07-13,15:15:00,15,Slot_27,Zone_B,1,Busy
2026-07-13 15:15:00,2026-07-13,15:15:00,15,Slot_28,Zone_B,1,Busy
2026-07-13 15:15:00,2026-07-13,15:15:00,15,Slot_29,Zone_B,0,Free
2026-07-13 15:15:00,2026-07-13,15:15:00,15,Slot_30,Zone_B,0,Free
2026-07-13 15:15:00,2026-07-13,15:15:00,15,Slot_31,Zone_C,1,Busy
2026-07-13 15:15:00,2026-07-13,15:15:00,15,Slot_32,Zone_C,0,Free
2026-07-13 15:15:00,2026-07-13,15:15:00,15,Slot_33,Zone_C,0,Free
2026-07-13 15:15:00,2026-07-13,15:15:00,15,Slot_34,Zone_C,0,Free
2026-07-13 15:15:00,2026-07-13,15:15:00,15,Slot_35,Zone_C,0,Free
2026-07-13 15:15:00,2026-07-13,15:15:00,15,Slot_36,Zone_C,0,Free
2026-07-13 15:15:00,2026-07-13,15:15:00,15,Slot_37,Zone_C,1,Busy
2026-07-13 15:15:00,2026-07-13,15:15:00,15,Slot_38,Zone_C,0,Free
2026-07-13 15:15:00,2026-07-13,15:15:00,15,Slot_39,Zone_C,1,Busy
2026-07-13 15:15:00,2026-07-13,15:15:00,15,Slot_40,Zone_C,0,Free
2026-07-13 15:30:00,2026-07-13,15:30:00,15,Slot_01,Zone_A,1,Busy
2026-07-13 15:30:00,2026-07-13,15:30:00,15,Slot_02,Zone_A,0,Free
2026-07-13 15:30:00,2026-07-13,15:30:00,15,Slot_03,Zone_A,0,Free
2026-07-13 15:30:00,2026-07-13,15:30:00,15,Slot_04,Zone_A,1,Busy
2026-07-13 15:30:00,2026-07-13,15:30:00,15,Slot_05,Zone_A,1,Busy
2026-07-13 15:30:00,2026-07-13,15:30:00,15,Slot_06,Zone_A,0,Free
2026-07-13 15:30:00,2026-07-13,15:30:00,15,Slot_07,Zone_A,1,Busy
2026-07-13 15:30:00,2026-07-13,15:30:00,15,Slot_08,Zone_A,0,Free
2026-07-13 15:30:00,2026-07-13,15:30:00,15,Slot_09,Zone_A,0,Free
2026-07-13 15:30:00,2026-07-13,15:30:00,15,Slot_10,Zone_A,1,Busy
2026-07-13 15:30:00,2026-07-13,15:30:00,15,Slot_11,Zone_A,1,Busy
2026-07-13 15:30:00,2026-07-13,15:30:00,15,Slot_12,Zone_A,1,Busy
2026-07-13 15:30:00,2026-07-13,15:30:00,15,Slot_13,Zone_A,0,Free
2026-07-13 15:30:00,2026-07-13,15:30:00,15,Slot_14,Zone_A,1,Busy
2026-07-13 15:30:00,2026-07-13,15:30:00,15,Slot_15,Zone_A,1,Busy
2026-07-13 15:30:00,2026-07-13,15:30:00,15,Slot_16,Zone_B,0,Free
2026-07-13 15:30:00,2026-07-13,15:30:00,15,Slot_17,Zone_B,0,Free
2026-07-13 15:30:00,2026-07-13,15:30:00,15,Slot_18,Zone_B,0,Free
2026-07-13 15:30:00,2026-07-13,15:30:00,15,Slot_19,Zone_B,0,Free
2026-07-13 15:30:00,2026-07-13,15:30:00,15,Slot_20,Zone_B,1,Busy
2026-07-13 15:30:00,2026-07-13,15:30:00,15,Slot_21,Zone_B,0,Free
2026-07-13 15:30:00,2026-07-13,15:30:00,15,Slot_22,Zone_B,0,Free
2026-07-13 15:30:00,2026-07-13,15:30:00,15,Slot_23,Zone_B,0,Free
2026-07-13 15:30:00,2026-07-13,15:30:00,15,Slot_24,Zone_B,0,Free
2026-07-13 15:30:00,2026-07-13,15:30:00,15,Slot_25,Zone_B,1,Busy
2026-07-13 15:30:00,2026-07-13,15:30:00,15,Slot_26,Zone_B,1,Busy
2026-07-13 15:30:00,2026-07-13,15:30:00,15,Slot_27,Zone_B,0,Free
2026-07-13 15:30:00,2026-07-13,15:30:00,15,Slot_28,Zone_B,1,Busy
2026-07-13 15:30:00,2026-07-13,15:30:00,15,Slot_29,Zone_B,0,Free
2026-07-13 15:30:00,2026-07-13,15:30:00,15,Slot_30,Zone_B,0,Free
2026-07-13 15:30:00,2026-07-13,15:30:00,15,Slot_31,Zone_C,1,Busy
2026-07-13 15:30:00,2026-07-13,15:30:00,15,Slot_32,Zone_C,0,Free
2026-07-13 15:30:00,2026-07-13,15:30:00,15,Slot_33,Zone_C,0,Free
2026-07-13 15:30:00,2026-07-13,15:30:00,15,Slot_34,Zone_C,0,Free
2026-07-13 15:30:00,2026-07-13,15:30:00,15,Slot_35,Zone_C,0,Free
2026-07-13 15:30:00,2026-07-13,15:30:00,15,Slot_36,Zone_C,0,Free
2026-07-13 15:30:00,2026-07-13,15:30:00,15,Slot_37,Zone_C,1,Busy
2026-07-13 15:30:00,2026-07-13,15:30:00,15,Slot_38,Zone_C,0,Free
2026-07-13 15:30:00,2026-07-13,15:30:00,15,Slot_39,Zone_C,0,Free
2026-07-13 15:30:00,2026-07-13,15:30:00,15,Slot_40,Zone_C,0,Free
2026-07-13 15:45:00,2026-07-13,15:45:00,15,Slot_01,Zone_A,0,Free
2026-07-13 15:45:00,2026-07-13,15:45:00,15,Slot_02,Zone_A,1,Busy
2026-07-13 15:45:00,2026-07-13,15:45:00,15,Slot_03,Zone_A,1,Busy
2026-07-13 15:45:00,2026-07-13,15:45:00,15,Slot_04,Zone_A,1,Busy
2026-07-13 15:45:00,2026-07-13,15:45:00,15,Slot_05,Zone_A,0,Free
2026-07-13 15:45:00,2026-07-13,15:45:00,15,Slot_06,Zone_A,1,Busy
2026-07-13 15:45:00,2026-07-13,15:45:00,15,Slot_07,Zone_A,1,Busy
2026-07-13 15:45:00,2026-07-13,15:45:00,15,Slot_08,Zone_A,0,Free
2026-07-13 15:45:00,2026-07-13,15:45:00,15,Slot_09,Zone_A,1,Busy
2026-07-13 15:45:00,2026-07-13,15:45:00,15,Slot_10,Zone_A,0,Free
2026-07-13 15:45:00,2026-07-13,15:45:00,15,Slot_11,Zone_A,0,Free
2026-07-13 15:45:00,2026-07-13,15:45:00,15,Slot_12,Zone_A,0,Free
2026-07-13 15:45:00,2026-07-13,15:45:00,15,Slot_13,Zone_A,1,Busy
2026-07-13 15:45:00,2026-07-13,15:45:00,15,Slot_14,Zone_A,1,Busy
2026-07-13 15:45:00,2026-07-13,15:45:00,15,Slot_15,Zone_A,0,Free
2026-07-13 15:45:00,2026-07-13,15:45:00,15,Slot_16,Zone_B,0,Free
2026-07-13 15:45:00,2026-07-13,15:45:00,15,Slot_17,Zone_B,0,Free
2026-07-13 15:45:00,2026-07-13,15:45:00,15,Slot_18,Zone_B,1,Busy
2026-07-13 15:45:00,2026-07-13,15:45:00,15,Slot_19,Zone_B,0,Free
2026-07-13 15:45:00,2026-07-13,15:45:00,15,Slot_20,Zone_B,0,Free
2026-07-13 15:45:00,2026-07-13,15:45:00,15,Slot_21,Zone_B,0,Free
2026-07-13 15:45:00,2026-07-13,15:45:00,15,Slot_22,Zone_B,0,Free
2026-07-13 15:45:00,2026-07-13,15:45:00,15,Slot_23,Zone_B,0,Free
2026-07-13 15:45:00,2026-07-13,15:45:00,15,Slot_24,Zone_B,0,Free
2026-07-13 15:45:00,2026-07-13,15:45:00,15,Slot_25,Zone_B,1,Busy
2026-07-13 15:45:00,2026-07-13,15:45:00,15,Slot_26,Zone_B,0,Free
2026-07-13 15:45:00,2026-07-13,15:45:00,15,Slot_27,Zone_B,1,Busy
2026-07-13 15:45:00,2026-07-13,15:45:00,15,Slot_28,Zone_B,1,Busy
2026-07-13 15:45:00,2026-07-13,15:45:00,15,Slot_29,Zone_B,1,Busy
2026-07-13 15:45:00,2026-07-13,15:45:00,15,Slot_30,Zone_B,1,Busy
2026-07-13 15:45:00,2026-07-13,15:45:00,15,Slot_31,Zone_C,1,Busy
2026-07-13 15:45:00,2026-07-13,15:45:00,15,Slot_32,Zone_C,1,Busy
2026-07-13 15:45:00,2026-07-13,15:45:00,15,Slot_33,Zone_C,0,Free
2026-07-13 15:45:00,2026-07-13,15:45:00,15,Slot_34,Zone_C,0,Free
2026-07-13 15:45:00,2026-07-13,15:45:00,15,Slot_35,Zone_C,1,Busy
2026-07-13 15:45:00,2026-07-13,15:45:00,15,Slot_36,Zone_C,0,Free
2026-07-13 15:45:00,2026-07-13,15:45:00,15,Slot_37,Zone_C,0,Free
2026-07-13 15:45:00,2026-07-13,15:45:00,15,Slot_38,Zone_C,1,Busy
2026-07-13 15:45:00,2026-07-13,15:45:00,15,Slot_39,Zone_C,1,Busy
2026-07-13 15:45:00,2026-07-13,15:45:00,15,Slot_40,Zone_C,0,Free
2026-07-13 16:00:00,2026-07-13,16:00:00,16,Slot_01,Zone_A,0,Free
2026-07-13 16:00:00,2026-07-13,16:00:00,16,Slot_02,Zone_A,0,Free
2026-07-13 16:00:00,2026-07-13,16:00:00,16,Slot_03,Zone_A,1,Busy
2026-07-13 16:00:00,2026-07-13,16:00:00,16,Slot_04,Zone_A,1,Busy
2026-07-13 16:00:00,2026-07-13,16:00:00,16,Slot_05,Zone_A,1,Busy
2026-07-13 16:00:00,2026-07-13,16:00:00,16,Slot_06,Zone_A,1,Busy
2026-07-13 16:00:00,2026-07-13,16:00:00,16,Slot_07,Zone_A,1,Busy
2026-07-13 16:00:00,2026-07-13,16:00:00,16,Slot_08,Zone_A,1,Busy
2026-07-13 16:00:00,2026-07-13,16:00:00,16,Slot_09,Zone_A,0,Free
2026-07-13 16:00:00,2026-07-13,16:00:00,16,Slot_10,Zone_A,0,Free
2026-07-13 16:00:00,2026-07-13,16:00:00,16,Slot_11,Zone_A,1,Busy
2026-07-13 16:00:00,2026-07-13,16:00:00,16,Slot_12,Zone_A,0,Free
2026-07-13 16:00:00,2026-07-13,16:00:00,16,Slot_13,Zone_A,1,Busy
2026-07-13 16:00:00,2026-07-13,16:00:00,16,Slot_14,Zone_A,1,Busy
2026-07-13 16:00:00,2026-07-13,16:00:00,16,Slot_15,Zone_A,1,Busy
2026-07-13 16:00:00,2026-07-13,16:00:00,16,Slot_16,Zone_B,0,Free
2026-07-13 16:00:00,2026-07-13,16:00:00,16,Slot_17,Zone_B,0,Free
2026-07-13 16:00:00,2026-07-13,16:00:00,16,Slot_18,Zone_B,0,Free
2026-07-13 16:00:00,2026-07-13,16:00:00,16,Slot_19,Zone_B,1,Busy
2026-07-13 16:00:00,2026-07-13,16:00:00,16,Slot_20,Zone_B,0,Free
2026-07-13 16:00:00,2026-07-13,16:00:00,16,Slot_21,Zone_B,1,Busy
2026-07-13 16:00:00,2026-07-13,16:00:00,16,Slot_22,Zone_B,0,Free
2026-07-13 16:00:00,2026-07-13,16:00:00,16,Slot_23,Zone_B,0,Free
2026-07-13 16:00:00,2026-07-13,16:00:00,16,Slot_24,Zone_B,1,Busy
2026-07-13 16:00:00,2026-07-13,16:00:00,16,Slot_25,Zone_B,0,Free
2026-07-13 16:00:00,2026-07-13,16:00:00,16,Slot_26,Zone_B,0,Free
2026-07-13 16:00:00,2026-07-13,16:00:00,16,Slot_27,Zone_B,1,Busy
2026-07-13 16:00:00,2026-07-13,16:00:00,16,Slot_28,Zone_B,0,Free
2026-07-13 16:00:00,2026-07-13,16:00:00,16,Slot_29,Zone_B,1,Busy
2026-07-13 16:00:00,2026-07-13,16:00:00,16,Slot_30,Zone_B,0,Free
2026-07-13 16:00:00,2026-07-13,16:00:00,16,Slot_31,Zone_C,0,Free
2026-07-13 16:00:00,2026-07-13,16:00:00,16,Slot_32,Zone_C,0,Free
2026-07-13 16:00:00,2026-07-13,16:00:00,16,Slot_33,Zone_C,0,Free
2026-07-13 16:00:00,2026-07-13,16:00:00,16,Slot_34,Zone_C,0,Free
2026-07-13 16:00:00,2026-07-13,16:00:00,16,Slot_35,Zone_C,1,Busy
2026-07-13 16:00:00,2026-07-13,16:00:00,16,Slot_36,Zone_C,0,Free
2026-07-13 16:00:00,2026-07-13,16:00:00,16,Slot_37,Zone_C,1,Busy
2026-07-13 16:00:00,2026-07-13,16:00:00,16,Slot_38,Zone_C,0,Free
2026-07-13 16:00:00,2026-07-13,16:00:00,16,Slot_39,Zone_C,1,Busy
2026-07-13 16:00:00,2026-07-13,16:00:00,16,Slot_40,Zone_C,1,Busy
2026-07-13 16:15:00,2026-07-13,16:15:00,16,Slot_01,Zone_A,0,Free
2026-07-13 16:15:00,2026-07-13,16:15:00,16,Slot_02,Zone_A,1,Busy
2026-07-13 16:15:00,2026-07-13,16:15:00,16,Slot_03,Zone_A,0,Free
2026-07-13 16:15:00,2026-07-13,16:15:00,16,Slot_04,Zone_A,1,Busy
2026-07-13 16:15:00,2026-07-13,16:15:00,16,Slot_05,Zone_A,1,Busy
2026-07-13 16:15:00,2026-07-13,16:15:00,16,Slot_06,Zone_A,1,Busy
2026-07-13 16:15:00,2026-07-13,16:15:00,16,Slot_07,Zone_A,1,Busy
2026-07-13 16:15:00,2026-07-13,16:15:00,16,Slot_08,Zone_A,1,Busy
2026-07-13 16:15:00,2026-07-13,16:15:00,16,Slot_09,Zone_A,0,Free
2026-07-13 16:15:00,2026-07-13,16:15:00,16,Slot_10,Zone_A,1,Busy
2026-07-13 16:15:00,2026-07-13,16:15:00,16,Slot_11,Zone_A,0,Free
2026-07-13 16:15:00,2026-07-13,16:15:00,16,Slot_12,Zone_A,1,Busy
2026-07-13 16:15:00,2026-07-13,16:15:00,16,Slot_13,Zone_A,1,Busy
2026-07-13 16:15:00,2026-07-13,16:15:00,16,Slot_14,Zone_A,0,Free
2026-07-13 16:15:00,2026-07-13,16:15:00,16,Slot_15,Zone_A,1,Busy
2026-07-13 16:15:00,2026-07-13,16:15:00,16,Slot_16,Zone_B,1,Busy
2026-07-13 16:15:00,2026-07-13,16:15:00,16,Slot_17,Zone_B,1,Busy
2026-07-13 16:15:00,2026-07-13,16:15:00,16,Slot_18,Zone_B,1,Busy
2026-07-13 16:15:00,2026-07-13,16:15:00,16,Slot_19,Zone_B,0,Free
2026-07-13 16:15:00,2026-07-13,16:15:00,16,Slot_20,Zone_B,1,Busy
2026-07-13 16:15:00,2026-07-13,16:15:00,16,Slot_21,Zone_B,0,Free
2026-07-13 16:15:00,2026-07-13,16:15:00,16,Slot_22,Zone_B,0,Free
2026-07-13 16:15:00,2026-07-13,16:15:00,16,Slot_23,Zone_B,1,Busy
2026-07-13 16:15:00,2026-07-13,16:15:00,16,Slot_24,Zone_B,0,Free
2026-07-13 16:15:00,2026-07-13,16:15:00,16,Slot_25,Zone_B,1,Busy
2026-07-13 16:15:00,2026-07-13,16:15:00,16,Slot_26,Zone_B,0,Free
2026-07-13 16:15:00,2026-07-13,16:15:00,16,Slot_27,Zone_B,1,Busy
2026-07-13 16:15:00,2026-07-13,16:15:00,16,Slot_28,Zone_B,0,Free
2026-07-13 16:15:00,2026-07-13,16:15:00,16,Slot_29,Zone_B,0,Free
2026-07-13 16:15:00,2026-07-13,16:15:00,16,Slot_30,Zone_B,1,Busy
2026-07-13 16:15:00,2026-07-13,16:15:00,16,Slot_31,Zone_C,0,Free
2026-07-13 16:15:00,2026-07-13,16:15:00,16,Slot_32,Zone_C,0,Free
2026-07-13 16:15:00,2026-07-13,16:15:00,16,Slot_33,Zone_C,1,Busy
2026-07-13 16:15:00,2026-07-13,16:15:00,16,Slot_34,Zone_C,1,Busy
2026-07-13 16:15:00,2026-07-13,16:15:00,16,Slot_35,Zone_C,0,Free
2026-07-13 16:15:00,2026-07-13,16:15:00,16,Slot_36,Zone_C,0,Free
2026-07-13 16:15:00,2026-07-13,16:15:00,16,Slot_37,Zone_C,0,Free
2026-07-13 16:15:00,2026-07-13,16:15:00,16,Slot_38,Zone_C,0,Free
2026-07-13 16:15:00,2026-07-13,16:15:00,16,Slot_39,Zone_C,0,Free
2026-07-13 16:15:00,2026-07-13,16:15:00,16,Slot_40,Zone_C,0,Free
2026-07-13 16:30:00,2026-07-13,16:30:00,16,Slot_01,Zone_A,1,Busy
2026-07-13 16:30:00,2026-07-13,16:30:00,16,Slot_02,Zone_A,1,Busy
2026-07-13 16:30:00,2026-07-13,16:30:00,16,Slot_03,Zone_A,0,Free
2026-07-13 16:30:00,2026-07-13,16:30:00,16,Slot_04,Zone_A,0,Free
2026-07-13 16:30:00,2026-07-13,16:30:00,16,Slot_05,Zone_A,1,Busy
2026-07-13 16:30:00,2026-07-13,16:30:00,16,Slot_06,Zone_A,1,Busy
2026-07-13 16:30:00,2026-07-13,16:30:00,16,Slot_07,Zone_A,0,Free
2026-07-13 16:30:00,2026-07-13,16:30:00,16,Slot_08,Zone_A,1,Busy
2026-07-13 16:30:00,2026-07-13,16:30:00,16,Slot_09,Zone_A,1,Busy
2026-07-13 16:30:00,2026-07-13,16:30:00,16,Slot_10,Zone_A,1,Busy
2026-07-13 16:30:00,2026-07-13,16:30:00,16,Slot_11,Zone_A,1,Busy
2026-07-13 16:30:00,2026-07-13,16:30:00,16,Slot_12,Zone_A,1,Busy
2026-07-13 16:30:00,2026-07-13,16:30:00,16,Slot_13,Zone_A,1,Busy
2026-07-13 16:30:00,2026-07-13,16:30:00,16,Slot_14,Zone_A,1,Busy
2026-07-13 16:30:00,2026-07-13,16:30:00,16,Slot_15,Zone_A,0,Free
2026-07-13 16:30:00,2026-07-13,16:30:00,16,Slot_16,Zone_B,1,Busy
2026-07-13 16:30:00,2026-07-13,16:30:00,16,Slot_17,Zone_B,0,Free
2026-07-13 16:30:00,2026-07-13,16:30:00,16,Slot_18,Zone_B,0,Free
2026-07-13 16:30:00,2026-07-13,16:30:00,16,Slot_19,Zone_B,1,Busy
2026-07-13 16:30:00,2026-07-13,16:30:00,16,Slot_20,Zone_B,0,Free
2026-07-13 16:30:00,2026-07-13,16:30:00,16,Slot_21,Zone_B,0,Free
2026-07-13 16:30:00,2026-07-13,16:30:00,16,Slot_22,Zone_B,0,Free
2026-07-13 16:30:00,2026-07-13,16:30:00,16,Slot_23,Zone_B,1,Busy
2026-07-13 16:30:00,2026-07-13,16:30:00,16,Slot_24,Zone_B,0,Free
2026-07-13 16:30:00,2026-07-13,16:30:00,16,Slot_25,Zone_B,0,Free
2026-07-13 16:30:00,2026-07-13,16:30:00,16,Slot_26,Zone_B,1,Busy
2026-07-13 16:30:00,2026-07-13,16:30:00,16,Slot_27,Zone_B,1,Busy
2026-07-13 16:30:00,2026-07-13,16:30:00,16,Slot_28,Zone_B,0,Free
2026-07-13 16:30:00,2026-07-13,16:30:00,16,Slot_29,Zone_B,0,Free
2026-07-13 16:30:00,2026-07-13,16:30:00,16,Slot_30,Zone_B,1,Busy
2026-07-13 16:30:00,2026-07-13,16:30:00,16,Slot_31,Zone_C,0,Free
2026-07-13 16:30:00,2026-07-13,16:30:00,16,Slot_32,Zone_C,0,Free
2026-07-13 16:30:00,2026-07-13,16:30:00,16,Slot_33,Zone_C,0,Free
2026-07-13 16:30:00,2026-07-13,16:30:00,16,Slot_34,Zone_C,1,Busy
2026-07-13 16:30:00,2026-07-13,16:30:00,16,Slot_35,Zone_C,0,Free
2026-07-13 16:30:00,2026-07-13,16:30:00,16,Slot_36,Zone_C,1,Busy
2026-07-13 16:30:00,2026-07-13,16:30:00,16,Slot_37,Zone_C,0,Free
2026-07-13 16:30:00,2026-07-13,16:30:00,16,Slot_38,Zone_C,1,Busy
2026-07-13 16:30:00,2026-07-13,16:30:00,16,Slot_39,Zone_C,1,Busy
2026-07-13 16:30:00,2026-07-13,16:30:00,16,Slot_40,Zone_C,0,Free
2026-07-13 16:45:00,2026-07-13,16:45:00,16,Slot_01,Zone_A,1,Busy
2026-07-13 16:45:00,2026-07-13,16:45:00,16,Slot_02,Zone_A,0,Free
2026-07-13 16:45:00,2026-07-13,16:45:00,16,Slot_03,Zone_A,1,Busy
2026-07-13 16:45:00,2026-07-13,16:45:00,16,Slot_04,Zone_A,1,Busy
2026-07-13 16:45:00,2026-07-13,16:45:00,16,Slot_05,Zone_A,1,Busy
2026-07-13 16:45:00,2026-07-13,16:45:00,16,Slot_06,Zone_A,1,Busy
2026-07-13 16:45:00,2026-07-13,16:45:00,16,Slot_07,Zone_A,1,Busy
2026-07-13 16:45:00,2026-07-13,16:45:00,16,Slot_08,Zone_A,1,Busy
2026-07-13 16:45:00,2026-07-13,16:45:00,16,Slot_09,Zone_A,1,Busy
2026-07-13 16:45:00,2026-07-13,16:45:00,16,Slot_10,Zone_A,1,Busy
2026-07-13 16:45:00,2026-07-13,16:45:00,16,Slot_11,Zone_A,1,Busy
2026-07-13 16:45:00,2026-07-13,16:45:00,16,Slot_12,Zone_A,0,Free
2026-07-13 16:45:00,2026-07-13,16:45:00,16,Slot_13,Zone_A,1,Busy
2026-07-13 16:45:00,2026-07-13,16:45:00,16,Slot_14,Zone_A,1,Busy
2026-07-13 16:45:00,2026-07-13,16:45:00,16,Slot_15,Zone_A,0,Free
2026-07-13 16:45:00,2026-07-13,16:45:00,16,Slot_16,Zone_B,0,Free
2026-07-13 16:45:00,2026-07-13,16:45:00,16,Slot_17,Zone_B,0,Free
2026-07-13 16:45:00,2026-07-13,16:45:00,16,Slot_18,Zone_B,1,Busy
2026-07-13 16:45:00,2026-07-13,16:45:00,16,Slot_19,Zone_B,0,Free
2026-07-13 16:45:00,2026-07-13,16:45:00,16,Slot_20,Zone_B,0,Free
2026-07-13 16:45:00,2026-07-13,16:45:00,16,Slot_21,Zone_B,0,Free
2026-07-13 16:45:00,2026-07-13,16:45:00,16,Slot_22,Zone_B,0,Free
2026-07-13 16:45:00,2026-07-13,16:45:00,16,Slot_23,Zone_B,1,Busy
2026-07-13 16:45:00,2026-07-13,16:45:00,16,Slot_24,Zone_B,1,Busy
2026-07-13 16:45:00,2026-07-13,16:45:00,16,Slot_25,Zone_B,0,Free
2026-07-13 16:45:00,2026-07-13,16:45:00,16,Slot_26,Zone_B,0,Free
2026-07-13 16:45:00,2026-07-13,16:45:00,16,Slot_27,Zone_B,1,Busy
2026-07-13 16:45:00,2026-07-13,16:45:00,16,Slot_28,Zone_B,1,Busy
2026-07-13 16:45:00,2026-07-13,16:45:00,16,Slot_29,Zone_B,1,Busy
2026-07-13 16:45:00,2026-07-13,16:45:00,16,Slot_30,Zone_B,1,Busy
2026-07-13 16:45:00,2026-07-13,16:45:00,16,Slot_31,Zone_C,0,Free
2026-07-13 16:45:00,2026-07-13,16:45:00,16,Slot_32,Zone_C,0,Free
2026-07-13 16:45:00,2026-07-13,16:45:00,16,Slot_33,Zone_C,1,Busy
2026-07-13 16:45:00,2026-07-13,16:45:00,16,Slot_34,Zone_C,0,Free
2026-07-13 16:45:00,2026-07-13,16:45:00,16,Slot_35,Zone_C,1,Busy
2026-07-13 16:45:00,2026-07-13,16:45:00,16,Slot_36,Zone_C,1,Busy
2026-07-13 16:45:00,2026-07-13,16:45:00,16,Slot_37,Zone_C,0,Free
2026-07-13 16:45:00,2026-07-13,16:45:00,16,Slot_38,Zone_C,0,Free
2026-07-13 16:45:00,2026-07-13,16:45:00,16,Slot_39,Zone_C,0,Free
2026-07-13 16:45:00,2026-07-13,16:45:00,16,Slot_40,Zone_C,1,Busy
2026-07-13 17:00:00,2026-07-13,17:00:00,17,Slot_01,Zone_A,1,Busy
2026-07-13 17:00:00,2026-07-13,17:00:00,17,Slot_02,Zone_A,1,Busy
2026-07-13 17:00:00,2026-07-13,17:00:00,17,Slot_03,Zone_A,1,Busy
2026-07-13 17:00:00,2026-07-13,17:00:00,17,Slot_04,Zone_A,1,Busy
2026-07-13 17:00:00,2026-07-13,17:00:00,17,Slot_05,Zone_A,1,Busy
2026-07-13 17:00:00,2026-07-13,17:00:00,17,Slot_06,Zone_A,1,Busy
2026-07-13 17:00:00,2026-07-13,17:00:00,17,Slot_07,Zone_A,1,Busy
2026-07-13 17:00:00,2026-07-13,17:00:00,17,Slot_08,Zone_A,1,Busy
2026-07-13 17:00:00,2026-07-13,17:00:00,17,Slot_09,Zone_A,1,Busy
2026-07-13 17:00:00,2026-07-13,17:00:00,17,Slot_10,Zone_A,1,Busy
2026-07-13 17:00:00,2026-07-13,17:00:00,17,Slot_11,Zone_A,1,Busy
2026-07-13 17:00:00,2026-07-13,17:00:00,17,Slot_12,Zone_A,1,Busy
2026-07-13 17:00:00,2026-07-13,17:00:00,17,Slot_13,Zone_A,1,Busy
2026-07-13 17:00:00,2026-07-13,17:00:00,17,Slot_14,Zone_A,0,Free
2026-07-13 17:00:00,2026-07-13,17:00:00,17,Slot_15,Zone_A,1,Busy
2026-07-13 17:00:00,2026-07-13,17:00:00,17,Slot_16,Zone_B,1,Busy
2026-07-13 17:00:00,2026-07-13,17:00:00,17,Slot_17,Zone_B,0,Free
2026-07-13 17:00:00,2026-07-13,17:00:00,17,Slot_18,Zone_B,1,Busy
2026-07-13 17:00:00,2026-07-13,17:00:00,17,Slot_19,Zone_B,0,Free
2026-07-13 17:00:00,2026-07-13,17:00:00,17,Slot_20,Zone_B,1,Busy
2026-07-13 17:00:00,2026-07-13,17:00:00,17,Slot_21,Zone_B,1,Busy
2026-07-13 17:00:00,2026-07-13,17:00:00,17,Slot_22,Zone_B,1,Busy
2026-07-13 17:00:00,2026-07-13,17:00:00,17,Slot_23,Zone_B,1,Busy
2026-07-13 17:00:00,2026-07-13,17:00:00,17,Slot_24,Zone_B,1,Busy
2026-07-13 17:00:00,2026-07-13,17:00:00,17,Slot_25,Zone_B,1,Busy
2026-07-13 17:00:00,2026-07-13,17:00:00,17,Slot_26,Zone_B,1,Busy
2026-07-13 17:00:00,2026-07-13,17:00:00,17,Slot_27,Zone_B,1,Busy
2026-07-13 17:00:00,2026-07-13,17:00:00,17,Slot_28,Zone_B,1,Busy
2026-07-13 17:00:00,2026-07-13,17:00:00,17,Slot_29,Zone_B,1,Busy
2026-07-13 17:00:00,2026-07-13,17:00:00,17,Slot_30,Zone_B,1,Busy
2026-07-13 17:00:00,2026-07-13,17:00:00,17,Slot_31,Zone_C,1,Busy
2026-07-13 17:00:00,2026-07-13,17:00:00,17,Slot_32,Zone_C,1,Busy
2026-07-13 17:00:00,2026-07-13,17:00:00,17,Slot_33,Zone_C,1,Busy
2026-07-13 17:00:00,2026-07-13,17:00:00,17,Slot_34,Zone_C,1,Busy
2026-07-13 17:00:00,2026-07-13,17:00:00,17,Slot_35,Zone_C,0,Free
2026-07-13 17:00:00,2026-07-13,17:00:00,17,Slot_36,Zone_C,1,Busy
2026-07-13 17:00:00,2026-07-13,17:00:00,17,Slot_37,Zone_C,1,Busy
2026-07-13 17:00:00,2026-07-13,17:00:00,17,Slot_38,Zone_C,0,Free
2026-07-13 17:00:00,2026-07-13,17:00:00,17,Slot_39,Zone_C,1,Busy
2026-07-13 17:00:00,2026-07-13,17:00:00,17,Slot_40,Zone_C,1,Busy
2026-07-13 17:15:00,2026-07-13,17:15:00,17,Slot_01,Zone_A,1,Busy
2026-07-13 17:15:00,2026-07-13,17:15:00,17,Slot_02,Zone_A,1,Busy
2026-07-13 17:15:00,2026-07-13,17:15:00,17,Slot_03,Zone_A,1,Busy
2026-07-13 17:15:00,2026-07-13,17:15:00,17,Slot_04,Zone_A,1,Busy
2026-07-13 17:15:00,2026-07-13,17:15:00,17,Slot_05,Zone_A,1,Busy
2026-07-13 17:15:00,2026-07-13,17:15:00,17,Slot_06,Zone_A,0,Free
2026-07-13 17:15:00,2026-07-13,17:15:00,17,Slot_07,Zone_A,1,Busy
2026-07-13 17:15:00,2026-07-13,17:15:00,17,Slot_08,Zone_A,1,Busy
2026-07-13 17:15:00,2026-07-13,17:15:00,17,Slot_09,Zone_A,1,Busy
2026-07-13 17:15:00,2026-07-13,17:15:00,17,Slot_10,Zone_A,1,Busy
2026-07-13 17:15:00,2026-07-13,17:15:00,17,Slot_11,Zone_A,1,Busy
2026-07-13 17:15:00,2026-07-13,17:15:00,17,Slot_12,Zone_A,1,Busy
2026-07-13 17:15:00,2026-07-13,17:15:00,17,Slot_13,Zone_A,1,Busy
2026-07-13 17:15:00,2026-07-13,17:15:00,17,Slot_14,Zone_A,1,Busy
2026-07-13 17:15:00,2026-07-13,17:15:00,17,Slot_15,Zone_A,1,Busy
2026-07-13 17:15:00,2026-07-13,17:15:00,17,Slot_16,Zone_B,1,Busy
2026-07-13 17:15:00,2026-07-13,17:15:00,17,Slot_17,Zone_B,1,Busy
2026-07-13 17:15:00,2026-07-13,17:15:00,17,Slot_18,Zone_B,1,Busy
2026-07-13 17:15:00,2026-07-13,17:15:00,17,Slot_19,Zone_B,1,Busy
2026-07-13 17:15:00,2026-07-13,17:15:00,17,Slot_20,Zone_B,1,Busy
2026-07-13 17:15:00,2026-07-13,17:15:00,17,Slot_21,Zone_B,1,Busy
2026-07-13 17:15:00,2026-07-13,17:15:00,17,Slot_22,Zone_B,1,Busy
2026-07-13 17:15:00,2026-07-13,17:15:00,17,Slot_23,Zone_B,0,Free
2026-07-13 17:15:00,2026-07-13,17:15:00,17,Slot_24,Zone_B,1,Busy
2026-07-13 17:15:00,2026-07-13,17:15:00,17,Slot_25,Zone_B,1,Busy
2026-07-13 17:15:00,2026-07-13,17:15:00,17,Slot_26,Zone_B,1,Busy
2026-07-13 17:15:00,2026-07-13,17:15:00,17,Slot_27,Zone_B,0,Free
2026-07-13 17:15:00,2026-07-13,17:15:00,17,Slot_28,Zone_B,1,Busy
2026-07-13 17:15:00,2026-07-13,17:15:00,17,Slot_29,Zone_B,0,Free
2026-07-13 17:15:00,2026-07-13,17:15:00,17,Slot_30,Zone_B,0,Free
2026-07-13 17:15:00,2026-07-13,17:15:00,17,Slot_31,Zone_C,1,Busy
2026-07-13 17:15:00,2026-07-13,17:15:00,17,Slot_32,Zone_C,0,Free
2026-07-13 17:15:00,2026-07-13,17:15:00,17,Slot_33,Zone_C,1,Busy
2026-07-13 17:15:00,2026-07-13,17:15:00,17,Slot_34,Zone_C,1,Busy
2026-07-13 17:15:00,2026-07-13,17:15:00,17,Slot_35,Zone_C,1,Busy
2026-07-13 17:15:00,2026-07-13,17:15:00,17,Slot_36,Zone_C,1,Busy
2026-07-13 17:15:00,2026-07-13,17:15:00,17,Slot_37,Zone_C,1,Busy
2026-07-13 17:15:00,2026-07-13,17:15:00,17,Slot_38,Zone_C,1,Busy
2026-07-13 17:15:00,2026-07-13,17:15:00,17,Slot_39,Zone_C,0,Free
2026-07-13 17:15:00,2026-07-13,17:15:00,17,Slot_40,Zone_C,1,Busy
2026-07-13 17:30:00,2026-07-13,17:30:00,17,Slot_01,Zone_A,1,Busy
2026-07-13 17:30:00,2026-07-13,17:30:00,17,Slot_02,Zone_A,1,Busy
2026-07-13 17:30:00,2026-07-13,17:30:00,17,Slot_03,Zone_A,1,Busy
2026-07-13 17:30:00,2026-07-13,17:30:00,17,Slot_04,Zone_A,0,Free
2026-07-13 17:30:00,2026-07-13,17:30:00,17,Slot_05,Zone_A,1,Busy
2026-07-13 17:30:00,2026-07-13,17:30:00,17,Slot_06,Zone_A,0,Free
2026-07-13 17:30:00,2026-07-13,17:30:00,17,Slot_07,Zone_A,1,Busy
2026-07-13 17:30:00,2026-07-13,17:30:00,17,Slot_08,Zone_A,1,Busy
2026-07-13 17:30:00,2026-07-13,17:30:00,17,Slot_09,Zone_A,1,Busy
2026-07-13 17:30:00,2026-07-13,17:30:00,17,Slot_10,Zone_A,1,Busy
2026-07-13 17:30:00,2026-07-13,17:30:00,17,Slot_11,Zone_A,1,Busy
2026-07-13 17:30:00,2026-07-13,17:30:00,17,Slot_12,Zone_A,1,Busy
2026-07-13 17:30:00,2026-07-13,17:30:00,17,Slot_13,Zone_A,1,Busy
2026-07-13 17:30:00,2026-07-13,17:30:00,17,Slot_14,Zone_A,1,Busy
2026-07-13 17:30:00,2026-07-13,17:30:00,17,Slot_15,Zone_A,1,Busy
2026-07-13 17:30:00,2026-07-13,17:30:00,17,Slot_16,Zone_B,1,Busy
2026-07-13 17:30:00,2026-07-13,17:30:00,17,Slot_17,Zone_B,1,Busy
2026-07-13 17:30:00,2026-07-13,17:30:00,17,Slot_18,Zone_B,1,Busy
2026-07-13 17:30:00,2026-07-13,17:30:00,17,Slot_19,Zone_B,1,Busy
2026-07-13 17:30:00,2026-07-13,17:30:00,17,Slot_20,Zone_B,1,Busy
2026-07-13 17:30:00,2026-07-13,17:30:00,17,Slot_21,Zone_B,0,Free
2026-07-13 17:30:00,2026-07-13,17:30:00,17,Slot_22,Zone_B,1,Busy
2026-07-13 17:30:00,2026-07-13,17:30:00,17,Slot_23,Zone_B,1,Busy
2026-07-13 17:30:00,2026-07-13,17:30:00,17,Slot_24,Zone_B,1,Busy
2026-07-13 17:30:00,2026-07-13,17:30:00,17,Slot_25,Zone_B,1,Busy
2026-07-13 17:30:00,2026-07-13,17:30:00,17,Slot_26,Zone_B,1,Busy
2026-07-13 17:30:00,2026-07-13,17:30:00,17,Slot_27,Zone_B,1,Busy
2026-07-13 17:30:00,2026-07-13,17:30:00,17,Slot_28,Zone_B,1,Busy
2026-07-13 17:30:00,2026-07-13,17:30:00,17,Slot_29,Zone_B,1,Busy
2026-07-13 17:30:00,2026-07-13,17:30:00,17,Slot_30,Zone_B,1,Busy
2026-07-13 17:30:00,2026-07-13,17:30:00,17,Slot_31,Zone_C,1,Busy
2026-07-13 17:30:00,2026-07-13,17:30:00,17,Slot_32,Zone_C,1,Busy
2026-07-13 17:30:00,2026-07-13,17:30:00,17,Slot_33,Zone_C,1,Busy
2026-07-13 17:30:00,2026-07-13,17:30:00,17,Slot_34,Zone_C,1,Busy
2026-07-13 17:30:00,2026-07-13,17:30:00,17,Slot_35,Zone_C,1,Busy
2026-07-13 17:30:00,2026-07-13,17:30:00,17,Slot_36,Zone_C,0,Free
2026-07-13 17:30:00,2026-07-13,17:30:00,17,Slot_37,Zone_C,0,Free
2026-07-13 17:30:00,2026-07-13,17:30:00,17,Slot_38,Zone_C,1,Busy
2026-07-13 17:30:00,2026-07-13,17:30:00,17,Slot_39,Zone_C,1,Busy
2026-07-13 17:30:00,2026-07-13,17:30:00,17,Slot_40,Zone_C,1,Busy
2026-07-13 17:45:00,2026-07-13,17:45:00,17,Slot_01,Zone_A,1,Busy
2026-07-13 17:45:00,2026-07-13,17:45:00,17,Slot_02,Zone_A,1,Busy
2026-07-13 17:45:00,2026-07-13,17:45:00,17,Slot_03,Zone_A,1,Busy
2026-07-13 17:45:00,2026-07-13,17:45:00,17,Slot_04,Zone_A,0,Free
2026-07-13 17:45:00,2026-07-13,17:45:00,17,Slot_05,Zone_A,1,Busy
2026-07-13 17:45:00,2026-07-13,17:45:00,17,Slot_06,Zone_A,1,Busy
2026-07-13 17:45:00,2026-07-13,17:45:00,17,Slot_07,Zone_A,1,Busy
2026-07-13 17:45:00,2026-07-13,17:45:00,17,Slot_08,Zone_A,1,Busy
2026-07-13 17:45:00,2026-07-13,17:45:00,17,Slot_09,Zone_A,1,Busy
2026-07-13 17:45:00,2026-07-13,17:45:00,17,Slot_10,Zone_A,1,Busy
2026-07-13 17:45:00,2026-07-13,17:45:00,17,Slot_11,Zone_A,1,Busy
2026-07-13 17:45:00,2026-07-13,17:45:00,17,Slot_12,Zone_A,1,Busy
2026-07-13 17:45:00,2026-07-13,17:45:00,17,Slot_13,Zone_A,1,Busy
2026-07-13 17:45:00,2026-07-13,17:45:00,17,Slot_14,Zone_A,1,Busy
2026-07-13 17:45:00,2026-07-13,17:45:00,17,Slot_15,Zone_A,1,Busy
2026-07-13 17:45:00,2026-07-13,17:45:00,17,Slot_16,Zone_B,1,Busy
2026-07-13 17:45:00,2026-07-13,17:45:00,17,Slot_17,Zone_B,1,Busy
2026-07-13 17:45:00,2026-07-13,17:45:00,17,Slot_18,Zone_B,1,Busy
2026-07-13 17:45:00,2026-07-13,17:45:00,17,Slot_19,Zone_B,1,Busy
2026-07-13 17:45:00,2026-07-13,17:45:00,17,Slot_20,Zone_B,1,Busy
2026-07-13 17:45:00,2026-07-13,17:45:00,17,Slot_21,Zone_B,1,Busy
2026-07-13 17:45:00,2026-07-13,17:45:00,17,Slot_22,Zone_B,1,Busy
2026-07-13 17:45:00,2026-07-13,17:45:00,17,Slot_23,Zone_B,0,Free
2026-07-13 17:45:00,2026-07-13,17:45:00,17,Slot_24,Zone_B,1,Busy
2026-07-13 17:45:00,2026-07-13,17:45:00,17,Slot_25,Zone_B,1,Busy
2026-07-13 17:45:00,2026-07-13,17:45:00,17,Slot_26,Zone_B,1,Busy
2026-07-13 17:45:00,2026-07-13,17:45:00,17,Slot_27,Zone_B,1,Busy
2026-07-13 17:45:00,2026-07-13,17:45:00,17,Slot_28,Zone_B,1,Busy
2026-07-13 17:45:00,2026-07-13,17:45:00,17,Slot_29,Zone_B,1,Busy
2026-07-13 17:45:00,2026-07-13,17:45:00,17,Slot_30,Zone_B,1,Busy
2026-07-13 17:45:00,2026-07-13,17:45:00,17,Slot_31,Zone_C,0,Free
2026-07-13 17:45:00,2026-07-13,17:45:00,17,Slot_32,Zone_C,0,Free
2026-07-13 17:45:00,2026-07-13,17:45:00,17,Slot_33,Zone_C,0,Free
2026-07-13 17:45:00,2026-07-13,17:45:00,17,Slot_34,Zone_C,1,Busy
2026-07-13 17:45:00,2026-07-13,17:45:00,17,Slot_35,Zone_C,1,Busy
2026-07-13 17:45:00,2026-07-13,17:45:00,17,Slot_36,Zone_C,1,Busy
2026-07-13 17:45:00,2026-07-13,17:45:00,17,Slot_37,Zone_C,1,Busy
2026-07-13 17:45:00,2026-07-13,17:45:00,17,Slot_38,Zone_C,1,Busy
2026-07-13 17:45:00,2026-07-13,17:45:00,17,Slot_39,Zone_C,1,Busy
2026-07-13 17:45:00,2026-07-13,17:45:00,17,Slot_40,Zone_C,1,Busy
2026-07-13 18:00:00,2026-07-13,18:00:00,18,Slot_01,Zone_A,1,Busy
2026-07-13 18:00:00,2026-07-13,18:00:00,18,Slot_02,Zone_A,1,Busy
2026-07-13 18:00:00,2026-07-13,18:00:00,18,Slot_03,Zone_A,1,Busy
2026-07-13 18:00:00,2026-07-13,18:00:00,18,Slot_04,Zone_A,1,Busy
2026-07-13 18:00:00,2026-07-13,18:00:00,18,Slot_05,Zone_A,1,Busy
2026-07-13 18:00:00,2026-07-13,18:00:00,18,Slot_06,Zone_A,1,Busy
2026-07-13 18:00:00,2026-07-13,18:00:00,18,Slot_07,Zone_A,1,Busy
2026-07-13 18:00:00,2026-07-13,18:00:00,18,Slot_08,Zone_A,1,Busy
2026-07-13 18:00:00,2026-07-13,18:00:00,18,Slot_09,Zone_A,1,Busy
2026-07-13 18:00:00,2026-07-13,18:00:00,18,Slot_10,Zone_A,1,Busy
2026-07-13 18:00:00,2026-07-13,18:00:00,18,Slot_11,Zone_A,1,Busy
2026-07-13 18:00:00,2026-07-13,18:00:00,18,Slot_12,Zone_A,1,Busy
2026-07-13 18:00:00,2026-07-13,18:00:00,18,Slot_13,Zone_A,1,Busy
2026-07-13 18:00:00,2026-07-13,18:00:00,18,Slot_14,Zone_A,1,Busy
2026-07-13 18:00:00,2026-07-13,18:00:00,18,Slot_15,Zone_A,1,Busy
2026-07-13 18:00:00,2026-07-13,18:00:00,18,Slot_16,Zone_B,1,Busy
2026-07-13 18:00:00,2026-07-13,18:00:00,18,Slot_17,Zone_B,1,Busy
2026-07-13 18:00:00,2026-07-13,18:00:00,18,Slot_18,Zone_B,1,Busy
2026-07-13 18:00:00,2026-07-13,18:00:00,18,Slot_19,Zone_B,1,Busy
2026-07-13 18:00:00,2026-07-13,18:00:00,18,Slot_20,Zone_B,1,Busy
2026-07-13 18:00:00,2026-07-13,18:00:00,18,Slot_21,Zone_B,1,Busy
2026-07-13 18:00:00,2026-07-13,18:00:00,18,Slot_22,Zone_B,1,Busy
2026-07-13 18:00:00,2026-07-13,18:00:00,18,Slot_23,Zone_B,1,Busy
2026-07-13 18:00:00,2026-07-13,18:00:00,18,Slot_24,Zone_B,1,Busy
2026-07-13 18:00:00,2026-07-13,18:00:00,18,Slot_25,Zone_B,1,Busy
2026-07-13 18:00:00,2026-07-13,18:00:00,18,Slot_26,Zone_B,1,Busy
2026-07-13 18:00:00,2026-07-13,18:00:00,18,Slot_27,Zone_B,0,Free
2026-07-13 18:00:00,2026-07-13,18:00:00,18,Slot_28,Zone_B,1,Busy
2026-07-13 18:00:00,2026-07-13,18:00:00,18,Slot_29,Zone_B,1,Busy
2026-07-13 18:00:00,2026-07-13,18:00:00,18,Slot_30,Zone_B,1,Busy
2026-07-13 18:00:00,2026-07-13,18:00:00,18,Slot_31,Zone_C,1,Busy
2026-07-13 18:00:00,2026-07-13,18:00:00,18,Slot_32,Zone_C,1,Busy
2026-07-13 18:00:00,2026-07-13,18:00:00,18,Slot_33,Zone_C,1,Busy
2026-07-13 18:00:00,2026-07-13,18:00:00,18,Slot_34,Zone_C,0,Free
2026-07-13 18:00:00,2026-07-13,18:00:00,18,Slot_35,Zone_C,1,Busy
2026-07-13 18:00:00,2026-07-13,18:00:00,18,Slot_36,Zone_C,1,Busy
2026-07-13 18:00:00,2026-07-13,18:00:00,18,Slot_37,Zone_C,1,Busy
2026-07-13 18:00:00,2026-07-13,18:00:00,18,Slot_38,Zone_C,0,Free
2026-07-13 18:00:00,2026-07-13,18:00:00,18,Slot_39,Zone_C,1,Busy
2026-07-13 18:00:00,2026-07-13,18:00:00,18,Slot_40,Zone_C,1,Busy
2026-07-13 18:15:00,2026-07-13,18:15:00,18,Slot_01,Zone_A,1,Busy
2026-07-13 18:15:00,2026-07-13,18:15:00,18,Slot_02,Zone_A,1,Busy
2026-07-13 18:15:00,2026-07-13,18:15:00,18,Slot_03,Zone_A,1,Busy
2026-07-13 18:15:00,2026-07-13,18:15:00,18,Slot_04,Zone_A,1,Busy
2026-07-13 18:15:00,2026-07-13,18:15:00,18,Slot_05,Zone_A,1,Busy
2026-07-13 18:15:00,2026-07-13,18:15:00,18,Slot_06,Zone_A,1,Busy
2026-07-13 18:15:00,2026-07-13,18:15:00,18,Slot_07,Zone_A,1,Busy
2026-07-13 18:15:00,2026-07-13,18:15:00,18,Slot_08,Zone_A,0,Free
2026-07-13 18:15:00,2026-07-13,18:15:00,18,Slot_09,Zone_A,1,Busy
2026-07-13 18:15:00,2026-07-13,18:15:00,18,Slot_10,Zone_A,1,Busy
2026-07-13 18:15:00,2026-07-13,18:15:00,18,Slot_11,Zone_A,1,Busy
2026-07-13 18:15:00,2026-07-13,18:15:00,18,Slot_12,Zone_A,1,Busy
2026-07-13 18:15:00,2026-07-13,18:15:00,18,Slot_13,Zone_A,1,Busy
2026-07-13 18:15:00,2026-07-13,18:15:00,18,Slot_14,Zone_A,1,Busy
2026-07-13 18:15:00,2026-07-13,18:15:00,18,Slot_15,Zone_A,1,Busy
2026-07-13 18:15:00,2026-07-13,18:15:00,18,Slot_16,Zone_B,1,Busy
2026-07-13 18:15:00,2026-07-13,18:15:00,18,Slot_17,Zone_B,1,Busy
2026-07-13 18:15:00,2026-07-13,18:15:00,18,Slot_18,Zone_B,1,Busy
2026-07-13 18:15:00,2026-07-13,18:15:00,18,Slot_19,Zone_B,0,Free
2026-07-13 18:15:00,2026-07-13,18:15:00,18,Slot_20,Zone_B,1,Busy
2026-07-13 18:15:00,2026-07-13,18:15:00,18,Slot_21,Zone_B,1,Busy
2026-07-13 18:15:00,2026-07-13,18:15:00,18,Slot_22,Zone_B,1,Busy
2026-07-13 18:15:00,2026-07-13,18:15:00,18,Slot_23,Zone_B,1,Busy
2026-07-13 18:15:00,2026-07-13,18:15:00,18,Slot_24,Zone_B,1,Busy
2026-07-13 18:15:00,2026-07-13,18:15:00,18,Slot_25,Zone_B,1,Busy
2026-07-13 18:15:00,2026-07-13,18:15:00,18,Slot_26,Zone_B,1,Busy
2026-07-13 18:15:00,2026-07-13,18:15:00,18,Slot_27,Zone_B,1,Busy
2026-07-13 18:15:00,2026-07-13,18:15:00,18,Slot_28,Zone_B,1,Busy
2026-07-13 18:15:00,2026-07-13,18:15:00,18,Slot_29,Zone_B,1,Busy
2026-07-13 18:15:00,2026-07-13,18:15:00,18,Slot_30,Zone_B,0,Free
2026-07-13 18:15:00,2026-07-13,18:15:00,18,Slot_31,Zone_C,0,Free
2026-07-13 18:15:00,2026-07-13,18:15:00,18,Slot_32,Zone_C,1,Busy
2026-07-13 18:15:00,2026-07-13,18:15:00,18,Slot_33,Zone_C,1,Busy
2026-07-13 18:15:00,2026-07-13,18:15:00,18,Slot_34,Zone_C,1,Busy
2026-07-13 18:15:00,2026-07-13,18:15:00,18,Slot_35,Zone_C,0,Free
2026-07-13 18:15:00,2026-07-13,18:15:00,18,Slot_36,Zone_C,1,Busy
2026-07-13 18:15:00,2026-07-13,18:15:00,18,Slot_37,Zone_C,1,Busy
2026-07-13 18:15:00,2026-07-13,18:15:00,18,Slot_38,Zone_C,0,Free
2026-07-13 18:15:00,2026-07-13,18:15:00,18,Slot_39,Zone_C,1,Busy
2026-07-13 18:15:00,2026-07-13,18:15:00,18,Slot_40,Zone_C,0,Free
2026-07-13 18:30:00,2026-07-13,18:30:00,18,Slot_01,Zone_A,1,Busy
2026-07-13 18:30:00,2026-07-13,18:30:00,18,Slot_02,Zone_A,1,Busy
2026-07-13 18:30:00,2026-07-13,18:30:00,18,Slot_03,Zone_A,1,Busy
2026-07-13 18:30:00,2026-07-13,18:30:00,18,Slot_04,Zone_A,0,Free
2026-07-13 18:30:00,2026-07-13,18:30:00,18,Slot_05,Zone_A,1,Busy
2026-07-13 18:30:00,2026-07-13,18:30:00,18,Slot_06,Zone_A,1,Busy
2026-07-13 18:30:00,2026-07-13,18:30:00,18,Slot_07,Zone_A,1,Busy
2026-07-13 18:30:00,2026-07-13,18:30:00,18,Slot_08,Zone_A,1,Busy
2026-07-13 18:30:00,2026-07-13,18:30:00,18,Slot_09,Zone_A,1,Busy
2026-07-13 18:30:00,2026-07-13,18:30:00,18,Slot_10,Zone_A,1,Busy
2026-07-13 18:30:00,2026-07-13,18:30:00,18,Slot_11,Zone_A,1,Busy
2026-07-13 18:30:00,2026-07-13,18:30:00,18,Slot_12,Zone_A,1,Busy
2026-07-13 18:30:00,2026-07-13,18:30:00,18,Slot_13,Zone_A,1,Busy
2026-07-13 18:30:00,2026-07-13,18:30:00,18,Slot_14,Zone_A,1,Busy
2026-07-13 18:30:00,2026-07-13,18:30:00,18,Slot_15,Zone_A,1,Busy
2026-07-13 18:30:00,2026-07-13,18:30:00,18,Slot_16,Zone_B,1,Busy
2026-07-13 18:30:00,2026-07-13,18:30:00,18,Slot_17,Zone_B,1,Busy
2026-07-13 18:30:00,2026-07-13,18:30:00,18,Slot_18,Zone_B,1,Busy
2026-07-13 18:30:00,2026-07-13,18:30:00,18,Slot_19,Zone_B,1,Busy
2026-07-13 18:30:00,2026-07-13,18:30:00,18,Slot_20,Zone_B,0,Free
2026-07-13 18:30:00,2026-07-13,18:30:00,18,Slot_21,Zone_B,1,Busy
2026-07-13 18:30:00,2026-07-13,18:30:00,18,Slot_22,Zone_B,1,Busy
2026-07-13 18:30:00,2026-07-13,18:30:00,18,Slot_23,Zone_B,1,Busy
2026-07-13 18:30:00,2026-07-13,18:30:00,18,Slot_24,Zone_B,1,Busy
2026-07-13 18:30:00,2026-07-13,18:30:00,18,Slot_25,Zone_B,1,Busy
2026-07-13 18:30:00,2026-07-13,18:30:00,18,Slot_26,Zone_B,0,Free
2026-07-13 18:30:00,2026-07-13,18:30:00,18,Slot_27,Zone_B,1,Busy
2026-07-13 18:30:00,2026-07-13,18:30:00,18,Slot_28,Zone_B,1,Busy
2026-07-13 18:30:00,2026-07-13,18:30:00,18,Slot_29,Zone_B,1,Busy
2026-07-13 18:30:00,2026-07-13,18:30:00,18,Slot_30,Zone_B,1,Busy
2026-07-13 18:30:00,2026-07-13,18:30:00,18,Slot_31,Zone_C,1,Busy
2026-07-13 18:30:00,2026-07-13,18:30:00,18,Slot_32,Zone_C,0,Free
2026-07-13 18:30:00,2026-07-13,18:30:00,18,Slot_33,Zone_C,1,Busy
2026-07-13 18:30:00,2026-07-13,18:30:00,18,Slot_34,Zone_C,1,Busy
2026-07-13 18:30:00,2026-07-13,18:30:00,18,Slot_35,Zone_C,1,Busy
2026-07-13 18:30:00,2026-07-13,18:30:00,18,Slot_36,Zone_C,0,Free
2026-07-13 18:30:00,2026-07-13,18:30:00,18,Slot_37,Zone_C,1,Busy
2026-07-13 18:30:00,2026-07-13,18:30:00,18,Slot_38,Zone_C,1,Busy
2026-07-13 18:30:00,2026-07-13,18:30:00,18,Slot_39,Zone_C,1,Busy
2026-07-13 18:30:00,2026-07-13,18:30:00,18,Slot_40,Zone_C,0,Free
2026-07-13 18:45:00,2026-07-13,18:45:00,18,Slot_01,Zone_A,1,Busy
2026-07-13 18:45:00,2026-07-13,18:45:00,18,Slot_02,Zone_A,1,Busy
2026-07-13 18:45:00,2026-07-13,18:45:00,18,Slot_03,Zone_A,1,Busy
2026-07-13 18:45:00,2026-07-13,18:45:00,18,Slot_04,Zone_A,1,Busy
2026-07-13 18:45:00,2026-07-13,18:45:00,18,Slot_05,Zone_A,1,Busy
2026-07-13 18:45:00,2026-07-13,18:45:00,18,Slot_06,Zone_A,1,Busy
2026-07-13 18:45:00,2026-07-13,18:45:00,18,Slot_07,Zone_A,1,Busy
2026-07-13 18:45:00,2026-07-13,18:45:00,18,Slot_08,Zone_A,1,Busy
2026-07-13 18:45:00,2026-07-13,18:45:00,18,Slot_09,Zone_A,1,Busy
2026-07-13 18:45:00,2026-07-13,18:45:00,18,Slot_10,Zone_A,1,Busy
2026-07-13 18:45:00,2026-07-13,18:45:00,18,Slot_11,Zone_A,1,Busy
2026-07-13 18:45:00,2026-07-13,18:45:00,18,Slot_12,Zone_A,1,Busy
2026-07-13 18:45:00,2026-07-13,18:45:00,18,Slot_13,Zone_A,1,Busy
2026-07-13 18:45:00,2026-07-13,18:45:00,18,Slot_14,Zone_A,1,Busy
2026-07-13 18:45:00,2026-07-13,18:45:00,18,Slot_15,Zone_A,1,Busy
2026-07-13 18:45:00,2026-07-13,18:45:00,18,Slot_16,Zone_B,1,Busy
2026-07-13 18:45:00,2026-07-13,18:45:00,18,Slot_17,Zone_B,1,Busy
2026-07-13 18:45:00,2026-07-13,18:45:00,18,Slot_18,Zone_B,1,Busy
2026-07-13 18:45:00,2026-07-13,18:45:00,18,Slot_19,Zone_B,1,Busy
2026-07-13 18:45:00,2026-07-13,18:45:00,18,Slot_20,Zone_B,1,Busy
2026-07-13 18:45:00,2026-07-13,18:45:00,18,Slot_21,Zone_B,1,Busy
2026-07-13 18:45:00,2026-07-13,18:45:00,18,Slot_22,Zone_B,1,Busy
2026-07-13 18:45:00,2026-07-13,18:45:00,18,Slot_23,Zone_B,1,Busy
2026-07-13 18:45:00,2026-07-13,18:45:00,18,Slot_24,Zone_B,1,Busy
2026-07-13 18:45:00,2026-07-13,18:45:00,18,Slot_25,Zone_B,1,Busy
2026-07-13 18:45:00,2026-07-13,18:45:00,18,Slot_26,Zone_B,1,Busy
2026-07-13 18:45:00,2026-07-13,18:45:00,18,Slot_27,Zone_B,0,Free
2026-07-13 18:45:00,2026-07-13,18:45:00,18,Slot_28,Zone_B,1,Busy
2026-07-13 18:45:00,2026-07-13,18:45:00,18,Slot_29,Zone_B,1,Busy
2026-07-13 18:45:00,2026-07-13,18:45:00,18,Slot_30,Zone_B,1,Busy
2026-07-13 18:45:00,2026-07-13,18:45:00,18,Slot_31,Zone_C,1,Busy
2026-07-13 18:45:00,2026-07-13,18:45:00,18,Slot_32,Zone_C,1,Busy
2026-07-13 18:45:00,2026-07-13,18:45:00,18,Slot_33,Zone_C,1,Busy
2026-07-13 18:45:00,2026-07-13,18:45:00,18,Slot_34,Zone_C,1,Busy
2026-07-13 18:45:00,2026-07-13,18:45:00,18,Slot_35,Zone_C,1,Busy
2026-07-13 18:45:00,2026-07-13,18:45:00,18,Slot_36,Zone_C,1,Busy
2026-07-13 18:45:00,2026-07-13,18:45:00,18,Slot_37,Zone_C,1,Busy
2026-07-13 18:45:00,2026-07-13,18:45:00,18,Slot_38,Zone_C,0,Free
2026-07-13 18:45:00,2026-07-13,18:45:00,18,Slot_39,Zone_C,1,Busy
2026-07-13 18:45:00,2026-07-13,18:45:00,18,Slot_40,Zone_C,1,Busy
2026-07-13 19:00:00,2026-07-13,19:00:00,19,Slot_01,Zone_A,1,Busy
2026-07-13 19:00:00,2026-07-13,19:00:00,19,Slot_02,Zone_A,0,Free
2026-07-13 19:00:00,2026-07-13,19:00:00,19,Slot_03,Zone_A,1,Busy
2026-07-13 19:00:00,2026-07-13,19:00:00,19,Slot_04,Zone_A,1,Busy
2026-07-13 19:00:00,2026-07-13,19:00:00,19,Slot_05,Zone_A,1,Busy
2026-07-13 19:00:00,2026-07-13,19:00:00,19,Slot_06,Zone_A,1,Busy
2026-07-13 19:00:00,2026-07-13,19:00:00,19,Slot_07,Zone_A,1,Busy
2026-07-13 19:00:00,2026-07-13,19:00:00,19,Slot_08,Zone_A,1,Busy
2026-07-13 19:00:00,2026-07-13,19:00:00,19,Slot_09,Zone_A,1,Busy
2026-07-13 19:00:00,2026-07-13,19:00:00,19,Slot_10,Zone_A,1,Busy
2026-07-13 19:00:00,2026-07-13,19:00:00,19,Slot_11,Zone_A,1,Busy
2026-07-13 19:00:00,2026-07-13,19:00:00,19,Slot_12,Zone_A,1,Busy
2026-07-13 19:00:00,2026-07-13,19:00:00,19,Slot_13,Zone_A,1,Busy
2026-07-13 19:00:00,2026-07-13,19:00:00,19,Slot_14,Zone_A,1,Busy
2026-07-13 19:00:00,2026-07-13,19:00:00,19,Slot_15,Zone_A,1,Busy
2026-07-13 19:00:00,2026-07-13,19:00:00,19,Slot_16,Zone_B,0,Free
2026-07-13 19:00:00,2026-07-13,19:00:00,19,Slot_17,Zone_B,1,Busy
2026-07-13 19:00:00,2026-07-13,19:00:00,19,Slot_18,Zone_B,1,Busy
2026-07-13 19:00:00,2026-07-13,19:00:00,19,Slot_19,Zone_B,1,Busy
2026-07-13 19:00:00,2026-07-13,19:00:00,19,Slot_20,Zone_B,0,Free
2026-07-13 19:00:00,2026-07-13,19:00:00,19,Slot_21,Zone_B,1,Busy
2026-07-13 19:00:00,2026-07-13,19:00:00,19,Slot_22,Zone_B,1,Busy
2026-07-13 19:00:00,2026-07-13,19:00:00,19,Slot_23,Zone_B,1,Busy
2026-07-13 19:00:00,2026-07-13,19:00:00,19,Slot_24,Zone_B,1,Busy
2026-07-13 19:00:00,2026-07-13,19:00:00,19,Slot_25,Zone_B,1,Busy
2026-07-13 19:00:00,2026-07-13,19:00:00,19,Slot_26,Zone_B,1,Busy
2026-07-13 19:00:00,2026-07-13,19:00:00,19,Slot_27,Zone_B,1,Busy
2026-07-13 19:00:00,2026-07-13,19:00:00,19,Slot_28,Zone_B,0,Free
2026-07-13 19:00:00,2026-07-13,19:00:00,19,Slot_29,Zone_B,1,Busy
2026-07-13 19:00:00,2026-07-13,19:00:00,19,Slot_30,Zone_B,1,Busy
2026-07-13 19:00:00,2026-07-13,19:00:00,19,Slot_31,Zone_C,1,Busy
2026-07-13 19:00:00,2026-07-13,19:00:00,19,Slot_32,Zone_C,1,Busy
2026-07-13 19:00:00,2026-07-13,19:00:00,19,Slot_33,Zone_C,1,Busy
2026-07-13 19:00:00,2026-07-13,19:00:00,19,Slot_34,Zone_C,1,Busy
2026-07-13 19:00:00,2026-07-13,19:00:00,19,Slot_35,Zone_C,1,Busy
2026-07-13 19:00:00,2026-07-13,19:00:00,19,Slot_36,Zone_C,0,Free
2026-07-13 19:00:00,2026-07-13,19:00:00,19,Slot_37,Zone_C,0,Free
2026-07-13 19:00:00,2026-07-13,19:00:00,19,Slot_38,Zone_C,1,Busy
2026-07-13 19:00:00,2026-07-13,19:00:00,19,Slot_39,Zone_C,1,Busy
2026-07-13 19:00:00,2026-07-13,19:00:00,19,Slot_40,Zone_C,0,Free
2026-07-13 19:15:00,2026-07-13,19:15:00,19,Slot_01,Zone_A,1,Busy
2026-07-13 19:15:00,2026-07-13,19:15:00,19,Slot_02,Zone_A,1,Busy
2026-07-13 19:15:00,2026-07-13,19:15:00,19,Slot_03,Zone_A,1,Busy
2026-07-13 19:15:00,2026-07-13,19:15:00,19,Slot_04,Zone_A,1,Busy
2026-07-13 19:15:00,2026-07-13,19:15:00,19,Slot_05,Zone_A,1,Busy
2026-07-13 19:15:00,2026-07-13,19:15:00,19,Slot_06,Zone_A,1,Busy
2026-07-13 19:15:00,2026-07-13,19:15:00,19,Slot_07,Zone_A,1,Busy
2026-07-13 19:15:00,2026-07-13,19:15:00,19,Slot_08,Zone_A,1,Busy
2026-07-13 19:15:00,2026-07-13,19:15:00,19,Slot_09,Zone_A,1,Busy
2026-07-13 19:15:00,2026-07-13,19:15:00,19,Slot_10,Zone_A,1,Busy
2026-07-13 19:15:00,2026-07-13,19:15:00,19,Slot_11,Zone_A,1,Busy
2026-07-13 19:15:00,2026-07-13,19:15:00,19,Slot_12,Zone_A,0,Free
2026-07-13 19:15:00,2026-07-13,19:15:00,19,Slot_13,Zone_A,1,Busy
2026-07-13 19:15:00,2026-07-13,19:15:00,19,Slot_14,Zone_A,1,Busy
2026-07-13 19:15:00,2026-07-13,19:15:00,19,Slot_15,Zone_A,1,Busy
2026-07-13 19:15:00,2026-07-13,19:15:00,19,Slot_16,Zone_B,1,Busy
2026-07-13 19:15:00,2026-07-13,19:15:00,19,Slot_17,Zone_B,0,Free
2026-07-13 19:15:00,2026-07-13,19:15:00,19,Slot_18,Zone_B,1,Busy
2026-07-13 19:15:00,2026-07-13,19:15:00,19,Slot_19,Zone_B,1,Busy
2026-07-13 19:15:00,2026-07-13,19:15:00,19,Slot_20,Zone_B,1,Busy
2026-07-13 19:15:00,2026-07-13,19:15:00,19,Slot_21,Zone_B,1,Busy
2026-07-13 19:15:00,2026-07-13,19:15:00,19,Slot_22,Zone_B,1,Busy
2026-07-13 19:15:00,2026-07-13,19:15:00,19,Slot_23,Zone_B,0,Free
2026-07-13 19:15:00,2026-07-13,19:15:00,19,Slot_24,Zone_B,1,Busy
2026-07-13 19:15:00,2026-07-13,19:15:00,19,Slot_25,Zone_B,1,Busy
2026-07-13 19:15:00,2026-07-13,19:15:00,19,Slot_26,Zone_B,1,Busy
2026-07-13 19:15:00,2026-07-13,19:15:00,19,Slot_27,Zone_B,1,Busy
2026-07-13 19:15:00,2026-07-13,19:15:00,19,Slot_28,Zone_B,1,Busy
2026-07-13 19:15:00,2026-07-13,19:15:00,19,Slot_29,Zone_B,1,Busy
2026-07-13 19:15:00,2026-07-13,19:15:00,19,Slot_30,Zone_B,1,Busy
2026-07-13 19:15:00,2026-07-13,19:15:00,19,Slot_31,Zone_C,1,Busy
2026-07-13 19:15:00,2026-07-13,19:15:00,19,Slot_32,Zone_C,1,Busy
2026-07-13 19:15:00,2026-07-13,19:15:00,19,Slot_33,Zone_C,1,Busy
2026-07-13 19:15:00,2026-07-13,19:15:00,19,Slot_34,Zone_C,1,Busy
2026-07-13 19:15:00,2026-07-13,19:15:00,19,Slot_35,Zone_C,1,Busy
2026-07-13 19:15:00,2026-07-13,19:15:00,19,Slot_36,Zone_C,0,Free
2026-07-13 19:15:00,2026-07-13,19:15:00,19,Slot_37,Zone_C,1,Busy
2026-07-13 19:15:00,2026-07-13,19:15:00,19,Slot_38,Zone_C,1,Busy
2026-07-13 19:15:00,2026-07-13,19:15:00,19,Slot_39,Zone_C,1,Busy
2026-07-13 19:15:00,2026-07-13,19:15:00,19,Slot_40,Zone_C,1,Busy
2026-07-13 19:30:00,2026-07-13,19:30:00,19,Slot_01,Zone_A,1,Busy
2026-07-13 19:30:00,2026-07-13,19:30:00,19,Slot_02,Zone_A,1,Busy
2026-07-13 19:30:00,2026-07-13,19:30:00,19,Slot_03,Zone_A,1,Busy
2026-07-13 19:30:00,2026-07-13,19:30:00,19,Slot_04,Zone_A,1,Busy
2026-07-13 19:30:00,2026-07-13,19:30:00,19,Slot_05,Zone_A,1,Busy
2026-07-13 19:30:00,2026-07-13,19:30:00,19,Slot_06,Zone_A,1,Busy
2026-07-13 19:30:00,2026-07-13,19:30:00,19,Slot_07,Zone_A,1,Busy
2026-07-13 19:30:00,2026-07-13,19:30:00,19,Slot_08,Zone_A,1,Busy
2026-07-13 19:30:00,2026-07-13,19:30:00,19,Slot_09,Zone_A,0,Free
2026-07-13 19:30:00,2026-07-13,19:30:00,19,Slot_10,Zone_A,1,Busy
2026-07-13 19:30:00,2026-07-13,19:30:00,19,Slot_11,Zone_A,1,Busy
2026-07-13 19:30:00,2026-07-13,19:30:00,19,Slot_12,Zone_A,1,Busy
2026-07-13 19:30:00,2026-07-13,19:30:00,19,Slot_13,Zone_A,1,Busy
2026-07-13 19:30:00,2026-07-13,19:30:00,19,Slot_14,Zone_A,1,Busy
2026-07-13 19:30:00,2026-07-13,19:30:00,19,Slot_15,Zone_A,1,Busy
2026-07-13 19:30:00,2026-07-13,19:30:00,19,Slot_16,Zone_B,1,Busy
2026-07-13 19:30:00,2026-07-13,19:30:00,19,Slot_17,Zone_B,1,Busy
2026-07-13 19:30:00,2026-07-13,19:30:00,19,Slot_18,Zone_B,1,Busy
2026-07-13 19:30:00,2026-07-13,19:30:00,19,Slot_19,Zone_B,1,Busy
2026-07-13 19:30:00,2026-07-13,19:30:00,19,Slot_20,Zone_B,1,Busy
2026-07-13 19:30:00,2026-07-13,19:30:00,19,Slot_21,Zone_B,1,Busy
2026-07-13 19:30:00,2026-07-13,19:30:00,19,Slot_22,Zone_B,0,Free
2026-07-13 19:30:00,2026-07-13,19:30:00,19,Slot_23,Zone_B,1,Busy
2026-07-13 19:30:00,2026-07-13,19:30:00,19,Slot_24,Zone_B,1,Busy
2026-07-13 19:30:00,2026-07-13,19:30:00,19,Slot_25,Zone_B,1,Busy
2026-07-13 19:30:00,2026-07-13,19:30:00,19,Slot_26,Zone_B,1,Busy
2026-07-13 19:30:00,2026-07-13,19:30:00,19,Slot_27,Zone_B,1,Busy
2026-07-13 19:30:00,2026-07-13,19:30:00,19,Slot_28,Zone_B,1,Busy
2026-07-13 19:30:00,2026-07-13,19:30:00,19,Slot_29,Zone_B,1,Busy
2026-07-13 19:30:00,2026-07-13,19:30:00,19,Slot_30,Zone_B,1,Busy
2026-07-13 19:30:00,2026-07-13,19:30:00,19,Slot_31,Zone_C,1,Busy
2026-07-13 19:30:00,2026-07-13,19:30:00,19,Slot_32,Zone_C,1,Busy
2026-07-13 19:30:00,2026-07-13,19:30:00,19,Slot_33,Zone_C,1,Busy
2026-07-13 19:30:00,2026-07-13,19:30:00,19,Slot_34,Zone_C,1,Busy
2026-07-13 19:30:00,2026-07-13,19:30:00,19,Slot_35,Zone_C,1,Busy
2026-07-13 19:30:00,2026-07-13,19:30:00,19,Slot_36,Zone_C,1,Busy
2026-07-13 19:30:00,2026-07-13,19:30:00,19,Slot_37,Zone_C,0,Free
2026-07-13 19:30:00,2026-07-13,19:30:00,19,Slot_38,Zone_C,1,Busy
2026-07-13 19:30:00,2026-07-13,19:30:00,19,Slot_39,Zone_C,0,Free
2026-07-13 19:30:00,2026-07-13,19:30:00,19,Slot_40,Zone_C,1,Busy
2026-07-13 19:45:00,2026-07-13,19:45:00,19,Slot_01,Zone_A,1,Busy
2026-07-13 19:45:00,2026-07-13,19:45:00,19,Slot_02,Zone_A,1,Busy
2026-07-13 19:45:00,2026-07-13,19:45:00,19,Slot_03,Zone_A,1,Busy
2026-07-13 19:45:00,2026-07-13,19:45:00,19,Slot_04,Zone_A,1,Busy
2026-07-13 19:45:00,2026-07-13,19:45:00,19,Slot_05,Zone_A,1,Busy
2026-07-13 19:45:00,2026-07-13,19:45:00,19,Slot_06,Zone_A,1,Busy
2026-07-13 19:45:00,2026-07-13,19:45:00,19,Slot_07,Zone_A,1,Busy
2026-07-13 19:45:00,2026-07-13,19:45:00,19,Slot_08,Zone_A,1,Busy
2026-07-13 19:45:00,2026-07-13,19:45:00,19,Slot_09,Zone_A,1,Busy
2026-07-13 19:45:00,2026-07-13,19:45:00,19,Slot_10,Zone_A,1,Busy
2026-07-13 19:45:00,2026-07-13,19:45:00,19,Slot_11,Zone_A,1,Busy
2026-07-13 19:45:00,2026-07-13,19:45:00,19,Slot_12,Zone_A,1,Busy
2026-07-13 19:45:00,2026-07-13,19:45:00,19,Slot_13,Zone_A,1,Busy
2026-07-13 19:45:00,2026-07-13,19:45:00,19,Slot_14,Zone_A,1,Busy
2026-07-13 19:45:00,2026-07-13,19:45:00,19,Slot_15,Zone_A,1,Busy
2026-07-13 19:45:00,2026-07-13,19:45:00,19,Slot_16,Zone_B,1,Busy
2026-07-13 19:45:00,2026-07-13,19:45:00,19,Slot_17,Zone_B,1,Busy
2026-07-13 19:45:00,2026-07-13,19:45:00,19,Slot_18,Zone_B,1,Busy
2026-07-13 19:45:00,2026-07-13,19:45:00,19,Slot_19,Zone_B,1,Busy
2026-07-13 19:45:00,2026-07-13,19:45:00,19,Slot_20,Zone_B,1,Busy
2026-07-13 19:45:00,2026-07-13,19:45:00,19,Slot_21,Zone_B,1,Busy
2026-07-13 19:45:00,2026-07-13,19:45:00,19,Slot_22,Zone_B,1,Busy
2026-07-13 19:45:00,2026-07-13,19:45:00,19,Slot_23,Zone_B,1,Busy
2026-07-13 19:45:00,2026-07-13,19:45:00,19,Slot_24,Zone_B,1,Busy
2026-07-13 19:45:00,2026-07-13,19:45:00,19,Slot_25,Zone_B,1,Busy
2026-07-13 19:45:00,2026-07-13,19:45:00,19,Slot_26,Zone_B,1,Busy
2026-07-13 19:45:00,2026-07-13,19:45:00,19,Slot_27,Zone_B,1,Busy
2026-07-13 19:45:00,2026-07-13,19:45:00,19,Slot_28,Zone_B,1,Busy
2026-07-13 19:45:00,2026-07-13,19:45:00,19,Slot_29,Zone_B,1,Busy
2026-07-13 19:45:00,2026-07-13,19:45:00,19,Slot_30,Zone_B,1,Busy
2026-07-13 19:45:00,2026-07-13,19:45:00,19,Slot_31,Zone_C,1,Busy
2026-07-13 19:45:00,2026-07-13,19:45:00,19,Slot_32,Zone_C,0,Free
2026-07-13 19:45:00,2026-07-13,19:45:00,19,Slot_33,Zone_C,0,Free
2026-07-13 19:45:00,2026-07-13,19:45:00,19,Slot_34,Zone_C,1,Busy
2026-07-13 19:45:00,2026-07-13,19:45:00,19,Slot_35,Zone_C,1,Busy
2026-07-13 19:45:00,2026-07-13,19:45:00,19,Slot_36,Zone_C,1,Busy
2026-07-13 19:45:00,2026-07-13,19:45:00,19,Slot_37,Zone_C,0,Free
2026-07-13 19:45:00,2026-07-13,19:45:00,19,Slot_38,Zone_C,0,Free
2026-07-13 19:45:00,2026-07-13,19:45:00,19,Slot_39,Zone_C,1,Busy
2026-07-13 19:45:00,2026-07-13,19:45:00,19,Slot_40,Zone_C,1,Busy
2026-07-13 20:00:00,2026-07-13,20:00:00,20,Slot_01,Zone_A,1,Busy
2026-07-13 20:00:00,2026-07-13,20:00:00,20,Slot_02,Zone_A,1,Busy
2026-07-13 20:00:00,2026-07-13,20:00:00,20,Slot_03,Zone_A,1,Busy
2026-07-13 20:00:00,2026-07-13,20:00:00,20,Slot_04,Zone_A,1,Busy
2026-07-13 20:00:00,2026-07-13,20:00:00,20,Slot_05,Zone_A,1,Busy
2026-07-13 20:00:00,2026-07-13,20:00:00,20,Slot_06,Zone_A,1,Busy
2026-07-13 20:00:00,2026-07-13,20:00:00,20,Slot_07,Zone_A,1,Busy
2026-07-13 20:00:00,2026-07-13,20:00:00,20,Slot_08,Zone_A,1,Busy
2026-07-13 20:00:00,2026-07-13,20:00:00,20,Slot_09,Zone_A,1,Busy
2026-07-13 20:00:00,2026-07-13,20:00:00,20,Slot_10,Zone_A,1,Busy
2026-07-13 20:00:00,2026-07-13,20:00:00,20,Slot_11,Zone_A,1,Busy
2026-07-13 20:00:00,2026-07-13,20:00:00,20,Slot_12,Zone_A,1,Busy
2026-07-13 20:00:00,2026-07-13,20:00:00,20,Slot_13,Zone_A,1,Busy
2026-07-13 20:00:00,2026-07-13,20:00:00,20,Slot_14,Zone_A,1,Busy
2026-07-13 20:00:00,2026-07-13,20:00:00,20,Slot_15,Zone_A,1,Busy
2026-07-13 20:00:00,2026-07-13,20:00:00,20,Slot_16,Zone_B,1,Busy
2026-07-13 20:00:00,2026-07-13,20:00:00,20,Slot_17,Zone_B,1,Busy
2026-07-13 20:00:00,2026-07-13,20:00:00,20,Slot_18,Zone_B,1,Busy
2026-07-13 20:00:00,2026-07-13,20:00:00,20,Slot_19,Zone_B,1,Busy
2026-07-13 20:00:00,2026-07-13,20:00:00,20,Slot_20,Zone_B,1,Busy
2026-07-13 20:00:00,2026-07-13,20:00:00,20,Slot_21,Zone_B,1,Busy
2026-07-13 20:00:00,2026-07-13,20:00:00,20,Slot_22,Zone_B,1,Busy
2026-07-13 20:00:00,2026-07-13,20:00:00,20,Slot_23,Zone_B,1,Busy
2026-07-13 20:00:00,2026-07-13,20:00:00,20,Slot_24,Zone_B,1,Busy
2026-07-13 20:00:00,2026-07-13,20:00:00,20,Slot_25,Zone_B,1,Busy
2026-07-13 20:00:00,2026-07-13,20:00:00,20,Slot_26,Zone_B,1,Busy
2026-07-13 20:00:00,2026-07-13,20:00:00,20,Slot_27,Zone_B,1,Busy
2026-07-13 20:00:00,2026-07-13,20:00:00,20,Slot_28,Zone_B,1,Busy
2026-07-13 20:00:00,2026-07-13,20:00:00,20,Slot_29,Zone_B,1,Busy
2026-07-13 20:00:00,2026-07-13,20:00:00,20,Slot_30,Zone_B,1,Busy
2026-07-13 20:00:00,2026-07-13,20:00:00,20,Slot_31,Zone_C,1,Busy
2026-07-13 20:00:00,2026-07-13,20:00:00,20,Slot_32,Zone_C,1,Busy
2026-07-13 20:00:00,2026-07-13,20:00:00,20,Slot_33,Zone_C,1,Busy
2026-07-13 20:00:00,2026-07-13,20:00:00,20,Slot_34,Zone_C,1,Busy
2026-07-13 20:00:00,2026-07-13,20:00:00,20,Slot_35,Zone_C,1,Busy
2026-07-13 20:00:00,2026-07-13,20:00:00,20,Slot_36,Zone_C,1,Busy
2026-07-13 20:00:00,2026-07-13,20:00:00,20,Slot_37,Zone_C,1,Busy
2026-07-13 20:00:00,2026-07-13,20:00:00,20,Slot_38,Zone_C,0,Free
2026-07-13 20:00:00,2026-07-13,20:00:00,20,Slot_39,Zone_C,1,Busy
2026-07-13 20:00:00,2026-07-13,20:00:00,20,Slot_40,Zone_C,1,Busy
2026-07-13 20:15:00,2026-07-13,20:15:00,20,Slot_01,Zone_A,1,Busy
2026-07-13 20:15:00,2026-07-13,20:15:00,20,Slot_02,Zone_A,1,Busy
2026-07-13 20:15:00,2026-07-13,20:15:00,20,Slot_03,Zone_A,1,Busy
2026-07-13 20:15:00,2026-07-13,20:15:00,20,Slot_04,Zone_A,1,Busy
2026-07-13 20:15:00,2026-07-13,20:15:00,20,Slot_05,Zone_A,1,Busy
2026-07-13 20:15:00,2026-07-13,20:15:00,20,Slot_06,Zone_A,1,Busy
2026-07-13 20:15:00,2026-07-13,20:15:00,20,Slot_07,Zone_A,1,Busy
2026-07-13 20:15:00,2026-07-13,20:15:00,20,Slot_08,Zone_A,1,Busy
2026-07-13 20:15:00,2026-07-13,20:15:00,20,Slot_09,Zone_A,1,Busy
2026-07-13 20:15:00,2026-07-13,20:15:00,20,Slot_10,Zone_A,1,Busy
2026-07-13 20:15:00,2026-07-13,20:15:00,20,Slot_11,Zone_A,1,Busy
2026-07-13 20:15:00,2026-07-13,20:15:00,20,Slot_12,Zone_A,1,Busy
2026-07-13 20:15:00,2026-07-13,20:15:00,20,Slot_13,Zone_A,1,Busy
2026-07-13 20:15:00,2026-07-13,20:15:00,20,Slot_14,Zone_A,1,Busy
2026-07-13 20:15:00,2026-07-13,20:15:00,20,Slot_15,Zone_A,1,Busy
2026-07-13 20:15:00,2026-07-13,20:15:00,20,Slot_16,Zone_B,1,Busy
2026-07-13 20:15:00,2026-07-13,20:15:00,20,Slot_17,Zone_B,1,Busy
2026-07-13 20:15:00,2026-07-13,20:15:00,20,Slot_18,Zone_B,1,Busy
2026-07-13 20:15:00,2026-07-13,20:15:00,20,Slot_19,Zone_B,1,Busy
2026-07-13 20:15:00,2026-07-13,20:15:00,20,Slot_20,Zone_B,1,Busy
2026-07-13 20:15:00,2026-07-13,20:15:00,20,Slot_21,Zone_B,1,Busy
2026-07-13 20:15:00,2026-07-13,20:15:00,20,Slot_22,Zone_B,1,Busy
2026-07-13 20:15:00,2026-07-13,20:15:00,20,Slot_23,Zone_B,1,Busy
2026-07-13 20:15:00,2026-07-13,20:15:00,20,Slot_24,Zone_B,1,Busy
2026-07-13 20:15:00,2026-07-13,20:15:00,20,Slot_25,Zone_B,1,Busy
2026-07-13 20:15:00,2026-07-13,20:15:00,20,Slot_26,Zone_B,1,Busy
2026-07-13 20:15:00,2026-07-13,20:15:00,20,Slot_27,Zone_B,1,Busy
2026-07-13 20:15:00,2026-07-13,20:15:00,20,Slot_28,Zone_B,1,Busy
2026-07-13 20:15:00,2026-07-13,20:15:00,20,Slot_29,Zone_B,1,Busy
2026-07-13 20:15:00,2026-07-13,20:15:00,20,Slot_30,Zone_B,1,Busy
2026-07-13 20:15:00,2026-07-13,20:15:00,20,Slot_31,Zone_C,1,Busy
2026-07-13 20:15:00,2026-07-13,20:15:00,20,Slot_32,Zone_C,1,Busy
2026-07-13 20:15:00,2026-07-13,20:15:00,20,Slot_33,Zone_C,1,Busy
2026-07-13 20:15:00,2026-07-13,20:15:00,20,Slot_34,Zone_C,1,Busy
2026-07-13 20:15:00,2026-07-13,20:15:00,20,Slot_35,Zone_C,0,Free
2026-07-13 20:15:00,2026-07-13,20:15:00,20,Slot_36,Zone_C,0,Free
2026-07-13 20:15:00,2026-07-13,20:15:00,20,Slot_37,Zone_C,0,Free
2026-07-13 20:15:00,2026-07-13,20:15:00,20,Slot_38,Zone_C,1,Busy
2026-07-13 20:15:00,2026-07-13,20:15:00,20,Slot_39,Zone_C,1,Busy
2026-07-13 20:15:00,2026-07-13,20:15:00,20,Slot_40,Zone_C,1,Busy
2026-07-13 20:30:00,2026-07-13,20:30:00,20,Slot_01,Zone_A,1,Busy
2026-07-13 20:30:00,2026-07-13,20:30:00,20,Slot_02,Zone_A,1,Busy
2026-07-13 20:30:00,2026-07-13,20:30:00,20,Slot_03,Zone_A,1,Busy
2026-07-13 20:30:00,2026-07-13,20:30:00,20,Slot_04,Zone_A,1,Busy
2026-07-13 20:30:00,2026-07-13,20:30:00,20,Slot_05,Zone_A,1,Busy
2026-07-13 20:30:00,2026-07-13,20:30:00,20,Slot_06,Zone_A,1,Busy
2026-07-13 20:30:00,2026-07-13,20:30:00,20,Slot_07,Zone_A,1,Busy
2026-07-13 20:30:00,2026-07-13,20:30:00,20,Slot_08,Zone_A,1,Busy
2026-07-13 20:30:00,2026-07-13,20:30:00,20,Slot_09,Zone_A,1,Busy
2026-07-13 20:30:00,2026-07-13,20:30:00,20,Slot_10,Zone_A,1,Busy
2026-07-13 20:30:00,2026-07-13,20:30:00,20,Slot_11,Zone_A,1,Busy
2026-07-13 20:30:00,2026-07-13,20:30:00,20,Slot_12,Zone_A,1,Busy
2026-07-13 20:30:00,2026-07-13,20:30:00,20,Slot_13,Zone_A,1,Busy
2026-07-13 20:30:00,2026-07-13,20:30:00,20,Slot_14,Zone_A,1,Busy
2026-07-13 20:30:00,2026-07-13,20:30:00,20,Slot_15,Zone_A,0,Free
2026-07-13 20:30:00,2026-07-13,20:30:00,20,Slot_16,Zone_B,1,Busy
2026-07-13 20:30:00,2026-07-13,20:30:00,20,Slot_17,Zone_B,1,Busy
2026-07-13 20:30:00,2026-07-13,20:30:00,20,Slot_18,Zone_B,1,Busy
2026-07-13 20:30:00,2026-07-13,20:30:00,20,Slot_19,Zone_B,1,Busy
2026-07-13 20:30:00,2026-07-13,20:30:00,20,Slot_20,Zone_B,1,Busy
2026-07-13 20:30:00,2026-07-13,20:30:00,20,Slot_21,Zone_B,1,Busy
2026-07-13 20:30:00,2026-07-13,20:30:00,20,Slot_22,Zone_B,0,Free
2026-07-13 20:30:00,2026-07-13,20:30:00,20,Slot_23,Zone_B,1,Busy
2026-07-13 20:30:00,2026-07-13,20:30:00,20,Slot_24,Zone_B,1,Busy
2026-07-13 20:30:00,2026-07-13,20:30:00,20,Slot_25,Zone_B,1,Busy
2026-07-13 20:30:00,2026-07-13,20:30:00,20,Slot_26,Zone_B,1,Busy
2026-07-13 20:30:00,2026-07-13,20:30:00,20,Slot_27,Zone_B,1,Busy
2026-07-13 20:30:00,2026-07-13,20:30:00,20,Slot_28,Zone_B,1,Busy
2026-07-13 20:30:00,2026-07-13,20:30:00,20,Slot_29,Zone_B,1,Busy
2026-07-13 20:30:00,2026-07-13,20:30:00,20,Slot_30,Zone_B,1,Busy
2026-07-13 20:30:00,2026-07-13,20:30:00,20,Slot_31,Zone_C,1,Busy
2026-07-13 20:30:00,2026-07-13,20:30:00,20,Slot_32,Zone_C,1,Busy
2026-07-13 20:30:00,2026-07-13,20:30:00,20,Slot_33,Zone_C,1,Busy
2026-07-13 20:30:00,2026-07-13,20:30:00,20,Slot_34,Zone_C,1,Busy
2026-07-13 20:30:00,2026-07-13,20:30:00,20,Slot_35,Zone_C,1,Busy
2026-07-13 20:30:00,2026-07-13,20:30:00,20,Slot_36,Zone_C,1,Busy
2026-07-13 20:30:00,2026-07-13,20:30:00,20,Slot_37,Zone_C,1,Busy
2026-07-13 20:30:00,2026-07-13,20:30:00,20,Slot_38,Zone_C,1,Busy
2026-07-13 20:30:00,2026-07-13,20:30:00,20,Slot_39,Zone_C,0,Free
2026-07-13 20:30:00,2026-07-13,20:30:00,20,Slot_40,Zone_C,1,Busy
2026-07-13 20:45:00,2026-07-13,20:45:00,20,Slot_01,Zone_A,1,Busy
2026-07-13 20:45:00,2026-07-13,20:45:00,20,Slot_02,Zone_A,1,Busy
2026-07-13 20:45:00,2026-07-13,20:45:00,20,Slot_03,Zone_A,1,Busy
2026-07-13 20:45:00,2026-07-13,20:45:00,20,Slot_04,Zone_A,1,Busy
2026-07-13 20:45:00,2026-07-13,20:45:00,20,Slot_05,Zone_A,1,Busy
2026-07-13 20:45:00,2026-07-13,20:45:00,20,Slot_06,Zone_A,1,Busy
2026-07-13 20:45:00,2026-07-13,20:45:00,20,Slot_07,Zone_A,1,Busy
2026-07-13 20:45:00,2026-07-13,20:45:00,20,Slot_08,Zone_A,1,Busy
2026-07-13 20:45:00,2026-07-13,20:45:00,20,Slot_09,Zone_A,1,Busy
2026-07-13 20:45:00,2026-07-13,20:45:00,20,Slot_10,Zone_A,1,Busy
2026-07-13 20:45:00,2026-07-13,20:45:00,20,Slot_11,Zone_A,1,Busy
2026-07-13 20:45:00,2026-07-13,20:45:00,20,Slot_12,Zone_A,1,Busy
2026-07-13 20:45:00,2026-07-13,20:45:00,20,Slot_13,Zone_A,1,Busy
2026-07-13 20:45:00,2026-07-13,20:45:00,20,Slot_14,Zone_A,1,Busy
2026-07-13 20:45:00,2026-07-13,20:45:00,20,Slot_15,Zone_A,1,Busy
2026-07-13 20:45:00,2026-07-13,20:45:00,20,Slot_16,Zone_B,1,Busy
2026-07-13 20:45:00,2026-07-13,20:45:00,20,Slot_17,Zone_B,0,Free
2026-07-13 20:45:00,2026-07-13,20:45:00,20,Slot_18,Zone_B,1,Busy
2026-07-13 20:45:00,2026-07-13,20:45:00,20,Slot_19,Zone_B,1,Busy
2026-07-13 20:45:00,2026-07-13,20:45:00,20,Slot_20,Zone_B,1,Busy
2026-07-13 20:45:00,2026-07-13,20:45:00,20,Slot_21,Zone_B,1,Busy
2026-07-13 20:45:00,2026-07-13,20:45:00,20,Slot_22,Zone_B,1,Busy
2026-07-13 20:45:00,2026-07-13,20:45:00,20,Slot_23,Zone_B,1,Busy
2026-07-13 20:45:00,2026-07-13,20:45:00,20,Slot_24,Zone_B,1,Busy
2026-07-13 20:45:00,2026-07-13,20:45:00,20,Slot_25,Zone_B,1,Busy
2026-07-13 20:45:00,2026-07-13,20:45:00,20,Slot_26,Zone_B,1,Busy
2026-07-13 20:45:00,2026-07-13,20:45:00,20,Slot_27,Zone_B,1,Busy
2026-07-13 20:45:00,2026-07-13,20:45:00,20,Slot_28,Zone_B,1,Busy
2026-07-13 20:45:00,2026-07-13,20:45:00,20,Slot_29,Zone_B,1,Busy
2026-07-13 20:45:00,2026-07-13,20:45:00,20,Slot_30,Zone_B,1,Busy
2026-07-13 20:45:00,2026-07-13,20:45:00,20,Slot_31,Zone_C,1,Busy
2026-07-13 20:45:00,2026-07-13,20:45:00,20,Slot_32,Zone_C,1,Busy
2026-07-13 20:45:00,2026-07-13,20:45:00,20,Slot_33,Zone_C,0,Free
2026-07-13 20:45:00,2026-07-13,20:45:00,20,Slot_34,Zone_C,1,Busy
2026-07-13 20:45:00,2026-07-13,20:45:00,20,Slot_35,Zone_C,1,Busy
2026-07-13 20:45:00,2026-07-13,20:45:00,20,Slot_36,Zone_C,1,Busy
2026-07-13 20:45:00,2026-07-13,20:45:00,20,Slot_37,Zone_C,1,Busy
2026-07-13 20:45:00,2026-07-13,20:45:00,20,Slot_38,Zone_C,1,Busy
2026-07-13 20:45:00,2026-07-13,20:45:00,20,Slot_39,Zone_C,0,Free
2026-07-13 20:45:00,2026-07-13,20:45:00,20,Slot_40,Zone_C,1,Busy
2026-07-13 21:00:00,2026-07-13,21:00:00,21,Slot_01,Zone_A,0,Free
2026-07-13 21:00:00,2026-07-13,21:00:00,21,Slot_02,Zone_A,1,Busy
2026-07-13 21:00:00,2026-07-13,21:00:00,21,Slot_03,Zone_A,0,Free
2026-07-13 21:00:00,2026-07-13,21:00:00,21,Slot_04,Zone_A,1,Busy
2026-07-13 21:00:00,2026-07-13,21:00:00,21,Slot_05,Zone_A,0,Free
2026-07-13 21:00:00,2026-07-13,21:00:00,21,Slot_06,Zone_A,0,Free
2026-07-13 21:00:00,2026-07-13,21:00:00,21,Slot_07,Zone_A,1,Busy
2026-07-13 21:00:00,2026-07-13,21:00:00,21,Slot_08,Zone_A,1,Busy
2026-07-13 21:00:00,2026-07-13,21:00:00,21,Slot_09,Zone_A,1,Busy
2026-07-13 21:00:00,2026-07-13,21:00:00,21,Slot_10,Zone_A,0,Free
2026-07-13 21:00:00,2026-07-13,21:00:00,21,Slot_11,Zone_A,1,Busy
2026-07-13 21:00:00,2026-07-13,21:00:00,21,Slot_12,Zone_A,0,Free
2026-07-13 21:00:00,2026-07-13,21:00:00,21,Slot_13,Zone_A,1,Busy
2026-07-13 21:00:00,2026-07-13,21:00:00,21,Slot_14,Zone_A,0,Free
2026-07-13 21:00:00,2026-07-13,21:00:00,21,Slot_15,Zone_A,0,Free
2026-07-13 21:00:00,2026-07-13,21:00:00,21,Slot_16,Zone_B,0,Free
2026-07-13 21:00:00,2026-07-13,21:00:00,21,Slot_17,Zone_B,0,Free
2026-07-13 21:00:00,2026-07-13,21:00:00,21,Slot_18,Zone_B,1,Busy
2026-07-13 21:00:00,2026-07-13,21:00:00,21,Slot_19,Zone_B,1,Busy
2026-07-13 21:00:00,2026-07-13,21:00:00,21,Slot_20,Zone_B,0,Free
2026-07-13 21:00:00,2026-07-13,21:00:00,21,Slot_21,Zone_B,1,Busy
2026-07-13 21:00:00,2026-07-13,21:00:00,21,Slot_22,Zone_B,1,Busy
2026-07-13 21:00:00,2026-07-13,21:00:00,21,Slot_23,Zone_B,1,Busy
2026-07-13 21:00:00,2026-07-13,21:00:00,21,Slot_24,Zone_B,1,Busy
2026-07-13 21:00:00,2026-07-13,21:00:00,21,Slot_25,Zone_B,1,Busy
2026-07-13 21:00:00,2026-07-13,21:00:00,21,Slot_26,Zone_B,0,Free
2026-07-13 21:00:00,2026-07-13,21:00:00,21,Slot_27,Zone_B,1,Busy
2026-07-13 21:00:00,2026-07-13,21:00:00,21,Slot_28,Zone_B,0,Free
2026-07-13 21:00:00,2026-07-13,21:00:00,21,Slot_29,Zone_B,1,Busy
2026-07-13 21:00:00,2026-07-13,21:00:00,21,Slot_30,Zone_B,0,Free
2026-07-13 21:00:00,2026-07-13,21:00:00,21,Slot_31,Zone_C,1,Busy
2026-07-13 21:00:00,2026-07-13,21:00:00,21,Slot_32,Zone_C,0,Free
2026-07-13 21:00:00,2026-07-13,21:00:00,21,Slot_33,Zone_C,0,Free
2026-07-13 21:00:00,2026-07-13,21:00:00,21,Slot_34,Zone_C,1,Busy
2026-07-13 21:00:00,2026-07-13,21:00:00,21,Slot_35,Zone_C,0,Free
2026-07-13 21:00:00,2026-07-13,21:00:00,21,Slot_36,Zone_C,0,Free
2026-07-13 21:00:00,2026-07-13,21:00:00,21,Slot_37,Zone_C,0,Free
2026-07-13 21:00:00,2026-07-13,21:00:00,21,Slot_38,Zone_C,0,Free
2026-07-13 21:00:00,2026-07-13,21:00:00,21,Slot_39,Zone_C,1,Busy
2026-07-13 21:00:00,2026-07-13,21:00:00,21,Slot_40,Zone_C,0,Free
2026-07-13 21:15:00,2026-07-13,21:15:00,21,Slot_01,Zone_A,1,Busy
2026-07-13 21:15:00,2026-07-13,21:15:00,21,Slot_02,Zone_A,1,Busy
2026-07-13 21:15:00,2026-07-13,21:15:00,21,Slot_03,Zone_A,0,Free
2026-07-13 21:15:00,2026-07-13,21:15:00,21,Slot_04,Zone_A,1,Busy
2026-07-13 21:15:00,2026-07-13,21:15:00,21,Slot_05,Zone_A,0,Free
2026-07-13 21:15:00,2026-07-13,21:15:00,21,Slot_06,Zone_A,0,Free
2026-07-13 21:15:00,2026-07-13,21:15:00,21,Slot_07,Zone_A,0,Free
2026-07-13 21:15:00,2026-07-13,21:15:00,21,Slot_08,Zone_A,0,Free
2026-07-13 21:15:00,2026-07-13,21:15:00,21,Slot_09,Zone_A,1,Busy
2026-07-13 21:15:00,2026-07-13,21:15:00,21,Slot_10,Zone_A,1,Busy
2026-07-13 21:15:00,2026-07-13,21:15:00,21,Slot_11,Zone_A,1,Busy
2026-07-13 21:15:00,2026-07-13,21:15:00,21,Slot_12,Zone_A,1,Busy
2026-07-13 21:15:00,2026-07-13,21:15:00,21,Slot_13,Zone_A,1,Busy
2026-07-13 21:15:00,2026-07-13,21:15:00,21,Slot_14,Zone_A,1,Busy
2026-07-13 21:15:00,2026-07-13,21:15:00,21,Slot_15,Zone_A,0,Free
2026-07-13 21:15:00,2026-07-13,21:15:00,21,Slot_16,Zone_B,0,Free
2026-07-13 21:15:00,2026-07-13,21:15:00,21,Slot_17,Zone_B,1,Busy
2026-07-13 21:15:00,2026-07-13,21:15:00,21,Slot_18,Zone_B,0,Free
2026-07-13 21:15:00,2026-07-13,21:15:00,21,Slot_19,Zone_B,1,Busy
2026-07-13 21:15:00,2026-07-13,21:15:00,21,Slot_20,Zone_B,1,Busy
2026-07-13 21:15:00,2026-07-13,21:15:00,21,Slot_21,Zone_B,0,Free
2026-07-13 21:15:00,2026-07-13,21:15:00,21,Slot_22,Zone_B,0,Free
2026-07-13 21:15:00,2026-07-13,21:15:00,21,Slot_23,Zone_B,0,Free
2026-07-13 21:15:00,2026-07-13,21:15:00,21,Slot_24,Zone_B,1,Busy
2026-07-13 21:15:00,2026-07-13,21:15:00,21,Slot_25,Zone_B,0,Free
2026-07-13 21:15:00,2026-07-13,21:15:00,21,Slot_26,Zone_B,0,Free
2026-07-13 21:15:00,2026-07-13,21:15:00,21,Slot_27,Zone_B,0,Free
2026-07-13 21:15:00,2026-07-13,21:15:00,21,Slot_28,Zone_B,0,Free
2026-07-13 21:15:00,2026-07-13,21:15:00,21,Slot_29,Zone_B,0,Free
2026-07-13 21:15:00,2026-07-13,21:15:00,21,Slot_30,Zone_B,0,Free
2026-07-13 21:15:00,2026-07-13,21:15:00,21,Slot_31,Zone_C,0,Free
2026-07-13 21:15:00,2026-07-13,21:15:00,21,Slot_32,Zone_C,0,Free
2026-07-13 21:15:00,2026-07-13,21:15:00,21,Slot_33,Zone_C,0,Free
2026-07-13 21:15:00,2026-07-13,21:15:00,21,Slot_34,Zone_C,0,Free
2026-07-13 21:15:00,2026-07-13,21:15:00,21,Slot_35,Zone_C,0,Free
2026-07-13 21:15:00,2026-07-13,21:15:00,21,Slot_36,Zone_C,0,Free
2026-07-13 21:15:00,2026-07-13,21:15:00,21,Slot_37,Zone_C,1,Busy
2026-07-13 21:15:00,2026-07-13,21:15:00,21,Slot_38,Zone_C,0,Free
2026-07-13 21:15:00,2026-07-13,21:15:00,21,Slot_39,Zone_C,0,Free
2026-07-13 21:15:00,2026-07-13,21:15:00,21,Slot_40,Zone_C,0,Free
2026-07-13 21:30:00,2026-07-13,21:30:00,21,Slot_01,Zone_A,1,Busy
2026-07-13 21:30:00,2026-07-13,21:30:00,21,Slot_02,Zone_A,1,Busy
2026-07-13 21:30:00,2026-07-13,21:30:00,21,Slot_03,Zone_A,1,Busy
2026-07-13 21:30:00,2026-07-13,21:30:00,21,Slot_04,Zone_A,0,Free
2026-07-13 21:30:00,2026-07-13,21:30:00,21,Slot_05,Zone_A,0,Free
2026-07-13 21:30:00,2026-07-13,21:30:00,21,Slot_06,Zone_A,0,Free
2026-07-13 21:30:00,2026-07-13,21:30:00,21,Slot_07,Zone_A,0,Free
2026-07-13 21:30:00,2026-07-13,21:30:00,21,Slot_08,Zone_A,0,Free
2026-07-13 21:30:00,2026-07-13,21:30:00,21,Slot_09,Zone_A,0,Free
2026-07-13 21:30:00,2026-07-13,21:30:00,21,Slot_10,Zone_A,1,Busy
2026-07-13 21:30:00,2026-07-13,21:30:00,21,Slot_11,Zone_A,1,Busy
2026-07-13 21:30:00,2026-07-13,21:30:00,21,Slot_12,Zone_A,0,Free
2026-07-13 21:30:00,2026-07-13,21:30:00,21,Slot_13,Zone_A,0,Free
2026-07-13 21:30:00,2026-07-13,21:30:00,21,Slot_14,Zone_A,1,Busy
2026-07-13 21:30:00,2026-07-13,21:30:00,21,Slot_15,Zone_A,0,Free
2026-07-13 21:30:00,2026-07-13,21:30:00,21,Slot_16,Zone_B,1,Busy
2026-07-13 21:30:00,2026-07-13,21:30:00,21,Slot_17,Zone_B,0,Free
2026-07-13 21:30:00,2026-07-13,21:30:00,21,Slot_18,Zone_B,0,Free
2026-07-13 21:30:00,2026-07-13,21:30:00,21,Slot_19,Zone_B,0,Free
2026-07-13 21:30:00,2026-07-13,21:30:00,21,Slot_20,Zone_B,0,Free
2026-07-13 21:30:00,2026-07-13,21:30:00,21,Slot_21,Zone_B,1,Busy
2026-07-13 21:30:00,2026-07-13,21:30:00,21,Slot_22,Zone_B,1,Busy
2026-07-13 21:30:00,2026-07-13,21:30:00,21,Slot_23,Zone_B,0,Free
2026-07-13 21:30:00,2026-07-13,21:30:00,21,Slot_24,Zone_B,0,Free
2026-07-13 21:30:00,2026-07-13,21:30:00,21,Slot_25,Zone_B,1,Busy
2026-07-13 21:30:00,2026-07-13,21:30:00,21,Slot_26,Zone_B,0,Free
2026-07-13 21:30:00,2026-07-13,21:30:00,21,Slot_27,Zone_B,0,Free
2026-07-13 21:30:00,2026-07-13,21:30:00,21,Slot_28,Zone_B,0,Free
2026-07-13 21:30:00,2026-07-13,21:30:00,21,Slot_29,Zone_B,0,Free
2026-07-13 21:30:00,2026-07-13,21:30:00,21,Slot_30,Zone_B,1,Busy
2026-07-13 21:30:00,2026-07-13,21:30:00,21,Slot_31,Zone_C,1,Busy
2026-07-13 21:30:00,2026-07-13,21:30:00,21,Slot_32,Zone_C,0,Free
2026-07-13 21:30:00,2026-07-13,21:30:00,21,Slot_33,Zone_C,0,Free
2026-07-13 21:30:00,2026-07-13,21:30:00,21,Slot_34,Zone_C,0,Free
2026-07-13 21:30:00,2026-07-13,21:30:00,21,Slot_35,Zone_C,0,Free
2026-07-13 21:30:00,2026-07-13,21:30:00,21,Slot_36,Zone_C,0,Free
2026-07-13 21:30:00,2026-07-13,21:30:00,21,Slot_37,Zone_C,0,Free
2026-07-13 21:30:00,2026-07-13,21:30:00,21,Slot_38,Zone_C,0,Free
2026-07-13 21:30:00,2026-07-13,21:30:00,21,Slot_39,Zone_C,0,Free
2026-07-13 21:30:00,2026-07-13,21:30:00,21,Slot_40,Zone_C,0,Free
2026-07-13 21:45:00,2026-07-13,21:45:00,21,Slot_01,Zone_A,1,Busy
2026-07-13 21:45:00,2026-07-13,21:45:00,21,Slot_02,Zone_A,0,Free
2026-07-13 21:45:00,2026-07-13,21:45:00,21,Slot_03,Zone_A,1,Busy
2026-07-13 21:45:00,2026-07-13,21:45:00,21,Slot_04,Zone_A,0,Free
2026-07-13 21:45:00,2026-07-13,21:45:00,21,Slot_05,Zone_A,0,Free
2026-07-13 21:45:00,2026-07-13,21:45:00,21,Slot_06,Zone_A,0,Free
2026-07-13 21:45:00,2026-07-13,21:45:00,21,Slot_07,Zone_A,1,Busy
2026-07-13 21:45:00,2026-07-13,21:45:00,21,Slot_08,Zone_A,1,Busy
2026-07-13 21:45:00,2026-07-13,21:45:00,21,Slot_09,Zone_A,1,Busy
2026-07-13 21:45:00,2026-07-13,21:45:00,21,Slot_10,Zone_A,1,Busy
2026-07-13 21:45:00,2026-07-13,21:45:00,21,Slot_11,Zone_A,1,Busy
2026-07-13 21:45:00,2026-07-13,21:45:00,21,Slot_12,Zone_A,0,Free
2026-07-13 21:45:00,2026-07-13,21:45:00,21,Slot_13,Zone_A,0,Free
2026-07-13 21:45:00,2026-07-13,21:45:00,21,Slot_14,Zone_A,0,Free
2026-07-13 21:45:00,2026-07-13,21:45:00,21,Slot_15,Zone_A,0,Free
2026-07-13 21:45:00,2026-07-13,21:45:00,21,Slot_16,Zone_B,1,Busy
2026-07-13 21:45:00,2026-07-13,21:45:00,21,Slot_17,Zone_B,0,Free
2026-07-13 21:45:00,2026-07-13,21:45:00,21,Slot_18,Zone_B,0,Free
2026-07-13 21:45:00,2026-07-13,21:45:00,21,Slot_19,Zone_B,1,Busy
2026-07-13 21:45:00,2026-07-13,21:45:00,21,Slot_20,Zone_B,0,Free
2026-07-13 21:45:00,2026-07-13,21:45:00,21,Slot_21,Zone_B,1,Busy
2026-07-13 21:45:00,2026-07-13,21:45:00,21,Slot_22,Zone_B,0,Free
2026-07-13 21:45:00,2026-07-13,21:45:00,21,Slot_23,Zone_B,0,Free
2026-07-13 21:45:00,2026-07-13,21:45:00,21,Slot_24,Zone_B,1,Busy
2026-07-13 21:45:00,2026-07-13,21:45:00,21,Slot_25,Zone_B,0,Free
2026-07-13 21:45:00,2026-07-13,21:45:00,21,Slot_26,Zone_B,0,Free
2026-07-13 21:45:00,2026-07-13,21:45:00,21,Slot_27,Zone_B,0,Free
2026-07-13 21:45:00,2026-07-13,21:45:00,21,Slot_28,Zone_B,0,Free
2026-07-13 21:45:00,2026-07-13,21:45:00,21,Slot_29,Zone_B,0,Free
2026-07-13 21:45:00,2026-07-13,21:45:00,21,Slot_30,Zone_B,1,Busy
2026-07-13 21:45:00,2026-07-13,21:45:00,21,Slot_31,Zone_C,1,Busy
2026-07-13 21:45:00,2026-07-13,21:45:00,21,Slot_32,Zone_C,1,Busy
2026-07-13 21:45:00,2026-07-13,21:45:00,21,Slot_33,Zone_C,0,Free
2026-07-13 21:45:00,2026-07-13,21:45:00,21,Slot_34,Zone_C,0,Free
2026-07-13 21:45:00,2026-07-13,21:45:00,21,Slot_35,Zone_C,0,Free
2026-07-13 21:45:00,2026-07-13,21:45:00,21,Slot_36,Zone_C,0,Free
2026-07-13 21:45:00,2026-07-13,21:45:00,21,Slot_37,Zone_C,1,Busy
2026-07-13 21:45:00,2026-07-13,21:45:00,21,Slot_38,Zone_C,0,Free
2026-07-13 21:45:00,2026-07-13,21:45:00,21,Slot_39,Zone_C,1,Busy
2026-07-13 21:45:00,2026-07-13,21:45:00,21,Slot_40,Zone_C,1,Busy
2026-07-13 22:00:00,2026-07-13,22:00:00,22,Slot_01,Zone_A,1,Busy
2026-07-13 22:00:00,2026-07-13,22:00:00,22,Slot_02,Zone_A,1,Busy
2026-07-13 22:00:00,2026-07-13,22:00:00,22,Slot_03,Zone_A,1,Busy
2026-07-13 22:00:00,2026-07-13,22:00:00,22,Slot_04,Zone_A,1,Busy
2026-07-13 22:00:00,2026-07-13,22:00:00,22,Slot_05,Zone_A,1,Busy
2026-07-13 22:00:00,2026-07-13,22:00:00,22,Slot_06,Zone_A,1,Busy
2026-07-13 22:00:00,2026-07-13,22:00:00,22,Slot_07,Zone_A,0,Free
2026-07-13 22:00:00,2026-07-13,22:00:00,22,Slot_08,Zone_A,0,Free
2026-07-13 22:00:00,2026-07-13,22:00:00,22,Slot_09,Zone_A,0,Free
2026-07-13 22:00:00,2026-07-13,22:00:00,22,Slot_10,Zone_A,1,Busy
2026-07-13 22:00:00,2026-07-13,22:00:00,22,Slot_11,Zone_A,1,Busy
2026-07-13 22:00:00,2026-07-13,22:00:00,22,Slot_12,Zone_A,0,Free
2026-07-13 22:00:00,2026-07-13,22:00:00,22,Slot_13,Zone_A,1,Busy
2026-07-13 22:00:00,2026-07-13,22:00:00,22,Slot_14,Zone_A,1,Busy
2026-07-13 22:00:00,2026-07-13,22:00:00,22,Slot_15,Zone_A,1,Busy
2026-07-13 22:00:00,2026-07-13,22:00:00,22,Slot_16,Zone_B,1,Busy
2026-07-13 22:00:00,2026-07-13,22:00:00,22,Slot_17,Zone_B,1,Busy
2026-07-13 22:00:00,2026-07-13,22:00:00,22,Slot_18,Zone_B,1,Busy
2026-07-13 22:00:00,2026-07-13,22:00:00,22,Slot_19,Zone_B,0,Free
2026-07-13 22:00:00,2026-07-13,22:00:00,22,Slot_20,Zone_B,1,Busy
2026-07-13 22:00:00,2026-07-13,22:00:00,22,Slot_21,Zone_B,1,Busy
2026-07-13 22:00:00,2026-07-13,22:00:00,22,Slot_22,Zone_B,0,Free
2026-07-13 22:00:00,2026-07-13,22:00:00,22,Slot_23,Zone_B,1,Busy
2026-07-13 22:00:00,2026-07-13,22:00:00,22,Slot_24,Zone_B,1,Busy
2026-07-13 22:00:00,2026-07-13,22:00:00,22,Slot_25,Zone_B,0,Free
2026-07-13 22:00:00,2026-07-13,22:00:00,22,Slot_26,Zone_B,1,Busy
2026-07-13 22:00:00,2026-07-13,22:00:00,22,Slot_27,Zone_B,1,Busy
2026-07-13 22:00:00,2026-07-13,22:00:00,22,Slot_28,Zone_B,0,Free
2026-07-13 22:00:00,2026-07-13,22:00:00,22,Slot_29,Zone_B,1,Busy
2026-07-13 22:00:00,2026-07-13,22:00:00,22,Slot_30,Zone_B,0,Free
2026-07-13 22:00:00,2026-07-13,22:00:00,22,Slot_31,Zone_C,0,Free
2026-07-13 22:00:00,2026-07-13,22:00:00,22,Slot_32,Zone_C,1,Busy
2026-07-13 22:00:00,2026-07-13,22:00:00,22,Slot_33,Zone_C,0,Free
2026-07-13 22:00:00,2026-07-13,22:00:00,22,Slot_34,Zone_C,0,Free
2026-07-13 22:00:00,2026-07-13,22:00:00,22,Slot_35,Zone_C,1,Busy
2026-07-13 22:00:00,2026-07-13,22:00:00,22,Slot_36,Zone_C,0,Free
2026-07-13 22:00:00,2026-07-13,22:00:00,22,Slot_37,Zone_C,1,Busy
2026-07-13 22:00:00,2026-07-13,22:00:00,22,Slot_38,Zone_C,0,Free
2026-07-13 22:00:00,2026-07-13,22:00:00,22,Slot_39,Zone_C,1,Busy
2026-07-13 22:00:00,2026-07-13,22:00:00,22,Slot_40,Zone_C,0,Free
2026-07-13 22:15:00,2026-07-13,22:15:00,22,Slot_01,Zone_A,1,Busy
2026-07-13 22:15:00,2026-07-13,22:15:00,22,Slot_02,Zone_A,0,Free
2026-07-13 22:15:00,2026-07-13,22:15:00,22,Slot_03,Zone_A,1,Busy
2026-07-13 22:15:00,2026-07-13,22:15:00,22,Slot_04,Zone_A,1,Busy
2026-07-13 22:15:00,2026-07-13,22:15:00,22,Slot_05,Zone_A,1,Busy
2026-07-13 22:15:00,2026-07-13,22:15:00,22,Slot_06,Zone_A,0,Free
2026-07-13 22:15:00,2026-07-13,22:15:00,22,Slot_07,Zone_A,0,Free
2026-07-13 22:15:00,2026-07-13,22:15:00,22,Slot_08,Zone_A,0,Free
2026-07-13 22:15:00,2026-07-13,22:15:00,22,Slot_09,Zone_A,0,Free
2026-07-13 22:15:00,2026-07-13,22:15:00,22,Slot_10,Zone_A,0,Free
2026-07-13 22:15:00,2026-07-13,22:15:00,22,Slot_11,Zone_A,1,Busy
2026-07-13 22:15:00,2026-07-13,22:15:00,22,Slot_12,Zone_A,1,Busy
2026-07-13 22:15:00,2026-07-13,22:15:00,22,Slot_13,Zone_A,0,Free
2026-07-13 22:15:00,2026-07-13,22:15:00,22,Slot_14,Zone_A,0,Free
2026-07-13 22:15:00,2026-07-13,22:15:00,22,Slot_15,Zone_A,0,Free
2026-07-13 22:15:00,2026-07-13,22:15:00,22,Slot_16,Zone_B,1,Busy
2026-07-13 22:15:00,2026-07-13,22:15:00,22,Slot_17,Zone_B,1,Busy
2026-07-13 22:15:00,2026-07-13,22:15:00,22,Slot_18,Zone_B,0,Free
2026-07-13 22:15:00,2026-07-13,22:15:00,22,Slot_19,Zone_B,0,Free
2026-07-13 22:15:00,2026-07-13,22:15:00,22,Slot_20,Zone_B,0,Free
2026-07-13 22:15:00,2026-07-13,22:15:00,22,Slot_21,Zone_B,0,Free
2026-07-13 22:15:00,2026-07-13,22:15:00,22,Slot_22,Zone_B,0,Free
2026-07-13 22:15:00,2026-07-13,22:15:00,22,Slot_23,Zone_B,1,Busy
2026-07-13 22:15:00,2026-07-13,22:15:00,22,Slot_24,Zone_B,0,Free
2026-07-13 22:15:00,2026-07-13,22:15:00,22,Slot_25,Zone_B,1,Busy
2026-07-13 22:15:00,2026-07-13,22:15:00,22,Slot_26,Zone_B,1,Busy
2026-07-13 22:15:00,2026-07-13,22:15:00,22,Slot_27,Zone_B,0,Free
2026-07-13 22:15:00,2026-07-13,22:15:00,22,Slot_28,Zone_B,0,Free
2026-07-13 22:15:00,2026-07-13,22:15:00,22,Slot_29,Zone_B,1,Busy
2026-07-13 22:15:00,2026-07-13,22:15:00,22,Slot_30,Zone_B,1,Busy
2026-07-13 22:15:00,2026-07-13,22:15:00,22,Slot_31,Zone_C,0,Free
2026-07-13 22:15:00,2026-07-13,22:15:00,22,Slot_32,Zone_C,1,Busy
2026-07-13 22:15:00,2026-07-13,22:15:00,22,Slot_33,Zone_C,0,Free
2026-07-13 22:15:00,2026-07-13,22:15:00,22,Slot_34,Zone_C,0,Free
2026-07-13 22:15:00,2026-07-13,22:15:00,22,Slot_35,Zone_C,0,Free
2026-07-13 22:15:00,2026-07-13,22:15:00,22,Slot_36,Zone_C,0,Free
2026-07-13 22:15:00,2026-07-13,22:15:00,22,Slot_37,Zone_C,1,Busy
2026-07-13 22:15:00,2026-07-13,22:15:00,22,Slot_38,Zone_C,0,Free
2026-07-13 22:15:00,2026-07-13,22:15:00,22,Slot_39,Zone_C,0,Free
2026-07-13 22:15:00,2026-07-13,22:15:00,22,Slot_40,Zone_C,0,Free
2026-07-13 22:30:00,2026-07-13,22:30:00,22,Slot_01,Zone_A,1,Busy
2026-07-13 22:30:00,2026-07-13,22:30:00,22,Slot_02,Zone_A,0,Free
2026-07-13 22:30:00,2026-07-13,22:30:00,22,Slot_03,Zone_A,1,Busy
2026-07-13 22:30:00,2026-07-13,22:30:00,22,Slot_04,Zone_A,1,Busy
2026-07-13 22:30:00,2026-07-13,22:30:00,22,Slot_05,Zone_A,1,Busy
2026-07-13 22:30:00,2026-07-13,22:30:00,22,Slot_06,Zone_A,1,Busy
2026-07-13 22:30:00,2026-07-13,22:30:00,22,Slot_07,Zone_A,0,Free
2026-07-13 22:30:00,2026-07-13,22:30:00,22,Slot_08,Zone_A,1,Busy
2026-07-13 22:30:00,2026-07-13,22:30:00,22,Slot_09,Zone_A,0,Free
2026-07-13 22:30:00,2026-07-13,22:30:00,22,Slot_10,Zone_A,0,Free
2026-07-13 22:30:00,2026-07-13,22:30:00,22,Slot_11,Zone_A,0,Free
2026-07-13 22:30:00,2026-07-13,22:30:00,22,Slot_12,Zone_A,1,Busy
2026-07-13 22:30:00,2026-07-13,22:30:00,22,Slot_13,Zone_A,1,Busy
2026-07-13 22:30:00,2026-07-13,22:30:00,22,Slot_14,Zone_A,0,Free
2026-07-13 22:30:00,2026-07-13,22:30:00,22,Slot_15,Zone_A,1,Busy
2026-07-13 22:30:00,2026-07-13,22:30:00,22,Slot_16,Zone_B,1,Busy
2026-07-13 22:30:00,2026-07-13,22:30:00,22,Slot_17,Zone_B,0,Free
2026-07-13 22:30:00,2026-07-13,22:30:00,22,Slot_18,Zone_B,0,Free
2026-07-13 22:30:00,2026-07-13,22:30:00,22,Slot_19,Zone_B,0,Free
2026-07-13 22:30:00,2026-07-13,22:30:00,22,Slot_20,Zone_B,1,Busy
2026-07-13 22:30:00,2026-07-13,22:30:00,22,Slot_21,Zone_B,0,Free
2026-07-13 22:30:00,2026-07-13,22:30:00,22,Slot_22,Zone_B,1,Busy
2026-07-13 22:30:00,2026-07-13,22:30:00,22,Slot_23,Zone_B,1,Busy
2026-07-13 22:30:00,2026-07-13,22:30:00,22,Slot_24,Zone_B,0,Free
2026-07-13 22:30:00,2026-07-13,22:30:00,22,Slot_25,Zone_B,1,Busy
2026-07-13 22:30:00,2026-07-13,22:30:00,22,Slot_26,Zone_B,1,Busy
2026-07-13 22:30:00,2026-07-13,22:30:00,22,Slot_27,Zone_B,1,Busy
2026-07-13 22:30:00,2026-07-13,22:30:00,22,Slot_28,Zone_B,0,Free
2026-07-13 22:30:00,2026-07-13,22:30:00,22,Slot_29,Zone_B,0,Free
2026-07-13 22:30:00,2026-07-13,22:30:00,22,Slot_30,Zone_B,0,Free
2026-07-13 22:30:00,2026-07-13,22:30:00,22,Slot_31,Zone_C,0,Free
2026-07-13 22:30:00,2026-07-13,22:30:00,22,Slot_32,Zone_C,1,Busy
2026-07-13 22:30:00,2026-07-13,22:30:00,22,Slot_33,Zone_C,0,Free
2026-07-13 22:30:00,2026-07-13,22:30:00,22,Slot_34,Zone_C,0,Free
2026-07-13 22:30:00,2026-07-13,22:30:00,22,Slot_35,Zone_C,1,Busy
2026-07-13 22:30:00,2026-07-13,22:30:00,22,Slot_36,Zone_C,0,Free
2026-07-13 22:30:00,2026-07-13,22:30:00,22,Slot_37,Zone_C,0,Free
2026-07-13 22:30:00,2026-07-13,22:30:00,22,Slot_38,Zone_C,1,Busy
2026-07-13 22:30:00,2026-07-13,22:30:00,22,Slot_39,Zone_C,1,Busy
2026-07-13 22:30:00,2026-07-13,22:30:00,22,Slot_40,Zone_C,1,Busy
2026-07-13 22:45:00,2026-07-13,22:45:00,22,Slot_01,Zone_A,1,Busy
2026-07-13 22:45:00,2026-07-13,22:45:00,22,Slot_02,Zone_A,0,Free
2026-07-13 22:45:00,2026-07-13,22:45:00,22,Slot_03,Zone_A,1,Busy
2026-07-13 22:45:00,2026-07-13,22:45:00,22,Slot_04,Zone_A,1,Busy
2026-07-13 22:45:00,2026-07-13,22:45:00,22,Slot_05,Zone_A,0,Free
2026-07-13 22:45:00,2026-07-13,22:45:00,22,Slot_06,Zone_A,1,Busy
2026-07-13 22:45:00,2026-07-13,22:45:00,22,Slot_07,Zone_A,1,Busy
2026-07-13 22:45:00,2026-07-13,22:45:00,22,Slot_08,Zone_A,1,Busy
2026-07-13 22:45:00,2026-07-13,22:45:00,22,Slot_09,Zone_A,0,Free
2026-07-13 22:45:00,2026-07-13,22:45:00,22,Slot_10,Zone_A,0,Free
2026-07-13 22:45:00,2026-07-13,22:45:00,22,Slot_11,Zone_A,0,Free
2026-07-13 22:45:00,2026-07-13,22:45:00,22,Slot_12,Zone_A,1,Busy
2026-07-13 22:45:00,2026-07-13,22:45:00,22,Slot_13,Zone_A,0,Free
2026-07-13 22:45:00,2026-07-13,22:45:00,22,Slot_14,Zone_A,1,Busy
2026-07-13 22:45:00,2026-07-13,22:45:00,22,Slot_15,Zone_A,1,Busy
2026-07-13 22:45:00,2026-07-13,22:45:00,22,Slot_16,Zone_B,1,Busy
2026-07-13 22:45:00,2026-07-13,22:45:00,22,Slot_17,Zone_B,1,Busy
2026-07-13 22:45:00,2026-07-13,22:45:00,22,Slot_18,Zone_B,0,Free
2026-07-13 22:45:00,2026-07-13,22:45:00,22,Slot_19,Zone_B,0,Free
2026-07-13 22:45:00,2026-07-13,22:45:00,22,Slot_20,Zone_B,0,Free
2026-07-13 22:45:00,2026-07-13,22:45:00,22,Slot_21,Zone_B,0,Free
2026-07-13 22:45:00,2026-07-13,22:45:00,22,Slot_22,Zone_B,0,Free
2026-07-13 22:45:00,2026-07-13,22:45:00,22,Slot_23,Zone_B,1,Busy
2026-07-13 22:45:00,2026-07-13,22:45:00,22,Slot_24,Zone_B,1,Busy
2026-07-13 22:45:00,2026-07-13,22:45:00,22,Slot_25,Zone_B,0,Free
2026-07-13 22:45:00,2026-07-13,22:45:00,22,Slot_26,Zone_B,1,Busy
2026-07-13 22:45:00,2026-07-13,22:45:00,22,Slot_27,Zone_B,0,Free
2026-07-13 22:45:00,2026-07-13,22:45:00,22,Slot_28,Zone_B,1,Busy
2026-07-13 22:45:00,2026-07-13,22:45:00,22,Slot_29,Zone_B,1,Busy
2026-07-13 22:45:00,2026-07-13,22:45:00,22,Slot_30,Zone_B,1,Busy
2026-07-13 22:45:00,2026-07-13,22:45:00,22,Slot_31,Zone_C,1,Busy
2026-07-13 22:45:00,2026-07-13,22:45:00,22,Slot_32,Zone_C,1,Busy
2026-07-13 22:45:00,2026-07-13,22:45:00,22,Slot_33,Zone_C,0,Free
2026-07-13 22:45:00,2026-07-13,22:45:00,22,Slot_34,Zone_C,1,Busy
2026-07-13 22:45:00,2026-07-13,22:45:00,22,Slot_35,Zone_C,0,Free
2026-07-13 22:45:00,2026-07-13,22:45:00,22,Slot_36,Zone_C,1,Busy
2026-07-13 22:45:00,2026-07-13,22:45:00,22,Slot_37,Zone_C,1,Busy
2026-07-13 22:45:00,2026-07-13,22:45:00,22,Slot_38,Zone_C,0,Free
2026-07-13 22:45:00,2026-07-13,22:45:00,22,Slot_39,Zone_C,0,Free
2026-07-13 22:45:00,2026-07-13,22:45:00,22,Slot_40,Zone_C,0,Free
2026-07-13 23:00:00,2026-07-13,23:00:00,23,Slot_01,Zone_A,0,Free
2026-07-13 23:00:00,2026-07-13,23:00:00,23,Slot_02,Zone_A,1,Busy
2026-07-13 23:00:00,2026-07-13,23:00:00,23,Slot_03,Zone_A,0,Free
2026-07-13 23:00:00,2026-07-13,23:00:00,23,Slot_04,Zone_A,1,Busy
2026-07-13 23:00:00,2026-07-13,23:00:00,23,Slot_05,Zone_A,0,Free
2026-07-13 23:00:00,2026-07-13,23:00:00,23,Slot_06,Zone_A,0,Free
2026-07-13 23:00:00,2026-07-13,23:00:00,23,Slot_07,Zone_A,0,Free
2026-07-13 23:00:00,2026-07-13,23:00:00,23,Slot_08,Zone_A,1,Busy
2026-07-13 23:00:00,2026-07-13,23:00:00,23,Slot_09,Zone_A,1,Busy
2026-07-13 23:00:00,2026-07-13,23:00:00,23,Slot_10,Zone_A,1,Busy
2026-07-13 23:00:00,2026-07-13,23:00:00,23,Slot_11,Zone_A,0,Free
2026-07-13 23:00:00,2026-07-13,23:00:00,23,Slot_12,Zone_A,1,Busy
2026-07-13 23:00:00,2026-07-13,23:00:00,23,Slot_13,Zone_A,0,Free
2026-07-13 23:00:00,2026-07-13,23:00:00,23,Slot_14,Zone_A,1,Busy
2026-07-13 23:00:00,2026-07-13,23:00:00,23,Slot_15,Zone_A,1,Busy
2026-07-13 23:00:00,2026-07-13,23:00:00,23,Slot_16,Zone_B,1,Busy
2026-07-13 23:00:00,2026-07-13,23:00:00,23,Slot_17,Zone_B,0,Free
2026-07-13 23:00:00,2026-07-13,23:00:00,23,Slot_18,Zone_B,0,Free
2026-07-13 23:00:00,2026-07-13,23:00:00,23,Slot_19,Zone_B,0,Free
2026-07-13 23:00:00,2026-07-13,23:00:00,23,Slot_20,Zone_B,1,Busy
2026-07-13 23:00:00,2026-07-13,23:00:00,23,Slot_21,Zone_B,0,Free
2026-07-13 23:00:00,2026-07-13,23:00:00,23,Slot_22,Zone_B,0,Free
2026-07-13 23:00:00,2026-07-13,23:00:00,23,Slot_23,Zone_B,1,Busy
2026-07-13 23:00:00,2026-07-13,23:00:00,23,Slot_24,Zone_B,0,Free
2026-07-13 23:00:00,2026-07-13,23:00:00,23,Slot_25,Zone_B,0,Free
2026-07-13 23:00:00,2026-07-13,23:00:00,23,Slot_26,Zone_B,0,Free
2026-07-13 23:00:00,2026-07-13,23:00:00,23,Slot_27,Zone_B,0,Free
2026-07-13 23:00:00,2026-07-13,23:00:00,23,Slot_28,Zone_B,1,Busy
2026-07-13 23:00:00,2026-07-13,23:00:00,23,Slot_29,Zone_B,1,Busy
2026-07-13 23:00:00,2026-07-13,23:00:00,23,Slot_30,Zone_B,0,Free
2026-07-13 23:00:00,2026-07-13,23:00:00,23,Slot_31,Zone_C,1,Busy
2026-07-13 23:00:00,2026-07-13,23:00:00,23,Slot_32,Zone_C,0,Free
2026-07-13 23:00:00,2026-07-13,23:00:00,23,Slot_33,Zone_C,0,Free
2026-07-13 23:00:00,2026-07-13,23:00:00,23,Slot_34,Zone_C,0,Free
2026-07-13 23:00:00,2026-07-13,23:00:00,23,Slot_35,Zone_C,0,Free
2026-07-13 23:00:00,2026-07-13,23:00:00,23,Slot_36,Zone_C,1,Busy
2026-07-13 23:00:00,2026-07-13,23:00:00,23,Slot_37,Zone_C,1,Busy
2026-07-13 23:00:00,2026-07-13,23:00:00,23,Slot_38,Zone_C,1,Busy
2026-07-13 23:00:00,2026-07-13,23:00:00,23,Slot_39,Zone_C,0,Free
2026-07-13 23:00:00,2026-07-13,23:00:00,23,Slot_40,Zone_C,1,Busy
2026-07-13 23:15:00,2026-07-13,23:15:00,23,Slot_01,Zone_A,1,Busy
2026-07-13 23:15:00,2026-07-13,23:15:00,23,Slot_02,Zone_A,0,Free
2026-07-13 23:15:00,2026-07-13,23:15:00,23,Slot_03,Zone_A,0,Free
2026-07-13 23:15:00,2026-07-13,23:15:00,23,Slot_04,Zone_A,1,Busy
2026-07-13 23:15:00,2026-07-13,23:15:00,23,Slot_05,Zone_A,1,Busy
2026-07-13 23:15:00,2026-07-13,23:15:00,23,Slot_06,Zone_A,0,Free
2026-07-13 23:15:00,2026-07-13,23:15:00,23,Slot_07,Zone_A,1,Busy
2026-07-13 23:15:00,2026-07-13,23:15:00,23,Slot_08,Zone_A,1,Busy
2026-07-13 23:15:00,2026-07-13,23:15:00,23,Slot_09,Zone_A,1,Busy
2026-07-13 23:15:00,2026-07-13,23:15:00,23,Slot_10,Zone_A,0,Free
2026-07-13 23:15:00,2026-07-13,23:15:00,23,Slot_11,Zone_A,1,Busy
2026-07-13 23:15:00,2026-07-13,23:15:00,23,Slot_12,Zone_A,0,Free
2026-07-13 23:15:00,2026-07-13,23:15:00,23,Slot_13,Zone_A,1,Busy
2026-07-13 23:15:00,2026-07-13,23:15:00,23,Slot_14,Zone_A,1,Busy
2026-07-13 23:15:00,2026-07-13,23:15:00,23,Slot_15,Zone_A,1,Busy
2026-07-13 23:15:00,2026-07-13,23:15:00,23,Slot_16,Zone_B,0,Free
2026-07-13 23:15:00,2026-07-13,23:15:00,23,Slot_17,Zone_B,0,Free
2026-07-13 23:15:00,2026-07-13,23:15:00,23,Slot_18,Zone_B,0,Free
2026-07-13 23:15:00,2026-07-13,23:15:00,23,Slot_19,Zone_B,0,Free
2026-07-13 23:15:00,2026-07-13,23:15:00,23,Slot_20,Zone_B,0,Free
2026-07-13 23:15:00,2026-07-13,23:15:00,23,Slot_21,Zone_B,0,Free
2026-07-13 23:15:00,2026-07-13,23:15:00,23,Slot_22,Zone_B,0,Free
2026-07-13 23:15:00,2026-07-13,23:15:00,23,Slot_23,Zone_B,0,Free
2026-07-13 23:15:00,2026-07-13,23:15:00,23,Slot_24,Zone_B,1,Busy
2026-07-13 23:15:00,2026-07-13,23:15:00,23,Slot_25,Zone_B,1,Busy
2026-07-13 23:15:00,2026-07-13,23:15:00,23,Slot_26,Zone_B,1,Busy
2026-07-13 23:15:00,2026-07-13,23:15:00,23,Slot_27,Zone_B,0,Free
2026-07-13 23:15:00,2026-07-13,23:15:00,23,Slot_28,Zone_B,1,Busy
2026-07-13 23:15:00,2026-07-13,23:15:00,23,Slot_29,Zone_B,1,Busy
2026-07-13 23:15:00,2026-07-13,23:15:00,23,Slot_30,Zone_B,0,Free
2026-07-13 23:15:00,2026-07-13,23:15:00,23,Slot_31,Zone_C,0,Free
2026-07-13 23:15:00,2026-07-13,23:15:00,23,Slot_32,Zone_C,0,Free
2026-07-13 23:15:00,2026-07-13,23:15:00,23,Slot_33,Zone_C,1,Busy
2026-07-13 23:15:00,2026-07-13,23:15:00,23,Slot_34,Zone_C,0,Free
2026-07-13 23:15:00,2026-07-13,23:15:00,23,Slot_35,Zone_C,1,Busy
2026-07-13 23:15:00,2026-07-13,23:15:00,23,Slot_36,Zone_C,1,Busy
2026-07-13 23:15:00,2026-07-13,23:15:00,23,Slot_37,Zone_C,1,Busy
2026-07-13 23:15:00,2026-07-13,23:15:00,23,Slot_38,Zone_C,1,Busy
2026-07-13 23:15:00,2026-07-13,23:15:00,23,Slot_39,Zone_C,0,Free
2026-07-13 23:15:00,2026-07-13,23:15:00,23,Slot_40,Zone_C,0,Free
2026-07-13 23:30:00,2026-07-13,23:30:00,23,Slot_01,Zone_A,1,Busy
2026-07-13 23:30:00,2026-07-13,23:30:00,23,Slot_02,Zone_A,0,Free
2026-07-13 23:30:00,2026-07-13,23:30:00,23,Slot_03,Zone_A,1,Busy
2026-07-13 23:30:00,2026-07-13,23:30:00,23,Slot_04,Zone_A,1,Busy
2026-07-13 23:30:00,2026-07-13,23:30:00,23,Slot_05,Zone_A,1,Busy
2026-07-13 23:30:00,2026-07-13,23:30:00,23,Slot_06,Zone_A,1,Busy
2026-07-13 23:30:00,2026-07-13,23:30:00,23,Slot_07,Zone_A,0,Free
2026-07-13 23:30:00,2026-07-13,23:30:00,23,Slot_08,Zone_A,1,Busy
2026-07-13 23:30:00,2026-07-13,23:30:00,23,Slot_09,Zone_A,1,Busy
2026-07-13 23:30:00,2026-07-13,23:30:00,23,Slot_10,Zone_A,1,Busy
2026-07-13 23:30:00,2026-07-13,23:30:00,23,Slot_11,Zone_A,1,Busy
2026-07-13 23:30:00,2026-07-13,23:30:00,23,Slot_12,Zone_A,0,Free
2026-07-13 23:30:00,2026-07-13,23:30:00,23,Slot_13,Zone_A,1,Busy
2026-07-13 23:30:00,2026-07-13,23:30:00,23,Slot_14,Zone_A,0,Free
2026-07-13 23:30:00,2026-07-13,23:30:00,23,Slot_15,Zone_A,0,Free
2026-07-13 23:30:00,2026-07-13,23:30:00,23,Slot_16,Zone_B,0,Free
2026-07-13 23:30:00,2026-07-13,23:30:00,23,Slot_17,Zone_B,0,Free
2026-07-13 23:30:00,2026-07-13,23:30:00,23,Slot_18,Zone_B,0,Free
2026-07-13 23:30:00,2026-07-13,23:30:00,23,Slot_19,Zone_B,0,Free
2026-07-13 23:30:00,2026-07-13,23:30:00,23,Slot_20,Zone_B,0,Free
2026-07-13 23:30:00,2026-07-13,23:30:00,23,Slot_21,Zone_B,1,Busy
2026-07-13 23:30:00,2026-07-13,23:30:00,23,Slot_22,Zone_B,1,Busy
2026-07-13 23:30:00,2026-07-13,23:30:00,23,Slot_23,Zone_B,1,Busy
2026-07-13 23:30:00,2026-07-13,23:30:00,23,Slot_24,Zone_B,0,Free
2026-07-13 23:30:00,2026-07-13,23:30:00,23,Slot_25,Zone_B,0,Free
2026-07-13 23:30:00,2026-07-13,23:30:00,23,Slot_26,Zone_B,1,Busy
2026-07-13 23:30:00,2026-07-13,23:30:00,23,Slot_27,Zone_B,0,Free
2026-07-13 23:30:00,2026-07-13,23:30:00,23,Slot_28,Zone_B,0,Free
2026-07-13 23:30:00,2026-07-13,23:30:00,23,Slot_29,Zone_B,1,Busy
2026-07-13 23:30:00,2026-07-13,23:30:00,23,Slot_30,Zone_B,0,Free
2026-07-13 23:30:00,2026-07-13,23:30:00,23,Slot_31,Zone_C,1,Busy
2026-07-13 23:30:00,2026-07-13,23:30:00,23,Slot_32,Zone_C,1,Busy
2026-07-13 23:30:00,2026-07-13,23:30:00,23,Slot_33,Zone_C,0,Free
2026-07-13 23:30:00,2026-07-13,23:30:00,23,Slot_34,Zone_C,0,Free
2026-07-13 23:30:00,2026-07-13,23:30:00,23,Slot_35,Zone_C,1,Busy
2026-07-13 23:30:00,2026-07-13,23:30:00,23,Slot_36,Zone_C,0,Free
2026-07-13 23:30:00,2026-07-13,23:30:00,23,Slot_37,Zone_C,0,Free
2026-07-13 23:30:00,2026-07-13,23:30:00,23,Slot_38,Zone_C,1,Busy
2026-07-13 23:30:00,2026-07-13,23:30:00,23,Slot_39,Zone_C,1,Busy
2026-07-13 23:30:00,2026-07-13,23:30:00,23,Slot_40,Zone_C,0,Free
2026-07-13 23:45:00,2026-07-13,23:45:00,23,Slot_01,Zone_A,1,Busy
2026-07-13 23:45:00,2026-07-13,23:45:00,23,Slot_02,Zone_A,0,Free
2026-07-13 23:45:00,2026-07-13,23:45:00,23,Slot_03,Zone_A,0,Free
2026-07-13 23:45:00,2026-07-13,23:45:00,23,Slot_04,Zone_A,0,Free
2026-07-13 23:45:00,2026-07-13,23:45:00,23,Slot_05,Zone_A,1,Busy
2026-07-13 23:45:00,2026-07-13,23:45:00,23,Slot_06,Zone_A,0,Free
2026-07-13 23:45:00,2026-07-13,23:45:00,23,Slot_07,Zone_A,1,Busy
2026-07-13 23:45:00,2026-07-13,23:45:00,23,Slot_08,Zone_A,1,Busy
2026-07-13 23:45:00,2026-07-13,23:45:00,23,Slot_09,Zone_A,1,Busy
2026-07-13 23:45:00,2026-07-13,23:45:00,23,Slot_10,Zone_A,1,Busy
2026-07-13 23:45:00,2026-07-13,23:45:00,23,Slot_11,Zone_A,0,Free
2026-07-13 23:45:00,2026-07-13,23:45:00,23,Slot_12,Zone_A,1,Busy
2026-07-13 23:45:00,2026-07-13,23:45:00,23,Slot_13,Zone_A,1,Busy
2026-07-13 23:45:00,2026-07-13,23:45:00,23,Slot_14,Zone_A,0,Free
2026-07-13 23:45:00,2026-07-13,23:45:00,23,Slot_15,Zone_A,1,Busy
2026-07-13 23:45:00,2026-07-13,23:45:00,23,Slot_16,Zone_B,0,Free
2026-07-13 23:45:00,2026-07-13,23:45:00,23,Slot_17,Zone_B,1,Busy
2026-07-13 23:45:00,2026-07-13,23:45:00,23,Slot_18,Zone_B,0,Free
2026-07-13 23:45:00,2026-07-13,23:45:00,23,Slot_19,Zone_B,0,Free
2026-07-13 23:45:00,2026-07-13,23:45:00,23,Slot_20,Zone_B,0,Free
2026-07-13 23:45:00,2026-07-13,23:45:00,23,Slot_21,Zone_B,1,Busy
2026-07-13 23:45:00,2026-07-13,23:45:00,23,Slot_22,Zone_B,1,Busy
2026-07-13 23:45:00,2026-07-13,23:45:00,23,Slot_23,Zone_B,0,Free
2026-07-13 23:45:00,2026-07-13,23:45:00,23,Slot_24,Zone_B,1,Busy
2026-07-13 23:45:00,2026-07-13,23:45:00,23,Slot_25,Zone_B,1,Busy
2026-07-13 23:45:00,2026-07-13,23:45:00,23,Slot_26,Zone_B,1,Busy
2026-07-13 23:45:00,2026-07-13,23:45:00,23,Slot_27,Zone_B,0,Free
2026-07-13 23:45:00,2026-07-13,23:45:00,23,Slot_28,Zone_B,0,Free
2026-07-13 23:45:00,2026-07-13,23:45:00,23,Slot_29,Zone_B,0,Free
2026-07-13 23:45:00,2026-07-13,23:45:00,23,Slot_30,Zone_B,1,Busy
2026-07-13 23:45:00,2026-07-13,23:45:00,23,Slot_31,Zone_C,0,Free
2026-07-13 23:45:00,2026-07-13,23:45:00,23,Slot_32,Zone_C,0,Free
2026-07-13 23:45:00,2026-07-13,23:45:00,23,Slot_33,Zone_C,0,Free
2026-07-13 23:45:00,2026-07-13,23:45:00,23,Slot_34,Zone_C,0,Free
2026-07-13 23:45:00,2026-07-13,23:45:00,23,Slot_35,Zone_C,0,Free
2026-07-13 23:45:00,2026-07-13,23:45:00,23,Slot_36,Zone_C,1,Busy
2026-07-13 23:45:00,2026-07-13,23:45:00,23,Slot_37,Zone_C,0,Free
2026-07-13 23:45:00,2026-07-13,23:45:00,23,Slot_38,Zone_C,1,Busy
2026-07-13 23:45:00,2026-07-13,23:45:00,23,Slot_39,Zone_C,0,Free
2026-07-13 23:45:00,2026-07-13,23:45:00,23,Slot_40,Zone_C,0,Free
